product_id,url,product_name,brand,price,tier,weight_g,length_mm,width_mm,height_mm,feet_material,sensor_model,max_dpi,max_ips,max_acceleration_g,max_polling_rate,switch_type,connectivity,battery_max_hours,charging_port,is_rechargeable,button_count,is_gaming,hand_orientation,avg_rating,total_reviews,key_pros,key_cons,has_rgb,color,is_silent,switch_brand,has_multi_pairing,grip_type,housing_design,reviews
28618379,https://prod.danawa.com/info/?pcode=28618379&cate=112787,아이티플러스 스마트 옵티컬,아이티플러스,1290,C_reviews_only,,93,,93,,33mm,,,,,,,,,,,N,,4.33,18,가성비,"10분 이상 사용 안 하고 있으면 마우스 작동이 다운됩니다.1개 정도만 그런 줄 알았는데,다른 걸 개봉해서 사용해 봐도 그렇네요.다운 되면, 다시 뺐다 꽂아야 작동됩니다.참고하셔서,이 제품 자주 구매하는데,이번에 걸린 불량 종류는 많이 아쉽습니다.저가라서 오래 사용까지는 안 바래도작동이 다운되는 마우스는 또 처음 걸려봐요.다시 꽂으면 작동 됩니다. 참고.",N,,N,,N,,,"[긍정] 3-4개 중 하나만 제대로 작동되어도 가성비가 좋습니다. 이제 작은 게 익숙해져서 이보다 큰 건 불편하고 어색하네요. [부정] 10분 이상 사용 안 하고 있으면 마우스 작동이 다운됩니다.1개 정도만 그런 줄 알았는데,다른 걸 개봉해서 사용해 봐도 그렇네요.다운 되면, 다시 뺐다 꽂아야 작동됩니다.참고하셔서 구매하세요.그것 빼고는 다른 작동엔 고만 고만 해요.손이 작은 편이라 이 마우스를 선호하는데,이번엔 이런 불량이 걸렸어요."
18575588,https://prod.danawa.com/info/?pcode=18575588&cate=112787,TGIC TGC-M100,TGIC,1370,C_reviews_only,,105,,30,,,,,,,,,,,,,N,,4.75,4,,,N,,N,,N,,,[긍정] 필요하다며 주문해 달래서 구매했어요.
13902005,https://prod.danawa.com/info/?pcode=13902005&cate=112787,대진씨앤엠 AM-1500 광마우스,대진씨앤엠,1400,C_reviews_only,,105,,30,,,,1500,,,,유선,,,,,N,,4.75,12,가성비,,N,,N,,Y,,,[긍정] 노트북용으로 작은걸 원했는데딱 찾던 사이즈기존 마우스도 작았는데더 작고 아담하네요가성비 짱니다.
76508036,https://prod.danawa.com/info/?pcode=76508036&cate=112787,강원전자 NETmate NM-MS04,강원전자,1800,C_reviews_only,,96.5,,96.5,,,,,,,기계식,유선,,,,,N,오른손잡이용,4.6,5,"무선안정성,가성비",,N,,N,,Y,,,[긍정] 유선 미니마우스를 찾고있었는데 저렴해도 품질은 나쁘지 않아요 가성비 좋고요 왠만한 무선마우스 보다 좋아요
15985865,https://prod.danawa.com/info/?pcode=15985865&cate=112787,QNIX QM-5000 유선 마우스,QNIX,1860,C_reviews_only,,100,,35,,,,,,,기계식,유선,,,,2,N,오른손잡이용,4.51,98,"배터리,디자인,가성비","손가락에 힘이 들어갈 정도로 뻑뻑하며 유연하지 않고 고가 저소음만 쓰다보니 시끄러운 소음에 쓸 수 없음 2개나 샀는데 난감함,구매하고 사용한지 이틀만에 고장싼게 비지떡이라지만...추천 안합니다.다이소에서 다른 제품 구매해서 잘 사용하고 있습니다.,마우스 사용시 플라스틱 타는 냄새가 많이 나고 손에도 냄새가 납니다.",N,,N,,N,,,[긍정] 이번에 제가 QNIX QM-5000 3버튼 노트북 PC USB 유선마우스를 주문 구입 신청을 하게 된 이유가 있다면 저희 가족들의 불편함을 해결하기 위해 그래서 그러한 결정을 내리게 됐습니다. 그 이전에 저희 집에서 사용하고 있던 마우스 버튼에대한 이상 조짐을 통한 문제의 원인은 바로 제대로 해결이될 정도로 거의 100% 만족스러운 상태고 말이죠. 아무튼  [부정] 손가락에 힘이 들어갈 정도로 뻑뻑하며 유연하지 않고 고가 저소음만 쓰다보니 시끄러운 소음에 쓸 수 없음 2개나 샀는데 난감함
108461195,https://prod.danawa.com/info/?pcode=108461195&cate=112787,NOVOMAX NM-850,NOVOMAX,1870,C_reviews_only,,118,,35,,,,35,,,기계식,유선,,,,,N,오른손잡이용,4,1,,,N,,N,,Y,,,[긍정] 저렴하게잘 샀습니다..
12712025,https://prod.danawa.com/info/?pcode=12712025&cate=112787,TGIC TGC-M1200 USB,TGIC,1990,C_reviews_only,,120,,37,,,,100,,,,,,,,,N,,4.65,23,가성비,"드센 우리 애가 책상에 몇번 내려치니, 금방 고장나버렸네요.살살쓰면 괜찮겠지만, 싸서 그런지 내구성이 좋지 않았습니다.",N,,N,,Y,,,"[긍정] 가격 저렴하고 좋은 상품이여요 마우스는 소모품이라서 쓰다보면 인식이 잘 안되더라구요 그래서 살때 몇개씩 사요 잘 쓸게요 [부정] 드센 우리 애가 책상에 몇번 내려치니, 금방 고장나버렸네요.살살쓰면 괜찮겠지만, 싸서 그런지 내구성이 좋지 않았습니다."
1492243,https://prod.danawa.com/info/?pcode=1492243&cate=112787,건평정보통신 IPLEX IPLEX KP236 USB,건평정보통신 IPLEX,2100,C_reviews_only,,114,,36,,,,114,,,,유선,,,,,N,오른손잡이용,5,1,,,N,,N,,N,,,[긍정] 아주 작동 잘 됩니다
5694272,https://prod.danawa.com/info/?pcode=5694272&cate=112787,A4Tech OP-550NU X'GLIDE 옵티컬 유선 마우스,A4Tech,2200,A_complete,,110,,35,PTFE,35mm,1000,,,,,유선,,,,,N,오른손잡이용,5,1,,,N,,N,,N,,"대칭형,에르고",[긍정] 배송빠르고 좋아용 ㅎ
2815285,https://prod.danawa.com/info/?pcode=2815285&cate=112787,에이데이타코리아 DDZONE DM-710,에이데이타코리아,2370,C_reviews_only,,110,,38,,,,710,,,,유선,,,,,N,,4,9,가성비,그냥 가격만큼 성능을 보이는 마우스라고 보시면 됩니다.갑자기 마우스가 고장이나서 예비용품으로 구매했습니다.,N,,N,,Y,,,[긍정] 받아보니 예전에 사용했던 적이 있던 마우스군요.금방 고장났던 기억이...ㄷㄷ [부정] 그냥 가격만큼 성능을 보이는 마우스라고 보시면 됩니다.갑자기 마우스가 고장이나서 예비용품으로 구매했습니다.
14171183,https://prod.danawa.com/info/?pcode=14171183&cate=112787,라이트컴 COMS JD169 유선 마우스,라이트컴,2430,A_complete,86,120,,35,,120mm,1000,35,,,,유선,,,,,N,양손,4.43,51,"클릭감,가성비","아니예요 정말 다이소에서 구매하는것이 더 좋을듯 합니다.,마우스가 잘 안밀려요....그래서 손목이 아픔",N,,N,,N,,대칭형,[긍정] 마우스 상품평이 좋아서 구매 해 봤어요. 3개 구매 했는데 2개는 아직 길이 덜들여져서 그런건지 마우스 클릭 하면 좀 잘 안되는데 쓰다보면 좋아졌으면 하네요. [부정] 아니예요 정말 다이소에서 구매하는것이 더 좋을듯 합니다.
31996577,https://prod.danawa.com/info/?pcode=31996577&cate=112787,RHINO GEAR RG-GM50,RHINO GEAR,2500,D_metadata_only,,125,,40,,,,40,,,,유선,,,,,Y,오른손잡이용,,,,,N,,N,,N,,,
3141976,https://prod.danawa.com/info/?pcode=3141976&cate=112787,잘만 V3 Alarm Mouse Plus,잘만,2700,C_reviews_only,,,,,,,,,,,기계식,유선,,,,,N,오른손잡이용,4.51,39,"클릭감,가성비","구매 후기 쓸까 말까 하다 다른 것들 쓰는김에 쓰는데 마우스 사용하고 이틀지나니 고장나네요. 이전에 사용하던 것을 안버리길 진짜 잘했네요.,박스에 v3 플러스라고 적혀있지만, 실제로는 그냥 내장 usb도 제거하고 v3 시리얼도 빼놓은거네요. 낚이지마세요.,상품과 별개로 택배수준이 떨어지네요",N,,N,,Y,,,[긍정] 당장 쓸 것은 아니지만 형후 갑자기 마우스가 고장날 경우를 대비해 땡처리 제품을 발견해 미리 준비해 두었습니다. 마우스가 크긴 한 데 작동은 잘 되네요.^^ [부정] 구매 후기 쓸까 말까 하다 다른 것들 쓰는김에 쓰는데 마우스 사용하고 이틀지나니 고장나네요. 이전에 사용하던 것을 안버리길 진짜 잘했네요.
2110678,https://prod.danawa.com/info/?pcode=2110678&cate=112787,시드넷 Zizzy ZM7,시드넷,2700,D_metadata_only,,100,,35,,100mm,1000,1000,,,,유선,,,,,N,,,,,,N,,N,,N,,,
14893739,https://prod.danawa.com/info/?pcode=14893739&cate=112787,TGIC TGC-WM4100 무선 마우스,TGIC,3220,C_reviews_only,,113,,22,,,,,,,,무선,,,N,,N,,4.42,19,"배터리,무선안정성,가성비",사용해본것중 하위성능..첫째 구형이고 건전지aaa2개 타입재구매 절대안함........,N,,N,,N,,,[긍정] 가격만큼 입니다.가볍긴 한데 저렴이 플라스틱.온오프 버튼이 없어서 불이 계속 깜박거려요.배터리 빨리 닳을듯 해요.오래는 못 쓸것 같고 당분간 그냥 막쓰긴 괜찮을듯 합니다. [부정] 사용해본것중 하위성능..첫째 구형이고 건전지aaa2개 타입재구매 절대안함........
2353350,https://prod.danawa.com/info/?pcode=2353350&cate=112787,코시 M1221,코시,3305,D_metadata_only,,96,,96,,,,1221,,,,유선,,,,,N,오른손잡이용,,,,,N,,N,,N,,,
1359411,https://prod.danawa.com/info/?pcode=1359411&cate=112787,에이데이타코리아 DDZONE DM-330,에이데이타코리아,3320,C_reviews_only,,95,,95,,95mm,800,800,,,,유선,,,,,N,,4.44,25,"무선안정성,가성비","절대 구입 비추입니다!!싸다고 덜컥 사지 마시고, 다른 모델 찾아보세요.마우스휠이 이렇게도 뻑뻑한 건줄 몰랐네요.판매자께 연락했더니, 원래 싼 게 다 그렇다고 그냥 쓰라고 약만 올",N,,N,,N,,,"[긍정] 노트북 무선 연결이 귀찮았는데 싸게 잘 샀습니다. 크기가 작아 편하고 유선이라 인식도 빠르네요 [부정] 절대 구입 비추입니다!!싸다고 덜컥 사지 마시고, 다른 모델 찾아보세요.마우스휠이 이렇게도 뻑뻑한 건줄 몰랐네요.판매자께 연락했더니, 원래 싼 게 다 그렇다고 그냥 쓰라고 약만 올리네요ㅠ저는 다른 것 다시 사려 생각중입니다."
12743333,https://prod.danawa.com/info/?pcode=12743333&cate=112787,아이온코리아 PLANTIUM V25 저소음 USB,아이온코리아,3400,A_complete,,117,,36,,,1200,,,,기계식,유선,,,,,Y,양손,5,1,,,N,,Y,,N,,,[긍정] 아직 미사용이긴 합니다만 잘 작동되길 기대해봅니다.
4398821,https://prod.danawa.com/info/?pcode=4398821&cate=112787,강원전자 NETmate NM-OM01 PS/2 광 마우스,강원전자,3500,A_complete,72,116.2,,34.7,,,1000,116,,,,유선,,,,3,N,왼손잡이용,5,3,,,N,,N,,N,,에르고,"[긍정] 요즈음은 pc마저 키보드 및 마우스 포트를 usb 포트로 만들고,키보드 및 마우스를 점차 usb 용으로 전환하고 잇는것 같은데,무언가 잘못된 바양으로 가고 있는게 아닌가 싶어, 개인적으로는우려가 됩니다.여러 usb 포트에 이것 저것 두종류 외부 활용품만 꽂아도 어떤때는 버벅거리거나 원활한 작동 및 기능과 성능 발휘에 문제가생기는 경우가 더러 있습니다.이런 "
18763700,https://prod.danawa.com/info/?pcode=18763700&cate=112787,청연MnS naVee NV26-MS10U,청연MnS,3500,D_metadata_only,,94,,94,,,1000,1000,,,,유선,,,,,N,,,,,,N,,N,,N,,,
1498049,https://prod.danawa.com/info/?pcode=1498049&cate=112787,라이트컴 COMS WM100,라이트컴 COMS,3630,A_complete,,,,,UPE,,800,,,,기계식,"유선,2.4GHz무선",,,N,,N,,4.5,16,"무선안정성,가성비",,N,,N,,N,,에르고,[긍정] Coms광마우스 슬림하고 저렴해요.소모품 이라 3개 구매했어요~정상적으로 잘 작동 합니다
13567784,https://prod.danawa.com/info/?pcode=13567784&cate=112787,TGIC DJWM-3200 저소음 무선 마우스,TGIC,3650,A_complete,,106,,,,,1600,,,,기계식,2.4GHz무선,,,,3,N,양손,5,1,,,N,,Y,,N,,"대칭형,에르고",[긍정] 감도 좋고 가볍고 종아요
8030788,https://prod.danawa.com/info/?pcode=8030788&cate=112787,ANYZEN M150 USB 유선 마우스,ANYZEN,3700,D_metadata_only,,115,,37,,,,37,,,,유선,,,,,N,오른손잡이용,,1,,,N,,N,,N,,,
16668872,https://prod.danawa.com/info/?pcode=16668872&cate=112787,MAXTILL GM-200U 유선 마우스,MAXTILL,3764,D_metadata_only,,116,,38,,,,,,,,유선,,,,,N,,,,,,N,,N,,Y,,,
14883359,https://prod.danawa.com/info/?pcode=14883359&cate=112787,라이트컴 COMS JD170 게이밍 마우스,라이트컴,3790,A_complete,197,125,,38,,,3200,,,,기계식,유선,,,,,Y,,4.8,15,,,N,,N,,N,,에르고,[긍정] 좋은 제품 잘 쓸게요 이전에 주문해서 사용중인데 여분으로 하나더 줌누해서 사용하려고 합니다.
8988008,https://prod.danawa.com/info/?pcode=8988008&cate=112787,ANYZEN AZ-M5 무소음 유선 마우스,ANYZEN,3800,C_reviews_only,,115,,30,,,,,,,기계식,유선,,,,,N,왼손잡이용,4.71,28,"클릭감,손목편안함,가성비",,N,,Y,,N,,,[긍정] 1년반 정도를 요놈만 사용하면서 좋은이유1.내구성이 꽤 괜찮다.(마우스질을 워낙 많이 해서 팔에 염증이 생겨서3주정도 치료받을때 오른손 사용못하게 해서이틀을 왼손으로 연습후 지금은 왼손이 편함)2. 높이가 낮아서 손목 부담이 현저히 줄어든다.3.폭이 좁지않고 적당한 무게라서 가속성과핸들링을 겸비.평균4개월 정도 수명인거 같은데 품질의 문제라기 보다는워낙에 
96478226,https://prod.danawa.com/info/?pcode=96478226&cate=112787,퓨전에프앤씨 INOTE VM560RB 무선 왼손,퓨전에프앤씨,3800,D_metadata_only,,104,,59,,,,,,,기계식,무선,,,Y,,N,왼손잡이용,,1,,,N,,Y,,Y,,,
15303389,https://prod.danawa.com/info/?pcode=15303389&cate=112787,TGIC TGC-GM1 유선 LED 마우스,TGIC,3800,B_detail_only,105,119,,36,,,1600,,,,기계식,유선,,,,4,N,오른손잡이용,,,,,Y,,N,,Y,,에르고,
91345835,https://prod.danawa.com/info/?pcode=91345835&cate=112787,지클릭커 OP25 무선,지클릭커,3900,C_reviews_only,,105,,39,,,,,,,기계식,블루투스,,,N,,N,,5,3,,,N,,Y,,Y,,,[긍정] 딸이랑 같이 사용 하려고 구매했어요 블루투스 와 동글 사용이 모두 가능해서잘 구매했어요
4380981,https://prod.danawa.com/info/?pcode=4380981&cate=112787,강원전자 NETmate NM-OM02 USB 광 마우스,강원전자,4000,A_complete,72,116.2,,34.7,,,1000,,,,기계식,유선,,,,3,N,오른손잡이용,5,3,,,N,,N,,N,,에르고,[긍정] 잘 받았습니다. 마우스가 잘 안되어서 주문했는데 도착하자마자 교체 했더니 잘 되네요~
5762447,https://prod.danawa.com/info/?pcode=5762447&cate=112787,ANYZEN M1 USB 광마우스,ANYZEN,4070,D_metadata_only,,120,,38,,,,,,,,유선,,,,,N,,,,,,N,,N,,Y,,,
73074845,https://prod.danawa.com/info/?pcode=73074845&cate=112787,RHINO GEAR RG-WM02 무선,RHINO GEAR,4220,C_reviews_only,,,,,,AAA,,300,,,기계식,무선,,,N,,N,,4.33,3,가성비,,N,,Y,,N,,,[긍정] 2개 구매하여 1개 테스트 해봤는데 무난한것 같아요.좀 더 사용해 봐야겠지만 가성비는 좋다고 생각합니다.
97564265,https://prod.danawa.com/info/?pcode=97564265&cate=112787,이음전산 스마텍 STM-2100 무선,이음전산,4230,D_metadata_only,,103,,31,,,,,,,무소음 스위치,무선,,,N,,N,,,,,,N,,N,,N,,,
79396889,https://prod.danawa.com/info/?pcode=79396889&cate=112787,TGIC TGC-WM5000,TGIC,4390,C_reviews_only,,106,,31,,,,106,,,,무선,,,N,,N,오른손잡이용,4.38,8,"배터리,가성비",,N,,Y,,N,,,[긍정] 두개를 샀는데 그 중에 1개는 배터리 접촉부분이 제대로 안 되었습니다. 잘 조절해서 끼우면 사용할 수는 있습니다. 컴퓨터 선두주자 삼보 제품이라 구입했는데 조금 아쉽네요. 내구성이 좋았으면 합니다.
79859687,https://prod.danawa.com/info/?pcode=79859687&cate=112787,강원전자 NETmate NM-MS03 무선,강원전자,4400,C_reviews_only,,113,,40,,,,,,,기계식,무선,,,N,,N,오른손잡이용,4.5,8,무선안정성,싼게 비지떡인가! 25년 12월에 구입해서 두어달 보름 정도 써보니 마우스 조작이 안되던가 원하지 않는 기능이 수행 되는 등 점점 오류가 심해져 결국 다른 제품으로 갈아 탓네요!,N,,N,,Y,,,"[긍정] 손에 쏙 들어오면서 크기도 적당히 큰이상적인 마우스 입니다저가 무선임에도 DPI가 3단계로 조정이 되고,송수신 거리도 제법 멀리 되어서3000원대 마우스라는게 믿겨지지 않습니다.거짓말 좀 보태서~~ 로지텍 2만원짜리랑 별 차이 없습니다. [부정] 싼게 비지떡인가! 25년 12월에 구입해서 두어달 보름 정도 써보니 마우스 조작이 안되던가 원하지 않는 기능이 수행 되는 등 점점 오류가 심해져 결국 다른 제품으로 갈아 탓네요!"
17203622,https://prod.danawa.com/info/?pcode=17203622&cate=112787,알텍랜싱 ALBM7124,알텍랜싱,4400,D_metadata_only,,115,,37.5,,,,,,,기계식,유선,,,,,N,오른손잡이용,,,,,N,,N,,Y,,,
106695611,https://prod.danawa.com/info/?pcode=106695611&cate=112787,GEOMAX GM-BTM1100 무선,GEOMAX,4440,C_reviews_only,,114,,38,,,,,,,기계식,,,,N,,N,,5,1,,,N,,Y,,N,,,[긍정] 배송빠르고 좋아요...
102126068,https://prod.danawa.com/info/?pcode=102126068&cate=112787,플레이고 M30 무선,플레이고,4500,D_metadata_only,,99,,99,,,,,,,기계식,무선,,,N,,N,,,,,,N,,Y,,Y,,,
5379417,https://prod.danawa.com/info/?pcode=5379417&cate=112787,AULA SI-9018 게이밍 마우스,AULA,4500,B_detail_only,20,129.6,,39.9,PTFE,,800,60,20,,기계식,유선,,,,3,Y,오른손잡이용,,,,,Y,,N,후아노,N,,에르고,
3126953,https://prod.danawa.com/info/?pcode=3126953&cate=112787,에이데이타코리아 DDZONE DM-720,에이데이타코리아,4500,D_metadata_only,,110,,38,,110mm,800,800,,,,유선,,,,,N,,,,,,N,,N,,N,,,
68916467,https://prod.danawa.com/info/?pcode=68916467&cate=112787,이음전산 스마텍 STM-BT1200 무선,이음전산,4630,D_metadata_only,,104,,38,,,,38,,,무소음 스위치,무선,,,N,,N,오른손잡이용,,,,,N,,N,,N,,,
5485895,https://prod.danawa.com/info/?pcode=5485895&cate=112787,지클릭커 G-Clicker GM-M170 LED 게이밍 마우스,지클릭커,4690,C_reviews_only,,125,,40,,,,,,,,유선,,,,,Y,,4.5,2,,,N,,N,,Y,,,[긍정] 배송이 빠르고 상품이 괜찮은 편
5918591,https://prod.danawa.com/info/?pcode=5918591&cate=112787,라이트컴 COMS TT417,라이트컴,4690,C_reviews_only,,120,,37,,,,37,,,,유선,,,,,N,오른손잡이용,4.38,8,,,N,,N,RAZER,N,,,[긍정] COMS 마우스 정말 좋습니다.초기 모델이 훨씬 무게감 있고 좋은데 바로 이거네요.RAZER를 주로 사용하는데현재 마우스는 COMS씁니다.
99736175,https://prod.danawa.com/info/?pcode=99736175&cate=112787,플레오맥스 PBM-10 무선,플레오맥스,4800,C_reviews_only,,,,,,,,,,,,무선,,,N,,N,,5,2,,,N,,N,,N,,,[긍정] 좋은 제품 아주 잘 받았습니다.
5918627,https://prod.danawa.com/info/?pcode=5918627&cate=112787,라이트컴 COMS TT420,라이트컴 COMS,4800,A_complete,262,125,,35,PTFE,35mm,3200,125,,,기계식,유선,,,,4,Y,,4.18,17,"에임정확도,클릭감,가성비","구매 한달만에 불량발생했는데 AS신청도 어렵고 걍 스페어로 쓰고 다른마우스로 새로사야곘네요.,클릭할때 손가락에 힘이 너무들어감...손가락에 파스 붙여야겠어요..",N,블랙,N,,N,,에르고,"[긍정] 몇년만에 돌고돌아..제대로된 게이밍 마우스 찾앗네요..로지텍 시리즈부터..앱코, 삼성..핵커..매드캐츠rat7까지..무언가 하나 부족해서 계속 마우스 찾앗는데..이마우스 하나로 다 해결했네요..장패드에서 안미끄럽고, 마우스 키 사용때 아주 편하고,슈팅게임에서 헤드샷 줄줄이 나오도록 정확히 포인팅되고..가격대비 만족이 아니라..왜 이런 마우스를 진작 못 찾앗 [부정] 구매 한달만에 불량발생했는데 AS신청도 어렵고 걍 스페어로 쓰고 다른마우스로 새로사야곘네요."
12104864,https://prod.danawa.com/info/?pcode=12104864&cate=112787,QSENN GP-M500 LED 블랙 USB,QSENN,4900,A_complete,110,120,,30,,"Optical
-",2400,,,,기계식,유선,,,,,Y,,4.25,4,,,N,블랙,N,,N,,에르고,[긍정] 사무실에서 사용하려고 주문하엿습니다. 사용하기 좋습니다. 추천합니다.
18332027,https://prod.danawa.com/info/?pcode=18332027&cate=112787,RHINO GEAR RG-WM05 무선 마우스,RHINO GEAR,4900,A_complete,50,102,,37,,AA,1600,,,,기계식,2.4GHz무선,,,N,4,N,오른손잡이용,4,1,가성비,,N,,Y,,N,,"대칭형,에르고",[긍정] 사무용으로 사용하기에 만족합니다. 그러나 반응이 빠른편은 아니니 가격에 만족해 쓰시기 바랍니다
59231561,https://prod.danawa.com/info/?pcode=59231561&cate=112787,지클릭커 슈퍼히어로 CT170 게이밍 LED,지클릭커,4900,C_reviews_only,,130,,40,,,,40,,,기계식,유선,,,,,N,오른손잡이용,4.5,2,가성비,,N,,N,,N,,,[긍정] 가격대비 좋은거같아요.색상도 이뻐요
16055657,https://prod.danawa.com/info/?pcode=16055657&cate=112787,라이트컴 COMS JD577 무선 마우스,라이트컴,4990,C_reviews_only,,105,,30,,30mm,,,,,무소음 스위치,무선,,,N,,N,,4.67,6,가성비,,N,,N,,N,,,[긍정] 조용해서 좋아요 ㅋㅋ 마우스 밑에 빛같은게 없어서 좋네요
4269647,https://prod.danawa.com/info/?pcode=4269647&cate=112787,디지클럽 Qnix QM-3000,디지클럽,5000,C_reviews_only,,100,,35,,,,,,,,무선,,,N,,N,,4.83,6,"무선안정성,클릭감,가성비",,N,,N,,N,,,"[긍정] 감도좋고, 백키 달려있고, 대기업 마우스만큼 클릭감이나 사용편의성 좋습니다. 별 하나 뺀 거는 건전지 넣고 빼는 게 조금 불편하더라구요. 그거 하나만 뺀다면 휴대용으로 아주 좋습니다. 두 개 사서 잘 쓰고 있습니다."
73949438,https://prod.danawa.com/info/?pcode=73949438&cate=112787,MSI M88,MSI,5000,C_reviews_only,,115,,33,,33mm,,,,,,유선,,,,,N,오른손잡이용,4,1,,,N,,N,,N,,,[긍정] 빠른 배송으로 잘 받았습니다.
6451248,https://prod.danawa.com/info/?pcode=6451248&cate=112787,플레오맥스 MOC-WM40 무선 마우스,플레오맥스,5030,A_complete,50,105,,33,,,1600,,,,,2.4GHz무선,,,Y,6,N,,4.5,6,가성비,,N,"블랙,레드",Y,,N,,에르고,[긍정] 제품도 좋고 배송도 빠르고 만족합니다
7128103,https://prod.danawa.com/info/?pcode=7128103&cate=112787,지클릭커 GM-M250 LED 게이밍 마우스,지클릭커,5080,B_detail_only,100,120,,37,,GM-M250,2400,9018,,,기계식,유선,,,,6,Y,오른손잡이용,,6,,,N,,N,,Y,,"대칭형,에르고",
5858050,https://prod.danawa.com/info/?pcode=5858050&cate=112787,플레오맥스 MOC-WM10,플레오맥스,5160,A_complete,,108,,35,,,1600,1000,,,기계식,2.4GHz무선,,,N,,N,,4.5,38,"무선안정성,가성비","잠깐잠깐 멈추고 안움직여요. 안 씁니다.,손 작은 여성용으론 좋겠어요.",N,,N,,Y,,,[긍정] 좋아요 좋아요 좋아요좋아요 좋아요 좋아요좋아요 좋아요 좋아요좋아요 좋아요 좋아요좋아요 좋아요 좋아요좋아요 좋아요 좋아요좋아요 좋아요 좋아요좋아요 좋아요 좋아요좋아요 좋아요 좋아요좋아요 좋아요 좋아요좋아요 좋아요 좋아요좋아요 좋아요 좋아요좋아요 좋아요 좋아요좋아요 좋아요 좋아요좋아요 좋아요 좋아요 [부정] 잠깐잠깐 멈추고 안움직여요. 안 씁니다.
4010841,https://prod.danawa.com/info/?pcode=4010841&cate=112787,라이트컴 COMS JD961,라이트컴 COMS,5229,C_reviews_only,,120,,40,,,,120,,,,유선,,,,,N,오른손잡이용,5,5,"디자인,가성비",,N,,N,,N,,,"[긍정] 깔끔하고 안전한 포장, 빠른 배송으로 잘 받았습니다.그립감과 무게감이 좋습니다."
12010043,https://prod.danawa.com/info/?pcode=12010043&cate=112787,플레오맥스 PBE-M1000,플레오맥스,5300,A_complete,54,113,,37,,AAA,,,,,기계식,2.4GHz무선,,,N,3,N,오른손잡이용,3.83,6,"배터리,디자인","11월5일 주문해서 11월11일 수령했어요! (배송기일 6일)~ 최악입니다. 상품은 볼펜 자욱 묻어있고, 상품 박스는 너덜너덜하게 포장되어 있고 참으로 어처구니 없습니다.(반품하고",N,,N,,Y,,"대칭형,에르고","[긍정] 배송도 진짜 빠르고 마우스도 잘 되네요. 근데 커버 벗기는게 좀 번거러워요. 손톱이 좀 까집니다 ㅠ 그리고 on/off 스위치가 없어서 사용 안할 때에는 배터리를 빼 놔야할 것 같네요! 배터리 2개도 주셨어요! 안빼도 되는건가요?! 암틈 사용은 잘 됩니다. [부정] 11월5일 주문해서 11월11일 수령했어요! (배송기일 6일)~ 최악입니다. 상품은 볼펜 자욱 묻어있고, 상품 박스는 너덜너덜하게 포장되어 있고 참으로 어처구니 없습니다.(반품하고 싶지만 꾹 참고 사용하겠습니다.)"
3335209,https://prod.danawa.com/info/?pcode=3335209&cate=112787,QSENN GP-M3100 USB,QSENN,5390,C_reviews_only,,115,,36,,,1000,1000,,,기계식,유선,,,,,N,오른손잡이용,5,2,,,N,,N,,N,,,[긍정] 마우스를 필요로 할때 늘 구매하는 제품이예요!
5142929,https://prod.danawa.com/info/?pcode=5142929&cate=112787,HP M100 Gaming Mouse,HP,5400,A_complete,,124.23,,39.14,PTFE,,1000,,,,기계식,유선,,USB-C,,4,Y,오른손잡이용,4.37,97,"배터리,손목편안함","작동불량입니다. 둔탁하면서도 소리가 나는 등 상태가 좋지 않는 상품인데... 그래서 차이나라 저가인가 봅니다.차이나라고 다 그렇지는 않은데,,,,,수입회사는 한번 재점검 부탁합니다,마우스가 가격이 저렴해서 구매했는데 넘 무겁고 호완에러가 자꾸 발생하네요사용중 자주 멈춰요 ㅡ ㅡ 다른 마우스 재구매했네요,마우스가 엄청 불편하고~ 감도도 생각보다 안좋아서 ~ 그가격에 파는구나를 절실히 느낌~ 왠만하면 비추 입니다.",N,,N,,Y,,,"[긍정] 큼직한 걸 좋아해서 2개 샀습니다.손목 아픈 건 마우스가 안 좋은 것이 아니라 자세가 안 좋은 것이지만그래도 큼직한 게 좋습니다.게임용이라니 작업을 많이 하는 나에게는 딱 좋겠죠!별 거 아니지만 숨 쉬듯 선색이 있어서 바뀌고촌놈이 언제 이런 걸 봤어야...신기옆에는 물결 무늬로 파여있어서 잡는 느낌 좋네요. [부정] 작동불량입니다. 둔탁하면서도 소리가 나는 등 상태가 좋지 않는 상품인데... 그래서 차이나라 저가인가 봅니다.차이나라고 다 그렇지는 않은데,,,,,수입회사는 한번 재점검 부탁합니다"
60147188,https://prod.danawa.com/info/?pcode=60147188&cate=112787,RHINO GEAR RG-BM100 무선,RHINO GEAR,5450,C_reviews_only,,116,,,,,,,,,,블루투스,,,N,,N,,4.11,27,"배터리,가성비","예비용까지 생각해서 2개 샀더니 하나는 usb수신기 불량, 다른 하나는 블루투스 불량이네요 반품 교환 귀찮아서 그냥 구매결정 누룹니다,상세 설명이 부실해서 사용방법을 찾는 데에 애를 먹었네요.,앞뒤 버턴은 블투 연결용외엔 아무런 쓸모가 없거나 불량인듯",N,,N,,N,,,"[긍정] 장점: 저렴한 가격에 비해 리시버 연결과 블루투스 연결을 모두 지원하고 앞뒤로가기 버튼도 있습니다.단점: 생각보다 크기가 작아서 손이 큰 사람에게는 조금 불편할지도 모르겠네요. 제품설명에 잘못된 부분도 있습니다. 페어링모드는 좌버튼+dpi버튼이고 배터리는 AA가 아닌 AAA입니다.단점이 좀 있지만 큰 문제 없고 저렴한 가격에 필요한 기능 다 있고 작동도 잘 [부정] 예비용까지 생각해서 2개 샀더니 하나는 usb수신기 불량, 다른 하나는 블루투스 불량이네요 반품 교환 귀찮아서 그냥 구매결정 누룹니다"
9278595,https://prod.danawa.com/info/?pcode=9278595&cate=112787,앱코 WM410 무선 마우스,앱코,5500,B_detail_only,57,107,,36.8,,OPTICAL,1600,,,,기계식,"유선,2.4GHz무선,블루투스",,USB-C,Y,6,Y,오른손잡이용,,,,,N,,Y,,N,,에르고,
7606864,https://prod.danawa.com/info/?pcode=7606864&cate=112787,그린전산 FOR LG LGC-CMU09 마우스,그린전산,5500,C_reviews_only,,115,,30,,,,,,,,유선,,,,,N,,4.33,15,,주문한 상품을 로젠택배로 배송하였다.로젠택배 배달원은 1박2일이라는 빠른 배송을 하였지만 상품을 문앞에 놓고 문자만 남기고 떠났다.고객한테 전달하였다고 생각하는 것일까? 오전 10,N,그린,N,,N,,,"[긍정] 기존사용 하던 TG 마우스가 오작동이 발생. 급히 구매하게됨. 손에 쏙 들어오는 그립갑 좋고, 작동 잘 됨. [부정] 주문한 상품을 로젠택배로 배송하였다.로젠택배 배달원은 1박2일이라는 빠른 배송을 하였지만 상품을 문앞에 놓고 문자만 남기고 떠났다.고객한테 전달하였다고 생각하는 것일까? 오전 10:29분에 보낸 문자를 오후 3시 넘어서 문자를 보았다그 동안 택배 상품을 누군가 가지고 갔다면 누가 책임일까? 로젠택배? 배달원? 고객?개인적으로 생각하기엔 로젠택배 회사는 전혀"
15647831,https://prod.danawa.com/info/?pcode=15647831&cate=112787,이큐웨어 이큐메딕 Sanitize-WM7 항균 무소음 무선 마우스,이큐웨어,5500,C_reviews_only,,99,,99,,,,,,,기계식,무선,,,N,,N,,4.33,3,가성비,,N,,Y,,N,,,[긍정] 1만원때 가성비 좋은제품입니다. 편하게 막쓰기 좋아요
6188450,https://prod.danawa.com/info/?pcode=6188450&cate=112787,지클릭커 G-Clicker GM-W6000 무선 마우스,지클릭커,5530,C_reviews_only,,100,,30,,AA,,6000,,,,무선,,,N,,N,,4.78,9,무선안정성,,N,,N,,Y,,,[긍정] 좋아용 좋아용 좋아용 좋아용 좋아용 좋아용 좋아용 좋아용 좋아용
16540571,https://prod.danawa.com/info/?pcode=16540571&cate=112787,LKG FOR LG LGA-MARK1 저소음 무선 마우스,LKG,5550,B_detail_only,49,112,,26,,,1600,,,,무소음 스위치,2.4GHz무선,,,N,3,N,,,,,,N,,N,,N,,,
9610380,https://prod.danawa.com/info/?pcode=9610380&cate=112787,Bless ZIO MW4020 무선 무소음 마우스,Bless ZIO,5600,B_detail_only,56,106,,33,,DPI,1600,,,,기계식,2.4GHz무선,,,N,3,N,양손,,,,,N,,Y,칼화,N,,"대칭형,에르고",
15303419,https://prod.danawa.com/info/?pcode=15303419&cate=112787,TGIC TGC-GM2 유선 LED 마우스,TGIC,5650,C_reviews_only,,116,,38,,,,116,,,,유선,,,,,N,,3,1,,,N,,N,,N,,,
15132998,https://prod.danawa.com/info/?pcode=15132998&cate=112787,알텍랜싱 ALBM7314 저소음 무선 마우스,알텍랜싱,5700,D_metadata_only,,108,,26,,,,,,,,무선,,,N,,N,오른손잡이용,,,,,N,,N,,N,,,
63479528,https://prod.danawa.com/info/?pcode=63479528&cate=112787,TGIC NX-BT102 무선 블루투스 마우스,TGIC,5750,A_complete,56,125,,27,,,1600,27,,,기계식,"2.4GHz무선,블루투스",,,N,4,N,오른손잡이용,5,1,,,N,블루,Y,,N,,에르고,[긍정] 아이들 인강용으로 구매 하였습니다. 가볍고 좋습니다만 블루투스로 연결이 안되어 내장 동글로 연결 사용중 입니다.
15055304,https://prod.danawa.com/info/?pcode=15055304&cate=112787,QSENN M1000 무선 마우스,QSENN,5800,A_complete,86,115,,37,,Optical,1600,,,,기계식,2.4GHz무선,,,N,,Y,,3.83,12,"무선안정성,클릭감,가성비","이 제품 마우스는 금방 안되며as도 안되고 전 돈버리셈 칩니다절대 구매하시면 안됩니다딱 반품기간 지나면 망가짐반품 교환도 못하게 다른 피해자발생할까봐 후기올립니다,사지마세요마우스커서는 튀고 클릭하면 삐걱소리납니다판매자분께는 죄송하지만 이거 쓰레깁니다,쓰레기 마우스입니다. 5분도 안되서 커서 움직임 끊기고 클릭안됨.",N,,Y,,Y,,에르고,[긍정] 크기도 적당하고 연결도 끊김없이 잘 됩니다.좌우클릭은 무소음이고 나머지 버튼은 무소음이 아니네요.가격을 생각하면 괜찮은 제품인것 같습니다. [부정] 이 제품 마우스는 금방 안되며as도 안되고 전 돈버리셈 칩니다절대 구매하시면 안됩니다딱 반품기간 지나면 망가짐반품 교환도 못하게 다른 피해자발생할까봐 후기올립니다
100191872,https://prod.danawa.com/info/?pcode=100191872&cate=112787,QSENN M7314 저소음 무선,QSENN,5800,B_detail_only,43,110,,25,PTFE,---,1600,,,,기계식,"2.4GHz무선,블루투스",,,N,3,N,오른손잡이용,,,,,N,,Y,cherry,N,,에르고,
12386414,https://prod.danawa.com/info/?pcode=12386414&cate=112787,3M M750,3M,5800,D_metadata_only,,111.64,,40.16,,,,,,,무소음 스위치,무선,,,N,,N,오른손잡이용,,,,,N,,N,,N,,,
10749531,https://prod.danawa.com/info/?pcode=10749531&cate=112787,지클릭커 GM-W3000 무소음 무선 마우스,지클릭커,5900,A_complete,40,100,,40,,,1000,,,,기계식,2.4GHz무선,,,N,3,N,,5,1,,,N,,Y,,Y,,에르고,[긍정] 좋아요 마음에 들어요
4514197,https://prod.danawa.com/info/?pcode=4514197&cate=112787,에이데이타코리아 DDZONE DM-W100,에이데이타코리아 DDZONE,5900,C_reviews_only,,100,,35,,,,,,,기계식,무선,,,N,,N,,4.4,5,가성비,,N,,N,,Y,,,"[긍정] 약간 뻑뻑한 감이 있기는 한데, 그런대로 사용하기 무난한 듯 하네요"
15303443,https://prod.danawa.com/info/?pcode=15303443&cate=112787,TGIC TGC-GM3 유선 LED 마우스,TGIC,6000,D_metadata_only,,130,,42,,,,2002,,,기계식,유선,,,,,N,,,,,,N,,N,,Y,,,
8086309,https://prod.danawa.com/info/?pcode=8086309&cate=112787,LKG For LG LGA-M1100,LKG,6293,C_reviews_only,,112,,35,,,,35,,,기계식,유선,,,,,N,오른손잡이용,4.81,31,경량,,N,,N,,Y,,,[긍정] 너무 가벼운느낌아니라서 괜찮네요. 장난감같은느낌이 없다고해야할까요~~
15737621,https://prod.danawa.com/info/?pcode=15737621&cate=112787,MAXTILL GM-WN100L 무소음 무선 광마우스,MAXTILL,6320,B_detail_only,100,109,,33,,109mm,16000,400,50,1000,기계식,"유선,2.4GHz무선,블루투스",1000,,N,7,Y,,,7,,,Y,,Y,옴론,Y,,에르고,
56140010,https://prod.danawa.com/info/?pcode=56140010&cate=112787,아이OK 블루투스,아이OK,6400,D_metadata_only,,110,,20,,,,110,,,,블루투스,,,N,,N,오른손잡이용,,,,,N,블루,N,,N,,,
3755734,https://prod.danawa.com/info/?pcode=3755734&cate=112787,청맥전자 For LG Optical M-1000,청맥전자,6570,A_complete,,112,,40,UPE,---,1000,,,,,유선,,,,,N,양손,4.34,29,"배터리,클릭감,가성비",다이소에서파는 5000원짜리와별차이없음......,N,,N,,N,,"대칭형,에르고","[긍정] 뽑기운인지 뭔지 모르겠지만, 버튼감이 별로입니다.왼클릭 하다보면 오른쪽이 같이 눌리는 듯한 감이 있습니다.물론 눌리진 않지만, 오래쓸 물건은 아닌거같네요. 딱 가성비템. [부정] 다이소에서파는 5000원짜리와별차이없음......"
27857624,https://prod.danawa.com/info/?pcode=27857624&cate=112787,MAXTILL MO-M202U,MAXTILL,6670,C_reviews_only,,115,,35,,115mm,2400,35,,,기계식,유선,,,,,N,,4.53,96,"무선안정성,디자인,가성비","추천 안합니다마우스 작아서 쓰기 불편해요노트북 할때 써야할듯요잘못사서 놔두고다른걸로 다시 주문했어요,뽁뽁이도 안 해서 보내주나요?막 던지는데..비추친사용해보고 문제있으면 반품할겁니다.,싸고 좋은 상품입니다.가정에서 그냥 쓰기에는 괜찮네요.무선 보다 편하구요",N,,Y,,N,,,[긍정] 가격은 저렴한데 디자인도 예쁘고 성능도 괜찮습니다!저는 게임은 안해서 잘 모르겠지만 일단 그립감도 좋고큼직해서 손 올려두기도 편하고 살짝 묵직함이 있어서밀려서 떨어트리는 일은 없을 것 같아서 만족해요!전에쓰던 마우스는 몇번 떨궜더니 가만 나두면 커서가덜덜덜 떨리면서 자기 멋대로 움직이기도 했는데그런게 없어지니깐 너무 편해서 좋아요 ㅠㅠ [부정] 추천 안합니다마우스 작아서 쓰기 불편해요노트북 할때 써야할듯요잘못사서 놔두고다른걸로 다시 주문했어요
15177551,https://prod.danawa.com/info/?pcode=15177551&cate=112787,나비 NV12-MUS10 무선 마우스,나비,6720,D_metadata_only,,115,,34,,,,115,,,무소음 스위치,무선,,,N,,N,오른손잡이용,,,,,N,,N,,N,,,
28806506,https://prod.danawa.com/info/?pcode=28806506&cate=112787,지클릭커 OFFICEPRO OP11 마스터 3WAY 무선 블루투스,지클릭커,6750,D_metadata_only,,100,,40,,,,40,,,기계식,블루투스,,,N,,N,오른손잡이용,,,,,N,블루,N,,N,,,
15338768,https://prod.danawa.com/info/?pcode=15338768&cate=112787,앱코 ABKONCORE AM6 RGB 스펙트럼 게이밍 마우스,앱코,6790,C_reviews_only,,127,,35,,,,,8,,기계식,유선,,,,,Y,오른손잡이용,4,5,,,Y,,N,,Y,,,[긍정] 배송은 하루 늦었지만 괜찮았고 마우스 성능도 괜찮아요근데 드랑버를 cd로 주셔서 다운받을수가 ?어요
8221627,https://prod.danawa.com/info/?pcode=8221627&cate=112787,지클릭커 GM-M250 LED 무소음 게이밍 마우스,지클릭커,6800,A_complete,100,120,,37,,GM-M250,2400,,,,기계식,유선,,,,6,Y,양손,4,6,가성비,"1,무소음 아님, 저소음 아님 피방에서쓰는 로지텍 달깍달깍 마우스소음과 비슷한 소음2,아예 게이밍 마우스쪽으로 사용한다면 특유의 누르는 맛이있음3,다만 저소음용으로 홍보를 했는데 ",N,,Y,,N,,"대칭형,에르고","[긍정] 가격대비 성능이 좋습니다. 앞으로도 계속 사용할 예정입니다. 감사합니다 [부정] 1,무소음 아님, 저소음 아님 피방에서쓰는 로지텍 달깍달깍 마우스소음과 비슷한 소음2,아예 게이밍 마우스쪽으로 사용한다면 특유의 누르는 맛이있음3,다만 저소음용으로 홍보를 했는데 옆방에도 들릴정도 물건이라 제품설명과 매우다름"
74248868,https://prod.danawa.com/info/?pcode=74248868&cate=112787,레노버 Essential 4Y50R20863,레노버,6800,D_metadata_only,,111,,34,,,,,,,기계식,유선,,,,,N,오른손잡이용,,,,,N,,N,,N,,,
12282809,https://prod.danawa.com/info/?pcode=12282809&cate=112787,현대제이테크 Tuscani HD-WM1200s,현대제이테크,6830,C_reviews_only,,115,,33,,,,,,,무소음 스위치,무선,,,N,,N,오른손잡이용,5,2,,,N,,N,,N,,,[긍정] 좋은제품 저렴하게 구입하여 잘 사용하고 있습니다.
26424569,https://prod.danawa.com/info/?pcode=26424569&cate=112787,삼성전자 AA-MW1D5WB,삼성전자,6890,C_reviews_only,,,,,,,,,,,,,,,,,N,,4.6,84,"배터리,디자인,가성비","제품설명에 새제품이라 하여,믿었는데 , 판매할정도의 상품은 아닌듯 합니다. 둘다 제품 표면에 아주 보기싫은 손톱정도크기의 상처 기스가 있군요..또 하나는 마우스뒤 하단부에 끈끈이가,아직 써보진 안아서 성능은 모르지만 일단 줄이 기존에 쓰던거에 비해 3분1이나 짧아서 너무 실망입니다. 싸구려라 반품은 안하고 임시로 쓰다가 버릴 예정,마우스 손닿는 부분이 끈적이기 시작해서 오래 쓰기 어렵겠네요",N,,N,,N,,,"[긍정] 삼성 마우스 저가형이지만 가격 대비 정말 성능 좋습니다. 무엇보다 고장 없이 오래 사용할 수 있겠다는 강한 예감이 드는 건 삼성이라는 브랜드의 신뢰감 때문이겠죠!가격 대비 정말 좋은 제품입니다. [부정] 제품설명에 새제품이라 하여,믿었는데 , 판매할정도의 상품은 아닌듯 합니다. 둘다 제품 표면에 아주 보기싫은 손톱정도크기의 상처 기스가 있군요..또 하나는 마우스뒤 하단부에 끈끈이가 묻어 지워지지가 않는군요.. 결국 하나는 폐기처분 했습니다...설명란에 새제품은 절대 아닙니다 ."
98779283,https://prod.danawa.com/info/?pcode=98779283&cate=112787,COX CWM40 무선,COX,6900,B_detail_only,50,104.4,,39.2,,AA,1600,39,,125,기계식,2.4GHz무선,300,,N,,N,오른손잡이용,,,,,N,,Y,,Y,,대칭형,
72592604,https://prod.danawa.com/info/?pcode=72592604&cate=112787,RHINO GEAR RG-BM50 무선,RHINO GEAR,6900,D_metadata_only,,,,,,,,,,,무소음 스위치,무선,,,N,,N,,,1,,,N,,N,,N,,,
20679530,https://prod.danawa.com/info/?pcode=20679530&cate=112787,JAVIS JV-M5,JAVIS,7250,C_reviews_only,,107,,37,,,,37,,,,유선,,,,,N,오른손잡이용,5,1,,,N,,N,,Y,,,[긍정] very very good
20523761,https://prod.danawa.com/info/?pcode=20523761&cate=112787,플레오맥스 MOB-501 무선 블루투스,플레오맥스,7300,A_complete,55,107,,38,,107mm,1600,,,,기계식,"2.4GHz무선,블루투스",,,N,4,N,,5,1,,,N,블루,Y,,Y,,,[긍정] 집 컴퓨터에서 쓰고 있습니다. 약간 반응이 느리긴 한데 쓸만합니다.
15123881,https://prod.danawa.com/info/?pcode=15123881&cate=112787,DOXX DX-GM650,DOXX,7420,C_reviews_only,,,,,,,,2500,,,,유선,,,,,N,,5,1,,,N,,N,,N,,,[긍정] 좋네요 아이가 좋아해요 잘쓸께요
69657506,https://prod.danawa.com/info/?pcode=69657506&cate=112787,로제트 RX-4130 무선,로제트,7560,C_reviews_only,,115,,29,,,,115,,,무소음 스위치,무선,,,Y,,N,오른손잡이용,4.67,3,,,N,,N,,N,,,[긍정] 로제트 마우스 잘 받았고 좀 자세히 보지않아서 1+1이 마우스 두개가아니고 하나는 랜덤사은품이었군요
5849176,https://prod.danawa.com/info/?pcode=5849176&cate=112787,플레오맥스 AVEC-G10,플레오맥스,7580,C_reviews_only,,,,,,,2400,2400,,,,유선,,,,,N,,4,4,,,N,,N,,N,,,[긍정] 매우빨리 잘오네요.오전 주문 다음날 오전에 받았어요.
20702591,https://prod.danawa.com/info/?pcode=20702591&cate=112787,알카트로즈 SHARK + SEEH-100,알카트로즈,7580,D_metadata_only,,116,,32,,,,,,,HUANO 스위치,유선,,,,,N,오른손잡이용,,,,,N,,N,,N,,,
86099480,https://prod.danawa.com/info/?pcode=86099480&cate=112787,LINGBAO M8 유무선,,7770,D_metadata_only,,122.5,,42.7,,,,,,,,유선,,,Y,,N,오른손잡이용,,,,,N,,N,,N,,,
15058220,https://prod.danawa.com/info/?pcode=15058220&cate=112787,TGIC DJBTM-101 무선 블루투스 마우스,TGIC,7770,C_reviews_only,,121,,38,,,,,,,기계식,블루투스,,,N,,N,오른손잡이용,3.97,32,"무선안정성,디자인,가성비","오자마자 바로 연결해서 써봤는데 괜히 샀네요 이런 마우스 처음 봤습니다. 블루투스로 연결 해보고 무선 연결단자로도 연결해봤는데 둘 다 이상하게 작동합니다. 마우스가 지 멋대로 움직,클릭 무소음은 좋으나 게임도중 오작동 및 먹통 심각합니다.5,6분마다 커서가 저절로 화면끝으로 천천히 이동하거나, 제자리에서 먹통됨.디아2용으로 구매해서 신속히 껐다가 켜야함!몇일,배송 빨라서 좋구요상품은 디자인은좋은데성능은 부족하네요블루투스연결시키기도좀불편하고 사용중 멍때리고작동이안되는게 자주나타납니다주변 사람들에게디자인에 현혹되지말고다른마우스 사서쓰라고 ",N,블루,Y,,N,,,[긍정] 가격 대비 퀄리티가 좋아서 또 구매했습니다 디자인도 괜찮고 손에 감도 좋고 잘되네요 블루투스로도 쓸 수 있고 USB에 꼽아서도 되고 넘 괜찬은 제품이네요 쨈 아쉬운건 앞뒤 스위치가 있었으면..... [부정] 오자마자 바로 연결해서 써봤는데 괜히 샀네요 이런 마우스 처음 봤습니다. 블루투스로 연결 해보고 무선 연결단자로도 연결해봤는데 둘 다 이상하게 작동합니다. 마우스가 지 멋대로 움직이거나 제가 원하는 대로 움직이지 않네요. 창 끝에 붙어서 떨어지지 않기도 하고요. 만원 버렸네요 몇일 해보고 안되길래 쓰레기통에 던져버렸습니다.
13507880,https://prod.danawa.com/info/?pcode=13507880&cate=112787,데이비드테크 엔보우 NG01 무소음 무선 마우스,데이비드테크 엔보우,7900,A_complete,84,116,,30,PTFE,,1200,30,,,무소음 스위치,"유선,2.4GHz무선",,,N,,N,오른손잡이용,4.68,97,"무선안정성,클릭감,부드러운움직임","배송도 빠르고 군더더기 없는 디자인도 마음에 들어서 잘 사용하고 있었는데 갑자기 먹통이 되더니 마우스가 작동이 되질않네요배터리를 교체해봐도 안되고..꼭 필요한 날인데 갑자기 고장나,무소음이 첫째 목표였는데 크지는 않아도 딸깍딸각 소리가 나네요 이건 무소음은 아닌거 같네요 무소음을 기본으로 찾는 분들에겐 비추합니다",N,,Y,,Y,,에르고,[긍정] 뭐 사람마다 틀릴수 있겠지만솔직히 이거 쓰고 좋은줗 모르겠다는 사람절대 없을듯선이 불편해봤자 얼마나 불편하겠냐…네 많이 불편합니다딸아이가 자기 무선 마우스 잃어버려서제꺼주고 그깟 마우스 유선 쓰자 했는데ㅠㅠ불편해요 ㅠㅠ다시사자니 비싸서 망설였는데흐미??-!!!!!이렇게 싼게 있다니너무 맘에 쏙 듭니다선이 있고 없고가 이렇게 차이나다니반백년 덜살고 깨달았네요 [부정] 배송도 빠르고 군더더기 없는 디자인도 마음에 들어서 잘 사용하고 있었는데 갑자기 먹통이 되더니 마우스가 작동이 되질않네요배터리를 교체해봐도 안되고..꼭 필요한 날인데 갑자기 고장나서 결국 다이소가서 마우스를 구입했습니다.왜 고장이 났는지 이해가 안되네요
19840802,https://prod.danawa.com/info/?pcode=19840802&cate=112787,플레오맥스 MOC-WM90 무선,플레오맥스,8000,D_metadata_only,,94,,94,,AAA,,,,,기계식,무선,,,N,,N,,,,,,N,,N,,Y,,,
17147306,https://prod.danawa.com/info/?pcode=17147306&cate=112787,RHINO GEAR RG-GM100 게이밍 마우스,RHINO GEAR,8000,C_reviews_only,,133,,33,,,,300,,,,유선,,,,,Y,,4,1,,,N,,N,,Y,,,[긍정] 배송빠르고 저렴해서좋아요
14387075,https://prod.danawa.com/info/?pcode=14387075&cate=112787,건평정보통신 IPLEX KP310S,건평정보통신 IPLEX,8030,D_metadata_only,,115,,28,,,1600,1600,,,기계식,유선,,,,,N,오른손잡이용,,,,,N,,Y,,N,,,
19680758,https://prod.danawa.com/info/?pcode=19680758&cate=112787,포트리스 플레이기어 PM121 무소음,포트리스 플레이기어,8120,A_complete,70,115,,39,,,6400,,12,,기계식,유선,,,,,N,오른손잡이용,5,1,,,Y,,Y,,N,,,[긍정] 잘 사용하고 있어요.
5082627,https://prod.danawa.com/info/?pcode=5082627&cate=112787,LKG For LG GM-2000,LKG,8170,A_complete,128,126,,40,PTFE,,3200,40,,1000,,유선,1000,,,,Y,양손,4.62,8,"클릭감,가성비",,Y,,N,,Y,"팜그립,클로그립",에르고,[긍정] 부드럽게 클릭잘되고 빠르나 생각보다 크고 무겁네요..GM-1000을 쓰다가 너무 가볍고 가성비 좋아서 2000은 더욱 좋을거 같아 구입했는데;
12296951,https://prod.danawa.com/info/?pcode=12296951&cate=112787,상도아이앤티 ANYZONE 저소음 무선 마우스 WM-500,상도아이앤티,8280,C_reviews_only,,105,,35,,,,35,,,무소음 스위치,무선,,,N,,N,오른손잡이용,5,1,,,N,,N,,N,,,[긍정] 아주좋아요감사합니다.
13973543,https://prod.danawa.com/info/?pcode=13973543&cate=112787,에이데이타코리아 DDZONE DM-1100BT,에이데이타코리아,8320,C_reviews_only,,108,,30,,AA,,5000,,,기계식,무선,,,N,,N,오른손잡이용,1,1,,노트북 또는 pc 전원을 끄면 마우스에서 불이 계속해서 깜박입니다. 이런 이유로 마우스의 배터리가 빨리 달아서 사용하기 어렵네요 제가 받은 것만 불량인가요? 불량이라면 교환 부탁드,N,,Y,,N,,,[부정] 노트북 또는 pc 전원을 끄면 마우스에서 불이 계속해서 깜박입니다. 이런 이유로 마우스의 배터리가 빨리 달아서 사용하기 어렵네요 제가 받은 것만 불량인가요? 불량이라면 교환 부탁드립니다.
7007410,https://prod.danawa.com/info/?pcode=7007410&cate=112787,마이크로닉스 MANIC E1S 무소음 무선 마우스,마이크로닉스,8400,B_detail_only,45,100,58,35,,AA,1600,35,,,,2.4GHz무선,,,N,,N,오른손잡이용,,,,,N,,Y,,N,,에르고,
32862974,https://prod.danawa.com/info/?pcode=32862974&cate=112787,지클릭커 OFFICEPRO OP04-3WAY 무소음 슬림 블루투스 무선,지클릭커,8400,B_detail_only,44,108,,31,,AA,1600,,,4,기계식,"2.4GHz무선,블루투스",4,,N,5,N,오른손잡이용,,,,,N,블루,Y,,N,,에르고,
69058730,https://prod.danawa.com/info/?pcode=69058730&cate=112787,이음전산 TECHRIVER EMT-01 무선,이음전산,8450,C_reviews_only,,125,,75,,AAA,,,,125,기계식,무선,,,N,,Y,오른손잡이용,5,6,"클릭감,부드러운움직임,가성비",,N,,N,,Y,,,[긍정] 아무리 마우스를 움직여도 마우스커서가 안 움직임. 여기 상품평에 안 좋은 후기가 하나 있던 게 마음에 걸렸으나 다른 평들이 괜찮아서 혹시나하는 마음에 사봤는데... 혹시 이거 살 지 말 지 고민하는 분이 있다면 이거 사지 마세요...
96366035,https://prod.danawa.com/info/?pcode=96366035&cate=112787,디지털케미 DCWM-1100 무선,디지털케미,8600,D_metadata_only,,113,,22,,113mm,,,,,기계식,무선,,,N,,N,,,,,,N,,Y,,N,,,
99736166,https://prod.danawa.com/info/?pcode=99736166&cate=112787,플레오맥스 MOB-201 무선,플레오맥스,8680,D_metadata_only,,,,,,AAA,,,,,,무선,,,N,,N,오른손잡이용,,,,,N,,N,,N,,,
1861572,https://prod.danawa.com/info/?pcode=1861572&cate=112787,라이트닝 스마트마우스 SM9,라이트닝,8790,D_metadata_only,,100,,,,,,,,,,유선,,,,,N,오른손잡이용,,,,,N,,N,,Y,,,
19022381,https://prod.danawa.com/info/?pcode=19022381&cate=112787,플레오맥스 PM-2000 무선,플레오맥스,8800,C_reviews_only,,104,,37,,,,,,,기계식,2.4GHz무선,,,N,,N,,5,1,가성비,,N,,Y,,N,,,[긍정] 가격도 너무 괜찮아서 좋았어요. 새 건전지도 같이 배송 왔고요. 초반엔 살짝 안됐는데 쓰다보니 괜찮아요. 가격 대비 좋습니다
24138914,https://prod.danawa.com/info/?pcode=24138914&cate=112787,MAXTILL MO-M101U,MAXTILL,8810,C_reviews_only,,100,,37.8,,,,37,,,무소음 스위치,유선,,,,,N,오른손잡이용,4.5,12,"무선안정성,클릭감,손목편안함",,N,,Y,,Y,,,[긍정] 울손주가 맘에들어하네여 맘에안들면 어쩌나헀는데 맘에든다고 잘사용중입니다 요즘겜에 몰두하여 유선하나 무선하나 사줬더니교대로 사용중이러라고요 처음엔 기존꺼보다 작다고 그러더니맘에든다하니 좋으네여
5148535,https://prod.danawa.com/info/?pcode=5148535&cate=112787,동현아이 유선 버티컬 마우스 HVM-7,동현아이,8840,C_reviews_only,,100,,65,,,,,,,기계식,유선,,,,2,N,오른손잡이용,4.12,33,"무선안정성,손목편안함,부드러운움직임","중국산 이긴 한데. 너무 냄세가 심해요. 계속 통풍되는곳에 두는데..빨리 없어지지가 않네요,마우스 선의 색이 이미 누렇게 변색 되었네요좀 오래되었나 봅니다,쓴지 한달 안되서 휠버튼 맛탱이가서 스크롤이 오락가락합니다",N,,N,,Y,,에르고,"[긍정] MS의 Sculpt Ergonomic Mouse와 유사한 형태의 저렴한 버전입니다.전체적인 외형은 만족스러운 편입니다. 마우스 커서의 움직임도 제 기준으로는 좋은 편입니다.다만, 버튼이 약간 빡빡하고, 무게가 너무 가볍고(호불호가 있겠습니다), 휠이 가끔 역행합니다(저렴이들의 종특 같은..).하지만, 가격을 생각하면 매우 추천할만 합니다. [부정] 중국산 이긴 한데. 너무 냄세가 심해요. 계속 통풍되는곳에 두는데..빨리 없어지지가 않네요"
103599245,https://prod.danawa.com/info/?pcode=103599245&cate=112787,지클릭커 오피스프로 슈크림 OP15 무선,지클릭커,8900,C_reviews_only,,109,,36,,,,,,,기계식,무선,,,N,,N,,5,1,,,N,,Y,,Y,,,[긍정] 박스안에 생각지도 못했던 건전지 1개가 들어있네요. 서비스 서비스
29806214,https://prod.danawa.com/info/?pcode=29806214&cate=112787,QSENN M2800 무선,QSENN,8900,C_reviews_only,,113,,62,,,,,,,기계식,무선,,,,,N,,4,1,,,N,,Y,,N,,,[긍정] 키보드랑 같은 컬러라 이뻐요~
17787242,https://prod.danawa.com/info/?pcode=17787242&cate=112787,다얼유 LM138 인체공학 버티컬 마우스,다얼유,8900,A_complete,,117,,67.5,,,6400,,,,기계식,유선,,,,6,N,오른손잡이용,4.33,3,,,N,,N,,N,,에르고,[긍정] 다얼유 버티컬 LM138 잘받았어요~
11517275,https://prod.danawa.com/info/?pcode=11517275&cate=112787,제닉스 STORMX WM2 무소음 무선마우스,제닉스,8900,A_complete,95,107.9,,39.5,,PAW 3212,2400,100,,,기계식,"유선,2.4GHz무선,블루투스",,,Y,2,Y,,5,3,,,N,,Y,칼화,N,,에르고,[긍정] 전에 회사에서 쓰려고 검은색 구입해서 잘 쓰고 있어서 집에서 쓸 용도로 하얀색 구매했어요잘사서 잘 쓰고 있어요
14420456,https://prod.danawa.com/info/?pcode=14420456&cate=112787,데이비드테크 엔보우 NG02,데이비드테크 엔보우,8900,C_reviews_only,,102,,25,,,,25,,,기계식,블루투스,,,N,,N,오른손잡이용,4.53,99,"경량,무선안정성,클릭감","전혀 무소음인지 모르겠어요..디자인은 깔끔하고 예쁘고 그립감도 나쁘지않습니다.얇아서 노트북 파우치에 같이 넣어도 그렇게까지 튀어나오지 않아서 좋습니다.근데 단점은 무소음이아닌 저소,usb리시버 연결은 잘되나 블루투스 연결이 안되네요지금 사용하는 무소음 마우스보다 소음이 좀더 있네요블루투스 연결 안되는 거는 교환하기 귀찬아서 그냥 씁니다이럴줄 알았으면 ng01,마우스 휠을 고정하는 축??이 너무 약해서 몇일 못 쓰고휠을 클릭하다 부러졌습니다. 강력본드로 붙여서 몇일 열흘정도 쓰다가 또 부러져서 결국 다른걸로 다시 샀어요.",N,,Y,,N,,,"[긍정] 이 마우스는 광고와 같이 클릭하거나 휠을 돌릴 때 나오는 소리가 적어서 도서관에서도 안심하고 사용할 수 있습니다. 또한, 노트북에는 무선으로 태블릿에는 블루투스로 사용하는데 버튼을 따로 눌러야 하지만 서로간의 전환이 잘 됩니다. 그 버튼의 위치도 휠 부근이어서 바닥에 위치하는 것보다 좋습니다.단점은 마우스패드의 재질에 따라서 마우스의 조정이 매우 까다롭습니 [부정] 전혀 무소음인지 모르겠어요..디자인은 깔끔하고 예쁘고 그립감도 나쁘지않습니다.얇아서 노트북 파우치에 같이 넣어도 그렇게까지 튀어나오지 않아서 좋습니다.근데 단점은 무소음이아닌 저소음마우스인것보다제거가 불량인건지 뭔지 너무 연결이 빨리 끊깁니다..10분도 안되서 연결끊기고 재연결해야하고..블루투스라 그런가 싶어서 리시버 바로 꽂아도 똑같네요.. ㅠ매번 재연결"
95846816,https://prod.danawa.com/info/?pcode=95846816&cate=112787,AULA SC311 유무선,AULA,8900,D_metadata_only,,112,,39,,,,,,1000,기계식,유선,,,Y,,Y,오른손잡이용,,,,,N,,N,,Y,,,
27857573,https://prod.danawa.com/info/?pcode=27857573&cate=112787,MAXTILL MO-M303U,MAXTILL,8900,C_reviews_only,,113.5,,35.5,,,,,,,무소음 스위치,유선,,,,,N,오른손잡이용,4.21,14,경량,배송도 늦고 비닐포장만 덩그러니제품박스도 찌그러지고 아주 최고네요,N,,N,,N,,,"[긍정] 푸하하핫... 낮에 택배 받아서, 컴퓨터에 연결하고 잘 쓰고 있었는데... 상품평 쓰려고, GS SHOP 로그인 해보니 상품이 다른게 온거네요. 주문한건 MO-M303U 인데, 택배 온건 MO-M101U 이거네요. 어째 마우스가 좀 작다 싶었습니다. 한손에 쏙 들어오는게.. 내가 사이즈를 잘못 보고 주문했나 싶었는데... 다른 상품이 왔던거라는... 반품  [부정] 배송도 늦고 비닐포장만 덩그러니제품박스도 찌그러지고 아주 최고네요"
20680067,https://prod.danawa.com/info/?pcode=20680067&cate=112787,MSI M99,MSI,8920,C_reviews_only,,129,,41,,,,,,,기계식,유선,,,,,N,오른손잡이용,5,3,,,N,,N,,Y,,,[긍정] 나쁜 점 없고 그냥 주문한 제품 그대로 왔음밀봉 잘 되어 있는 점 좋았어요
5399666,https://prod.danawa.com/info/?pcode=5399666&cate=112787,로지텍 G102 PRODIGY,로지텍,9110,A_complete,85,116.6,,38.2,,,,38,,1000,기계식,"유선,2.4GHz무선,블루투스",1000,USB-C,Y,7,Y,,4.72,40,무선안정성,근데 가격은 PRODIGY으로 팔고 있어요상품명을 바꿔주시던지 가격을 바꿔야하는거 아닌가요?엄연히 다른 제품인데 왜 제목으로 혼동을 주시는거죠?,N,,Y,,Y,,,[긍정] 잘 받고 잘 사용하고 있습니다기존 무선보다 좋은데 중간 휠이 상대적으로 힘이 많이 들어가네요 전 개인적으론 돌리면 계속 돌아가는 스타일이 좋았던것 같습니다. [부정] 근데 가격은 PRODIGY으로 팔고 있어요상품명을 바꿔주시던지 가격을 바꿔야하는거 아닌가요?엄연히 다른 제품인데 왜 제목으로 혼동을 주시는거죠?
106695602,https://prod.danawa.com/info/?pcode=106695602&cate=112787,DOXX DX-WM10 무선,DOXX,9210,D_metadata_only,,100,,35,,AAA,,35,,,기계식,무선,,,N,,N,오른손잡이용,,,,,N,,N,,Y,,,
17203655,https://prod.danawa.com/info/?pcode=17203655&cate=112787,알텍랜싱 ALGM9525 게이밍 마우스,알텍랜싱,9210,D_metadata_only,,128,,42,,,,42,,,,유선,,,,,Y,오른손잡이용,,,,,N,,N,,N,,,
5782824,https://prod.danawa.com/info/?pcode=5782824&cate=112787,삼성전자 SPA-JMA1PUB,삼성전자,9300,C_reviews_only,,113,,38,,,,,,,기계식,유선,,,,3,N,오른손잡이용,4.72,100,"배터리,무선안정성,클릭감","삼성전자 저소음 유선마우스 SPA-JMA1PU 가정용 사무용 블랙 스타배송, 색상 : SPA-JMA1PU 블랙을 구매 후 삼성전자 저소음 유선마우스 SPA-JMA1PU 가정용 사무,삼성꺼라 샀는데 조악하네요! 마우스 무게가 일부로 무겁게 한건지 무거고 버튼은 붙어 있는 느낌. 조작 느낌을 느낄 수 없음. 차라리 싸구러 C급 마우스 3개 사서 쓰는게 좋을듯..,케이블 길이가 1M정도 부족해요. 노트북 사용할 때나 필요하지 피씨 사용할 때는 더 긴 케이블의 마우스를 고려해야 할 지도.저는 어쩔수 없이 USb연장 케이블을 별도로 주문했어요.",N,블랙,Y,,Y,,,"[긍정] 가격도 착하고 저렴하고! 그립감도 괜찮고~~부드럽고 매끄럽고 예뻐요 ㅎㅎ뭣보다 전에 사용하던 것은딸칵 딸그락 소리가 유독 심해서 너무 불편하고 불쾌했는데고장난김에 바꿔야겠다 마음먹고 찾아보니 소음이 없는 제품이라고 나와있어서 이거다! 싶었습니다 ㅎㅎㅎ예쁘고 가격도 착하고 좋아요!! 참 잘 산 것 같네요~~~^^소음이 없어서 언제고 아무때고 눈치 안보고 쓸수 [부정] 삼성전자 저소음 유선마우스 SPA-JMA1PU 가정용 사무용 블랙 스타배송, 색상 : SPA-JMA1PU 블랙을 구매 후 삼성전자 저소음 유선마우스 SPA-JMA1PU 가정용 사무용 블랙 마우스 좌, 우측을 클릭 해보니 저소음은 아니고, 달각 달각 고소음의 소리가 납니다. 저소음인 줄 알고 구매했는데, 삼성전자에서는 저소음 유선 블랙 광마우스는 없는 건가요"
94260557,https://prod.danawa.com/info/?pcode=94260557&cate=112787,inphic M1P 무선,,9330,D_metadata_only,,112,,27,,,,27,,,기계식,무선,,,Y,,Y,,,,,,N,,Y,,N,,,
27545426,https://prod.danawa.com/info/?pcode=27545426&cate=112787,MAXTILL ALL IN ONE GM-MCU10,MAXTILL,9380,C_reviews_only,,118,,38,,,,,,,,유선,,USB-C,,,N,,4.67,6,"무선안정성,가성비",,N,,N,,Y,,,[긍정] 맥스틸 무선 키보드랑 세트로 사용중이었는데이상하게 무선마우스만 계속 먹통이어서스트레스 받아서 유선으로 구매했는데저렴한편인데 성능은 좋은거 같네요 C타입 지원이라 다른 기기에서도활용 가능하다고 해서 구매했습니다문제없이 잘 쓰고 있네요
19239407,https://prod.danawa.com/info/?pcode=19239407&cate=112787,인켈 IK-WAM01 무선,인켈,9390,D_metadata_only,,100,,31,,AA,,60,,,기계식,무선,,,N,,N,오른손잡이용,,,,,N,,Y,,Y,,,
14836571,https://prod.danawa.com/info/?pcode=14836571&cate=112787,코시 M2103G LED 타공 게이밍 마우스,코시,9400,C_reviews_only,,125.1,,39.2,,,,,20,,기계식,유선,,,,,Y,오른손잡이용,5,1,무선안정성,,N,,N,후아노,Y,,,[긍정] 무선인 줄 잘못 구매요.. ㅜ.ㅠ
1796628,https://prod.danawa.com/info/?pcode=1796628&cate=112787,로지텍 M100r (정품),로지텍,9480,A_complete,90,112,62,36,,,1000,1000,,,기계식,"유선,2.4GHz무선,블루투스",,USB-C,Y,8,Y,오른손잡이용,4.59,88,가성비,"기존에 사용하던 사이즈 보다 좀 크고 부드럽지도 않고 드르륵 소리가 많이나요 C사보다 많이 비싸요 빅스마일 데이 무색케 하네요,포장도 이상이 없었는데 설치하면서 보니 사용감이 있습니다.고장나서 산거라 그냥 사용은 하는데 .... 뭘까요...,아들이 맘에 안든다고 툴툴거려요",N,,Y,,Y,,"대칭형,에르고","[긍정] 배송 빠르고 일단 잘 되네요일단 써봐야 알겠지만...게임을 자주하는 편이라 전에 쓰던게 너무 빨리 고장나서게이밍 마우스 시키려다가 뭐 이것저것 버튼이 많이 붙어있고게임뿐만 아니라 업무(포토샵, 워드 등) 도 많이 하는편이라게이밍 마우스 포기하고 게이밍 기기(?)로 유명한 로지텍꺼 시켰는데로지텍에서 다 내구도 좋게 만들지 어쩔지는 써봐야 알겠네요암튼 배송은  [부정] 기존에 사용하던 사이즈 보다 좀 크고 부드럽지도 않고 드르륵 소리가 많이나요 C사보다 많이 비싸요 빅스마일 데이 무색케 하네요"
74249015,https://prod.danawa.com/info/?pcode=74249015&cate=112787,코시 M4130BT 무선,코시,9500,D_metadata_only,,111,,25,,,,,,,기계식,무선,,,Y,,N,,,,,,N,,Y,,N,,,
7948489,https://prod.danawa.com/info/?pcode=7948489&cate=112787,RIZUM M102 무소음 블루투스 마우스,RIZUM,9530,D_metadata_only,,106,,40,,,,102,,,기계식,블루투스,,,,,N,,,,,,N,블루,Y,,Y,,,
2394149,https://prod.danawa.com/info/?pcode=2394149&cate=112787,라이트컴 COMS WE050,라이트컴 COMS,9700,A_complete,53,105,55,32,,,1000,,,,기계식,블루투스,,,N,,N,,4.5,2,,,N,,N,,N,,,[긍정] 상품 및 배송 만족합니다.
18236948,https://prod.danawa.com/info/?pcode=18236948&cate=112787,제닉스 STORMX WM1 무선 마우스,제닉스,9890,C_reviews_only,,109,,38.8,,PAW-3212,,38,,,기계식,유선,,,N,6,N,,4.75,55,"배터리,클릭감,부드러운움직임","로지텍 G304가 넉달만에 휠 튐(역방향작동) 현상 나서 두번째 G304 구입이번엔 두달만에 똑같은 증상 발생참고로 둘다 정품입니다답답해서 유선마우스로 빽할까하다 이 제품 눈에 띄,배송/취소/재주문등 트러블이 있었는데 이 부분은 거두절미하고상품은 받았지만 새 상품은 아닌 듯 합니다.마우스 하부 슬라이드 패딩 부분에 때가 끼어있고 스크래치등 사용 흔적이 있네요",N,,N,칼화,N,,,[긍정] 로지텍보다 그립감이 좋은것 같고 특히 클릭버튼들이 좋습니다.사용시간도 AAA배터리 한개로 상당히 오래갑니다.6개월이상 사용해보고 좋아서 추가 구매했습니다.적극추천합니다. [부정] 로지텍 G304가 넉달만에 휠 튐(역방향작동) 현상 나서 두번째 G304 구입이번엔 두달만에 똑같은 증상 발생참고로 둘다 정품입니다답답해서 유선마우스로 빽할까하다 이 제품 눈에 띄어서 그립감 등등 다 신경안쓰고휠이 1년은 멀쩡하겠지 하고 샀더니이 녀석은 3주만에 휠 팀(역방향작동) 발생회사에서 쓰는 유선마우스는 3년째 멀쩡한데....이놈의 무선마우스들은 엔
15086186,https://prod.danawa.com/info/?pcode=15086186&cate=112787,알텍랜싱 ALBM7624 무선 버티컬 마우스,알텍랜싱,9890,A_complete,,112,,47,PTFE,AA,1600,47,,,기계식,블루투스,,,N,,N,오른손잡이용,5,1,,,N,,N,,N,,"대칭형,에르고",[긍정] 잘 받았습니다. 잘 쓸게요^^
17292044,https://prod.danawa.com/info/?pcode=17292044&cate=112787,아이리버 MEDIC-WM5 항균 무소음 무선 마우스,아이리버,9890,C_reviews_only,,107,,40,,,0,,,,,무선,,,N,2,N,,4.58,100,,"무소음 마우스라고 적혀있지만 딸깍거리는 소리가 상당히 큽니다 도서관등 조용한곳에서 써야하면 절대 비추천 합니다 저소음 수준도 아니고 그냥 일반 마우스랑 비슷합니다,전용 파우치 증정인데 업체가 지급하지 않는다고 보내주지 않음 그러고 땡 문의하기 전에 미리 연락이라도 해 줘야 되는거 아닌가요?,작동은 잘되나 외부 우측 아래하단부에 이물질이붇어있네요. 외부 검수는 잘해주시는게 어떨런지요.",N,,Y,,N,,,"[긍정] 무광 검정색은 아랫부분 차콜색과 투톤으로 되어 있슴.이전에 4년 반 가량 사용한 EQwear-V50 검정색은 피아노 건반 블랙이며, 또한 유광 피아노 건반 화이트로 괭장히 고급스러웠고 소음도 없었으며, 무었 보다도 자동으로 sleep모드로 전환되었기 때문에 일일이 껐다 켰다 하지 않아도 되었는데.... 이 점은 좀 아쉽네요.그래도 4,000 dpi 라는 점 [부정] 무소음 마우스라고 적혀있지만 딸깍거리는 소리가 상당히 큽니다 도서관등 조용한곳에서 써야하면 절대 비추천 합니다 저소음 수준도 아니고 그냥 일반 마우스랑 비슷합니다"
3618801,https://prod.danawa.com/info/?pcode=3618801&cate=112787,DELL MS116,DELL,9900,C_reviews_only,,,,,,,,,,,,유선,,,,,N,,4.81,42,"경량,배터리,클릭감",배송이 너무 느려요. 함참 걸리는거 같아요. 그래서 좀 그랬어요.,N,,N,,N,,,"[긍정] 이 제품은 디월트 보급형 모델입니다.힘은 상당하나 킥백 방지 기능이 없으므로 클러치를 높게 맞추고 작업 시에는 손목을 조심할 필요가 있으므로, 손목 보호를 원한다면 상위 모델을 선택하는 것이 좋습니다.알리에서 파는 중국산 18V 카피 제품은 가격 면에선 훨씬 싸지만, 소음이나 트리거링의 정밀성, 2단 고회전에서의 기어 마찰 충격 등을 본다면 디월트 7781 [부정] 배송이 너무 느려요. 함참 걸리는거 같아요. 그래서 좀 그랬어요."
5631622,https://prod.danawa.com/info/?pcode=5631622&cate=112787,플레오맥스 MO-ER50 인체공학 마우스,플레오맥스,9900,A_complete,120,110,,65,,,2400,,,,,"유선,블루투스",,,Y,4,N,,4.32,37,"배터리,손목편안함,가성비","심하게 화학 물질 냄새가 나서 바로 버렸어요.,사용하던거라 다시 구매했습니다.",N,,N,,N,,에르고,"[긍정] 우선 제 손은 중지 기준으로 손바닥 끝까지 15.5cm, 그리고 특히 새1끼 손가락이 짧아서 네번째 손가락이랑 한마디 차이가 나는 정도임버티컬 찾다가 찾다가 사람들이 제발 작은거 사래서 한참을 비교하다가 그나마 작아보이는 이 제품을 고르게됨DPI변경도 되고 4 5번 버튼 있는것도 좋음근데 매우 매끈거려서 잘 미끄러진다는 점은 다른분들이 말해서 감안하고 사셨 [부정] 심하게 화학 물질 냄새가 나서 바로 버렸어요."
6436192,https://prod.danawa.com/info/?pcode=6436192&cate=112787,삼성전자 SPA-JMA1PUW 유선 마우스,삼성전자,9900,A_complete,100,113,,38,PTFE,,1000,,,,기계식,유선,,,,,N,오른손잡이용,4.81,100,"배터리,무선안정성,클릭감",,N,,N,,Y,,대칭형,[긍정] 스마일 배송임에도 만2일 걸림. 광고창에 다음날 도착은 신뢰할 수 없음. 같이 주문한 일반배송보다 하루 더 걸림. 아무튼 제품은 아주 좋아요. 무선마우스 의 단점 때문에 항상 유선마우스 사용하고 있슴니다. 게임을 하지 않는다면 굳이 비싼 게이밍마우스 살 필요 없음. 오히려 보안상 또는 부가적인 프로그램 설치하지 않아도 됩니다.
15646220,https://prod.danawa.com/info/?pcode=15646220&cate=112787,이큐웨어 이큐메딕 Sanitize-WM1 항균 무소음 무선 마우스,이큐웨어,9900,B_detail_only,50,110,,25,,,1600,2400,,,기계식,"2.4GHz무선,블루투스",,,N,4,N,오른손잡이용,,,,,N,,Y,,N,,에르고,
45312821,https://prod.danawa.com/info/?pcode=45312821&cate=112787,이음전산 스마텍 STM-BT4000 무선,이음전산,9900,C_reviews_only,,,,79,,,,,,,기계식,블루투스,,,Y,,N,,4.67,3,"배터리,가성비",,N,,Y,,N,,,[긍정] 작고 귀여운 블루투스 마우스네요 다른기기 2대더 연결되고 좋아요
17115809,https://prod.danawa.com/info/?pcode=17115809&cate=112787,RHINO GEAR RG-EM100 버티컬 마우스,RHINO GEAR,9900,A_complete,125,110,,65,,65mm,1600,100,,,,유선,,,,6,N,,4.64,6,"손목편안함,디자인,가성비",,N,,N,,Y,,에르고,"[긍정] 빠른 배송 감사합니다 착한가격에 구매하였습니다 가격대비 가성비 최고입니다한손에 딱 들어와서 사용이 너무 편리하고, 손목에 부담이 없어서 좋아요더욱 번창하세요....^^"
6111508,https://prod.danawa.com/info/?pcode=6111508&cate=112787,HP Wireless Mouse 200,HP,9900,C_reviews_only,,130,,50,,,,,,,기계식,무선,,,N,,N,,5,9,,,N,,N,,Y,,,[긍정] 인식속도 빠르고 성능 최고입니다. 생각보다 작아서 더 좋네요
52261592,https://prod.danawa.com/info/?pcode=52261592&cate=112787,지클릭커 OFFICEPRO 아이스푸딩 투명 블루투스 무선,지클릭커,9900,D_metadata_only,,109,,30,,109mm,,125,,125,,블루투스,125,,Y,,N,,,,,,N,블루,N,,N,,,
20348936,https://prod.danawa.com/info/?pcode=20348936&cate=112787,퓨전에프앤씨 INOTE M60RB 무선 블루투스,퓨전에프앤씨,9900,D_metadata_only,,100,,34,,,,,,,기계식,블루투스,,,N,,N,오른손잡이용,,,,,N,블루,Y,,Y,,,
14778641,https://prod.danawa.com/info/?pcode=14778641&cate=112787,머레이 BM-350 블루투스 마우스,머레이,9900,C_reviews_only,,108,,20,,,,,,,기계식,블루투스,,,Y,,N,오른손잡이용,5,3,,,N,블루,Y,,Y,,,[긍정] 감사합니다. 잘 받았습니다.
36791867,https://prod.danawa.com/info/?pcode=36791867&cate=112787,ATTACK SHARK X2 Pro 유무선,ATTACK SHARK,9900,C_reviews_only,,125,,42,,PAW-3212,,3212,,,,"유선,블루투스",,,Y,,Y,오른손잡이용,4.54,13,"디자인,가성비",,N,,N,,N,,,"[긍정] 처음에는 화이트 색상으로 주문했지만, 배송이 너무 지연되어 블랙 색상으로 변경했습니다.블랙 제품은 어제 받았고, 실제로 받아보니 고급스러워서 매우 만족합니다!변경 후에는 약 5일 내로 배송되어 다행이었지만, 초반 배송 지연은 아쉬웠어요.배송은 조금 아쉬웠지만, 제품 자체는 정말 마음에 듭니다 :)"
16876520,https://prod.danawa.com/info/?pcode=16876520&cate=112787,RHINO GEAR RG-GM300 RGB 게이밍 마우스,RHINO GEAR,9900,D_metadata_only,,,,,,,,,,,HUANO 스위치,유선,,,,,Y,,,,,,Y,,N,,N,,,
20188586,https://prod.danawa.com/info/?pcode=20188586&cate=112787,이메이크 MW1 무선,이메이크,9900,D_metadata_only,,108,,39,,AA,,,,,기계식,무선,,,N,,N,오른손잡이용,,,,,N,,Y,,Y,,,
6352007,https://prod.danawa.com/info/?pcode=6352007&cate=112787,갤럭시 XANOVA MENSA 게이밍 마우스,갤럭시,9970,B_detail_only,126,115,,38,,PIXART PWM 3325,5000,115,,1000,기계식,유선,1000,USB-C,,6,Y,오른손잡이용,,,,,Y,,N,옴론,Y,,,
5517061,https://prod.danawa.com/info/?pcode=5517061&cate=112787,아이리버 IR-M1 Mute,아이리버,9990,A_complete,80,115,,33.7,,115mm,3200,100,,,기계식,유선,,,,,N,양손,4.45,38,"경량,클릭감,가성비","제품 무소음성능 썩좋진 않네요 집에 있는 한성무소음마우스랑 비교하니 약간 민감한 사람에게는 신경쓰일수 있을거같습니다. 스크롤소음도 좀 있구요.,디자인 이쁘고,가격 착해서 구입했는데 실망이네요.글릭감과 클릭감이 꽝이에요.유투브에서 가성비 좋은 마우스 검색하고 결정하세요.,배송 느리고, 마우스 딸칵 소리도 나는데, 제것만 그런건지??",N,,Y,,N,,에르고,[긍정] 매끈한 표면 하얀색이 무척이나 깨끗한 느낌을 줍니다예전 색색의마우스 불빛이 주인이 없는 공간에서도 말없이 빛나곤 했던 기억을 떠올리면 약간은 생소한 느낌이 들긴 하지만조용하고 현란한 빛이 없다는 점을 생각해보면 주로 도서관이나 조용한 사무공간에서 잘 쓰여질것 같다는 생각이 듭니다딸깍거리는 소리도 없고 번쩍이는 빛도 없고 무척이나 만지는 촉감이 매끄럽습니다하 [부정] 제품 무소음성능 썩좋진 않네요 집에 있는 한성무소음마우스랑 비교하니 약간 민감한 사람에게는 신경쓰일수 있을거같습니다. 스크롤소음도 좀 있구요.
15518600,https://prod.danawa.com/info/?pcode=15518600&cate=112787,갤럭시 갤라즈 GALAX EX-02 게이밍 마우스,갤럭시,10000,D_metadata_only,,128,,40,,SPCP180A,3200,3200,,,,유선,,,,,Y,오른손잡이용,,1,,,N,,N,,N,,,
72914813,https://prod.danawa.com/info/?pcode=72914813&cate=112787,몬스타 가츠 크루 엘리트,몬스타,10000,B_detail_only,62,116.5,,36.5,PTFE,[불명확],3600,36,,,기계식,유선,,,,,Y,,,,,,Y,,Y,후아노,N,,에르고,
12663698,https://prod.danawa.com/info/?pcode=12663698&cate=112787,팬웨스트 PW815 무소음 무선마우스,팬웨스트,10000,A_complete,57,103.7,,38.95,,"103.7mm
-",1600,,,,기계식,2.4GHz무선,,,N,2,N,,5,1,,,N,,Y,칼화,N,,에르고,[긍정] 잘받았습니다. 감도가 좋아요. 잘 쓰겠습니다...
62175662,https://prod.danawa.com/info/?pcode=62175662&cate=112787,코시 M2249BT 무선,코시,10070,C_reviews_only,,102,,32,,,,32,,,기계식,무선,,,,,N,,4.27,11,가성비,보통입니다보통입니다보통입니다보통입니다보통입니다보통입니다보통입니다보통입니다보통입니다보통입니다,N,,Y,,N,,,"[긍정] 가볍고, 인식잘되고, 부드럽게 동작됩니다. 가성비 좋습니다. [부정] 보통입니다보통입니다보통입니다보통입니다보통입니다보통입니다보통입니다보통입니다보통입니다보통입니다"
29488946,https://prod.danawa.com/info/?pcode=29488946&cate=112787,GDEVIL M228W 무선,GDEVIL,10110,D_metadata_only,125,,,,,,,125,,,저소음 스위치,무선,,,N,,N,오른손잡이용,,,,,N,,N,,N,,,
30066485,https://prod.danawa.com/info/?pcode=30066485&cate=112787,MAXTILL GM-MCU20,MAXTILL,10470,C_reviews_only,,117,,38,,,,,,,기계식,,,,,,Y,,2,1,,같은 값이면 타사 110모델을 구입하겠습니다.클릭소리는 타사는 도곡도곡이리면 얜 또곡또곡입니다.센서가 미묘하게 튑니다. 드득드득거린달까요 체감되는 정도입니다.단순히 저가제품의 한계,N,,Y,,N,,,[부정] 같은 값이면 타사 110모델을 구입하겠습니다.클릭소리는 타사는 도곡도곡이리면 얜 또곡또곡입니다.센서가 미묘하게 튑니다. 드득드득거린달까요 체감되는 정도입니다.단순히 저가제품의 한계라기엔 타사 비교군이 있으니 기술력 차이 또는 원가절감(판매이익 극대화)이라고 생각됩니다.
17951666,https://prod.danawa.com/info/?pcode=17951666&cate=112787,Actto AWM-01,Actto,10470,C_reviews_only,,107,,35,,,,107,,,무소음 스위치,무선,,,N,,N,오른손잡이용,5,1,,,N,,N,,N,,,[긍정] 2022.8.생산제품이에요.
108461255,https://prod.danawa.com/info/?pcode=108461255&cate=112787,TGIC TG-GM5,TGIC,10500,B_detail_only,,123,,75,,,3600,,,,,유선,,,,6,N,오른손잡이용,,,,,Y,,N,,N,,에르고,
12508982,https://prod.danawa.com/info/?pcode=12508982&cate=112787,MSI GM08,MSI,10660,B_detail_only,92,128,,40.5,PTFE,PAW-3519,4200,40,,1000,광학,유선,1000,,,6,Y,오른손잡이용,,,,,N,,N,,Y,,"대칭형,에르고",
90158981,https://prod.danawa.com/info/?pcode=90158981&cate=112787,코시 M2274WLBT 무선,코시,10670,C_reviews_only,,99,,99,,,,,,,기계식,무선,,,Y,,N,오른손잡이용,4.15,20,,"마우스 설명서대로 했으나 커스가 화면에 붙어 움직이지 않음. 충전케이블 마우스 접촉부 하루만에 철부분이 빠져 충전이 안됨. 별 하나도 아까움. 시간이 조금 경과하면(1 ~ 2분) ,jt nsumy eumsyn smy m",N,,Y,,N,,,[긍정] 잘 받았습니다. 충전 중 인데 충전 케이블이 엄청 짧아요. 무소음이라 하여 도서관에서 노트북 사용하려고 구입했습니다 [부정] 마우스 설명서대로 했으나 커스가 화면에 붙어 움직이지 않음. 충전케이블 마우스 접촉부 하루만에 철부분이 빠져 충전이 안됨. 별 하나도 아까움. 시간이 조금 경과하면(1 ~ 2분) 커스 생성도 안됨
10322016,https://prod.danawa.com/info/?pcode=10322016&cate=112787,For LG 저소음 무선 마우스 LGA-MARK2,For LG,10700,C_reviews_only,,106.8,,36,,,,,,,기계식,유선,,,N,,N,오른손잡이용,4.86,7,가성비,,N,,N,,N,,,[긍정] 전에도 샀던 것인데 많이 올라서 여기저기 고르다가 이곳이 마침 옛날 가격이고 그리고 또 옥션 빅스마일 세일 할인기간이라서 좋은 가격으로 잘 산 것 같네요.
8100667,https://prod.danawa.com/info/?pcode=8100667&cate=112787,상도아이앤티 ANYZONE G120 EFREET 게이밍 마우스,상도아이앤티 ANYZONE,10790,C_reviews_only,,120,,37,,37mm,,120,,,,유선,,,,,Y,,5,2,,,N,,N,,N,,,[긍정] 배송도빠르고재품도좋네요감사합니닫가삼합니다
16346786,https://prod.danawa.com/info/?pcode=16346786&cate=112787,RHINO GEAR RG-WM10 저소음 무선 마우스,RHINO GEAR,10790,D_metadata_only,,107,,35,,AA,,1000,,,기계식,무선,,,N,,N,,,,,,N,,N,,Y,,,
78096818,https://prod.danawa.com/info/?pcode=78096818&cate=112787,플레이고 M10 무선,플레이고,10800,D_metadata_only,,112.5,,27.5,,,,112,,,,무선,,,Y,,N,오른손잡이용,,,,,N,,N,,N,,,
74248964,https://prod.danawa.com/info/?pcode=74248964&cate=112787,코시 M2259BT 무선,코시,10900,C_reviews_only,,111,,25,,111mm,,25,,,기계식,블루투스,,,Y,,N,,4.69,49,"배터리,클릭감,부드러운움직임",ㅓㅇㄹ ㅈ5죠 ㅂ졸여5 뎌5ㅈ ㅈ,N,,Y,,N,,,"[긍정] 우선 건전지로 작동하는 게 아니라서 호기심에 구입했는데 충전은 잘 됐습니다. 아직 사용을 거의 하지 않아 클릭 시의 부드러움이나 커서의 움직임 부드러움 등에 대한 리뷰를 하기에는 문제가 있어 충전에는 문제가 없다는 것만 확인했습니다. 가격이나 충전여부에는 만족스러웠습니다. 앞으로 많이 사용할 예정인데, 문제없이 잘 사용했으면 하는 바람도 있습니다. 많이 파 [부정] ㅓㅇㄹ ㅈ5죠 ㅂ졸여5 뎌5ㅈ ㅈ"
15305819,https://prod.danawa.com/info/?pcode=15305819&cate=112787,팬웨스트 BT3050 블루투스 마우스,팬웨스트,10900,C_reviews_only,,99,,99,,,,36,,,무소음 스위치,블루투스,,,N,,N,오른손잡이용,4,1,,,N,블루,N,,N,,,[긍정] 배송도 좋고 마우스도 작동도 잘 됩니다하나빼는 이유는 생산때 문제인지 몇군데 까만게 묻어서 안짐
12448376,https://prod.danawa.com/info/?pcode=12448376&cate=112787,DOXX DX-WM7500,DOXX,11000,D_metadata_only,,96,,96,,AA,,7500,,,,무선,,,N,,N,,,,,,N,,N,,Y,,,
41826701,https://prod.danawa.com/info/?pcode=41826701&cate=112787,지클릭커 슈퍼히어로 OP90 벤투스 게이밍 커스텀,지클릭커,11150,C_reviews_only,,120,,39.2,,,,39,,1000,기계식,유선,1000,,,,Y,오른손잡이용,5,1,,,N,,N,,N,,,"[긍정] 배송도 빠르고, 상품도 안전하게 잘 왔어요~사무용이나 게임용으로 무난하게 사용하기 좋아요~~"
15994937,https://prod.danawa.com/info/?pcode=15994937&cate=112787,For LG LGA-CM100 무선 마우스,For LG,11160,C_reviews_only,,100,,35,,AA,,35,,,기계식,무선,,,N,,N,오른손잡이용,4.75,4,가성비,,N,,Y,,Y,,,[긍정] 무소음에 사이즈도 적당하고 휠도 부드럽게 굴러가네요..
4686570,https://prod.danawa.com/info/?pcode=4686570&cate=112787,TG삼보 TG-M8500G 무선 마우스,TG삼보,11200,D_metadata_only,,105,,36,,,,36,,,기계식,무선,,,N,,N,오른손잡이용,,,,,N,,N,,N,,,
4315444,https://prod.danawa.com/info/?pcode=4315444&cate=112787,로지텍 M170,로지텍,11250,A_complete,85,97.7,,97.7,,,,35,,,기계식,"유선,2.4GHz무선,블루투스",,USB-C,Y,7,Y,오른손잡이용,5,1,무선안정성,,N,,Y,,Y,,,[긍정] 무선마우스 작동 잘되고 조항요
16169099,https://prod.danawa.com/info/?pcode=16169099&cate=112787,Actto MSC-227 베이시스 타입C 무선 마우스,Actto,11290,C_reviews_only,,107,,36,,AAA,,36,,,기계식,무선,,USB-C,N,,N,오른손잡이용,4.76,21,"무선안정성,클릭감",,N,,Y,,Y,,,[긍정] 사려는 노트북이 C타입 포트 밖에 없어서 구매했는데 갤탭에 꽂아봤는데도 잘 되었습니다.저소음 마우스 답게 클릭 소리 안 나고 건전지 2개 들어가서 그런지 적당히 묵직해서 마음에 들어요.(무겁지는 않아요!) (건전지 2개는 기본 제공이던데 전 처음에 신나서 못 보고 다른 거 끼웠어요ㅋㅋ)아쉬운 점은 리시버가 조금 두꺼워서 노트북에 꽂고 다니기는 조금 불안해요
94260398,https://prod.danawa.com/info/?pcode=94260398&cate=112787,inphic F1 무선,,11300,D_metadata_only,,120,,40,,,,40,,,기계식,무선,,,Y,,N,,,,,,N,,Y,,N,,,
16666907,https://prod.danawa.com/info/?pcode=16666907&cate=112787,MAXTILL GM-WEM30L 무소음 무선 버티컬 마우스,MAXTILL,11390,C_reviews_only,,122.6,,77.4,,,,77,,,기계식,무선,,,N,,N,,5,2,"클릭감,손목편안함,디자인",,N,,Y,,Y,,에르고,[긍정] 가성비용 버티컬입문용으로 좋아요 무소음 효과좋고 클릭감은 좋은데 휠움직이는게 부럽지못하고 dpi변경도 별로티가안나요 무광처리도 깔끔하고 박스안에 aaa건전지 두개가 들어있어 바로쓸수 있어요
15518558,https://prod.danawa.com/info/?pcode=15518558&cate=112787,갤럭시 갤라즈 GALAX EX-01 게이밍 마우스,갤럭시,11400,B_detail_only,126,124,,38,,A725,7200,38,,,기계식,유선,,,,8,Y,오른손잡이용,,1,,,Y,,N,,Y,"팜그립,클로그립",에르고,
19954388,https://prod.danawa.com/info/?pcode=19954388&cate=112787,로지텍 M186,로지텍,11500,A_complete,85,99,,99,,,,,,,기계식,"유선,2.4GHz무선,블루투스",,USB-C,Y,2,Y,,4.8,15,무선안정성,,N,,Y,,Y,,,"[긍정] M186(로지텍 정품 / 정품포장 / 병행수입) 무선마우스, 배송 잘 받았습니다."
12114062,https://prod.danawa.com/info/?pcode=12114062&cate=112787,스카이디지탈 NMOUSE 4K REMASTER 게이밍 마우스,스카이디지탈,11540,B_detail_only,80,114.58,,38.72,,#NAME?,10000,100,20,1000,기계식,유선,1000,,,6,Y,오른손잡이용,,2,,,Y,,N,칼화,Y,"팜그립,핑거그립",,
70675091,https://prod.danawa.com/info/?pcode=70675091&cate=112787,MSI FORGE GM100,MSI,11610,B_detail_only,108,120,,40,,,6400,,,,기계식,유선,,,,7,Y,오른손잡이용,,,,,Y,,N,,N,"팜그립,클로그립",대칭형,
2394095,https://prod.danawa.com/info/?pcode=2394095&cate=112787,라이트컴 COMS BM-698,라이트컴 COMS,11690,C_reviews_only,,105,,25,,,,,,,,무선,,,N,,N,,4.67,9,가성비,안정성이 떨어 집니다.,N,,N,,N,,,"[긍정] 휴대하기 좋은 마우스로는 가성비가 매우 훌륭하여, 버티칼과 연동하는 새 노트북의 외출용으로 또 구매. [부정] 안정성이 떨어 집니다."
10661763,https://prod.danawa.com/info/?pcode=10661763&cate=112787,코시 M3469WL 세미 버티컬 오피스 무선 마우스,코시,11770,C_reviews_only,,112,,46,,46mm,,112,,,,유선,,,N,3,N,,4.46,98,"배터리,무선안정성,클릭감","안녕하세요 그립감은 좋은데 정말 밧데리가 빨리소모됩니다. 한달도 안되었는데 밧데리가 벌써 3개사용했어요 1개는 그대로인데 반품가능할까요,배송은보통인데 사용해보니 조금씩 늘어지네여포인터가 정확하게 찍히는게 아니라. 조금씬 늘어져서 제대로 포인터가 찍혀지지 않네여.,마우스 커서가 가끔식 이상한위치로 이동합니다. 싼게 비지떡",N,,Y,,N,,에르고,[긍정] 마우스가 기능적으로 1인치 안의 공간에서 몇개의 점(공간)을 인식할수 있는지 .. ( dpi ) 에 따라서 가격차이가 많이 납니다. 문서작업만 하는거라서 굳이 고가의 마우스를 사용할 필요는 없는지라 .. 값싸고 사용하기 편하고 .. 세미버티칼 이라서 오래 사용해도 무난하고 ㆍ 좋네요 [부정] 안녕하세요 그립감은 좋은데 정말 밧데리가 빨리소모됩니다. 한달도 안되었는데 밧데리가 벌써 3개사용했어요 1개는 그대로인데 반품가능할까요
6477108,https://prod.danawa.com/info/?pcode=6477108&cate=112787,아이리버 EQwear-V10 무소음 무선 마우스,아이리버,11880,A_complete,50,100,,40,,,1600,10,,,기계식,2.4GHz무선,8,,,3,N,오른손잡이용,4.41,100,"경량,손목편안함,부드러운움직임","별 한개도 아깝습니다.인식이 떨어지는지 마우스 사용하는데 너무 스트레스입니다.사용자 의도와 달리 움직입니다. 끈김 멈처다 움직임 등등이마트판매하는 마우스+키보드포함 만원도 안한는 ,작고 가볍다. 대칭형이고 무난한 모양이다. 그런데 센서가 안좋다. 가만 놔둬도 커서가 혼자 움직인다.불량인가? 사용한지 한시간 만에 버렸다. 싼건 이런가?,마우스 포인트졸라 끊기고 마우스폰인트 계속멈춤 그래서 클릭하면 다시움직이는데 지속적으로 멈추는현상 생김 산지 이틀만에 바로 갖다버림...",N,,Y,,Y,,"대칭형,에르고","[긍정] 쓰던 마우스가 2번 눌려서 불편해갖고 이번에 구입하게 됐는데, 무소음이라 딸깍거리는 소리 하나도 안 나고 가볍게 눌려져서 좋습니다. 그립감도 좋고, 가격도 저렴하고 무게도 가벼워요! 간단한 웹 서핑용으로는 좋으나, 인식이 워낙 잘 되는지 마우스를 댔다가 뗄 때 포인트가 아래로 크게 움직입니다. FPS 관련 게임에선 화면이 자주 흔들리는 현상이 있습니다. 게 [부정] 별 한개도 아깝습니다.인식이 떨어지는지 마우스 사용하는데 너무 스트레스입니다.사용자 의도와 달리 움직입니다. 끈김 멈처다 움직임 등등이마트판매하는 마우스+키보드포함 만원도 안한는 제품보다도 상대가 안됩니다.쓰레기 제품입니다.동영상을 올리고 싶은데 못올리네요"
102126095,https://prod.danawa.com/info/?pcode=102126095&cate=112787,모가비 MOG-2115 무선,모가비,11890,D_metadata_only,,104.8,,38.5,,,,38,,,무소음 스위치,무선,,,N,,N,오른손잡이용,,,,,N,,N,,Y,,,
28806311,https://prod.danawa.com/info/?pcode=28806311&cate=112787,지클릭커 OFFICEPRO 움직이는 마카롱 무선 블루투스,지클릭커,11890,C_reviews_only,,107,,26,,AA,,26,,,기계식,블루투스,,,N,,N,오른손잡이용,4.67,3,"경량,무선안정성,디자인",,N,블루,Y,,N,,,[긍정] 깜찍하게 귀엽고 가벼우며 사용하기 편리합니다. 블루투스와 무선 2가지 연결 방식이라 상황에 따른 대처가 용이한 상품으로 강추합니다.
33361193,https://prod.danawa.com/info/?pcode=33361193&cate=112787,ATK VXE R1 SE+,ATK,11900,C_reviews_only,54,120.6,,37.8,,PAW-3395,,,,,기계식,유선+무선,,,Y,,Y,오른손잡이용,4.72,300,"경량,무선안정성,클릭감",,N,,N,후아노,Y,,,[긍정] VXE R1 SE+ 무선 게이밍 마우스는 가성비 게이밍 마우스의 새로운 기준을 제시하는 제품입니다. 2만원대 중반의 합리적인 가격대임에도 PAW3395SE 최고급 센서를 탑재하여 고가 제품에 뒤지지 않는 성능을 자랑합니다. 매트한 표면 코팅은 프리미엄 제품처럼 고급스러우면서도 그립감이 뛰어나 장시간 사용해도 손에 땀이 차지 않습니다.가장 놀라운 점은 54g
68778407,https://prod.danawa.com/info/?pcode=68778407&cate=112787,MAXTILL GM-TM10D 유무선,MAXTILL,11900,C_reviews_only,,108,,28,,,,28,,,기계식,유선+무선,,,N,,N,,5,1,,,N,,Y,,N,,,[긍정] 아직 사용전이지만 예쁘고 맘에 듭니다^^
12597932,https://prod.danawa.com/info/?pcode=12597932&cate=112787,상도아이앤티 ANYZONE WM-BT100 블루투스 마우스,상도아이앤티,11900,A_complete,78,98,57,98,,,1200,,,,기계식,"2.4GHz무선,블루투스",,,N,2,N,양손,4.29,7,"경량,무선안정성,디자인",,N,블루,Y,,N,,"대칭형,에르고",[긍정] 저소음 2.4GHz+블루투스 무선마우스 WM-BT100 화이트 - 아담하니 디자인도 예쁘고 괜찮아요~~
2098855,https://prod.danawa.com/info/?pcode=2098855&cate=112787,로지텍 B175,로지텍,11900,C_reviews_only,,95,,95,,,,37,,,,무선,,,N,,N,오른손잡이용,4.5,18,무선안정성,상품 사진과 실제 제품이 다르네요유니파잉 마크도 없고 정품이 아닌 것 같네요,N,,N,,Y,,,[긍정] 무선 미니 마우스 B175 (정품박스)/병행수입 구매하고 바로 다음날 도착했습니다.병행수입 정품 자주 사용합니다. [부정] 상품 사진과 실제 제품이 다르네요유니파잉 마크도 없고 정품이 아닌 것 같네요
4832488,https://prod.danawa.com/info/?pcode=4832488&cate=112787,TG삼보 TG-M7000G 무선 마우스,TG삼보,11960,D_metadata_only,,107,,32,,,,,,,,무선,,,N,,N,오른손잡이용,,,,,N,,N,,Y,,,
16867919,https://prod.danawa.com/info/?pcode=16867919&cate=112787,필립스 SPK7354 멀티페어링 무선 마우스,필립스,12000,B_detail_only,,107,,28,,AA,1600,28,,,기계식,"2.4GHz무선,블루투스",,,N,4,N,오른손잡이용,,,,,N,,N,,Y,,"대칭형,에르고",
29821433,https://prod.danawa.com/info/?pcode=29821433&cate=112787,플레오맥스 PBM-40 무선,플레오맥스,12150,B_detail_only,75,,,95,,,1600,,,,기계식,"2.4GHz무선,블루투스",,,N,,N,,,,,,N,,N,,Y,,,
3755602,https://prod.danawa.com/info/?pcode=3755602&cate=112787,청맥전자 For LG 무선 Nano 2.4GHz CM-2200,청맥전자,12190,C_reviews_only,,119,,38,,AAA,,2200,,,,2.4GHz무선,,,N,,N,오른손잡이용,5,12,"배터리,부드러운움직임,디자인",,N,,N,,N,,,[긍정] 오래동안 쓰던게 고장나서 혹시나해서 검색해보니 똑같은 제품이 있어서 반갑게 구매 그립감 만족.디자인 퀼리티 다른건 눈에들어오는게 없을만큼 만족.똑똑하고 부드러운 성능 만족.다음에 또 구매할때도 이제품이 유통되고 있으면 좋겠네요
6469138,https://prod.danawa.com/info/?pcode=6469138&cate=112787,로지텍 M110 (정품),로지텍,12250,A_complete,85,113,,38,,,,,,,기계식,"유선,블루투스",,,Y,3,Y,오른손잡이용,4.72,92,"무선안정성,클릭감,손목편안함","싸고 가볍고 조용하다고 상품평 까지 썼는데 사용한지 딱 일주일 째 바로 먹통되고 ....처음에는 윈도우기 문젠줄 알았는데 기존 사용하던 마우스 는 인식이 되네요.커버를 열고 안을 ,분명 삼성로그 이써는데 왠 한문",Y,,Y,,N,,대칭형,"[긍정] 기존의 무선으로 쓰던 M331이 과도한 힘으로 인해 망가져서 한번 찾아 써봤습니다.저렴한 가격에 유선+무소음+내구성 조합은 생각외로 찾기 어려웠지만해당 쇼핑몰의 판매자 덕분에 찾았습니다.마감 : 괜찮아요, 다만 휠이 좀 미끄러워요. 잘 안잡히네요.그리고 케이블은 좀 뻣뻣한 감이 없잖아 있습니다. 길이는 길어서 좋아요.착용감 : 최고입니다. 특히 저소음은 뭐 [부정] 싸고 가볍고 조용하다고 상품평 까지 썼는데 사용한지 딱 일주일 째 바로 먹통되고 ....처음에는 윈도우기 문젠줄 알았는데 기존 사용하던 마우스 는 인식이 되네요.커버를 열고 안을 조사해보니 전원 커넥터 부분납땜이 떨어져서 간당 거리고 있었음...전원부 납땜이 떨어지다니... 납 아껴서 싸게 파는거임???"
3756673,https://prod.danawa.com/info/?pcode=3756673&cate=112787,로지텍 M170 (정품),로지텍,12250,A_complete,85,97.7,,97.7,,AA,,,,,기계식,"유선,2.4GHz무선,블루투스",,USB-C,Y,7,Y,오른손잡이용,4.69,99,"무선안정성,클릭감,손목편안함","상품 수령후 usb가 없어 황당해하던차에 마침 토요일이어서 고객센터에 연락 못하고 월요일까지 기다렸다가 전화하니 연결도 안되길 수차례.결국 통화못한채 다시 확인해보니 마우스안에 u,배터리 교체해도 전원이 안들어옵니다. 작동불량. 교환요망합니다.",N,,Y,,Y,,에르고,"[긍정] 휠과 좌우버튼만 있는 단순한 구조의 마우스입니다. 따라서 단순 업무용으로 사용하기에는 적당하다고 생각됩니다. 가격도 비교적 저렴한 편이고, 크기가 작아 손이 작은 사람들이나 아이들이 사용하기에도 좋습니다. 휠 돌리는 느낌도 괜찮고요. 전반적으로 만족합니다. 다만, 물품 구매를 위한 리스트에 나와있는 아이콘의 제품 색상이랑 상세화면에 나와있는 색상이 다릅니다 [부정] 상품 수령후 usb가 없어 황당해하던차에 마침 토요일이어서 고객센터에 연락 못하고 월요일까지 기다렸다가 전화하니 연결도 안되길 수차례.결국 통화못한채 다시 확인해보니 마우스안에 usb를 찿았다는 글을 보고 건전지 옆에서 꼽혀있는 usb를 찿음ㅡ.ㅡ"
101074985,https://prod.danawa.com/info/?pcode=101074985&cate=112787,지클릭커 OFFICEPRO OP29 쏙들어오는 다쿠아즈M 무선,지클릭커,12250,A_complete,56,108,,40,,,1600,,,,기계식,2.4GHz무선,,,N,,N,오른손잡이용,5,2,"부드러운움직임,가성비",,N,,Y,,N,,에르고,[긍정] 사용감도 촉감도 부드러워서 좋아요. 퍼플 색상 예뻐요. ^^
30248570,https://prod.danawa.com/info/?pcode=30248570&cate=112787,플레오맥스 MOB-M3 무선 미니,플레오맥스,12310,B_detail_only,32,,,79,,,1600,30,,,기계식,"2.4GHz무선,블루투스",18,USB-C,Y,4,N,,,,,,N,,Y,,Y,,,
4550574,https://prod.danawa.com/info/?pcode=4550574&cate=112787,청맥전자 For LG CM-1000,청맥전자,12320,C_reviews_only,,97,,97,,AAA,,,,,기계식,무선,,,N,,N,오른손잡이용,3,1,,,N,,N,,N,,,[긍정] 만족!!
4619755,https://prod.danawa.com/info/?pcode=4619755&cate=112787,Actto MSC-180,Actto,12480,C_reviews_only,,114,,24,,,,114,,,무소음 스위치,블루투스,,,N,,N,오른손잡이용,4.67,6,디자인,,N,,N,,N,,,[긍정] 배송 빠르고 마우스 작동도 잘 돼요. 블루투스는 이상하게 연결이 잘 안돼서 몇개를 못쓰고 있었는데 이건 따로 어댑터가 있어서 좋네요
16106951,https://prod.danawa.com/info/?pcode=16106951&cate=112787,마이크로닉스 모프 MM1 RGB 게이밍 마우스,마이크로닉스,12500,A_complete,85,117.5,,38.8,PTFE,#NAME?,6200,220,30,1000,기계식,유선,1000,,,7,Y,오른손잡이용,2,2,,한 달 사용후기입니다.마우스가 쓸게 못됩니다. 사지마세요,Y,,N,"옴론,후아노,칼화",Y,,"대칭형,에르고",[부정] 한 달 사용후기입니다.마우스가 쓸게 못됩니다. 사지마세요
60165605,https://prod.danawa.com/info/?pcode=60165605&cate=112787,이음전산 스마텍 STM-IV100 무선,이음전산,12500,D_metadata_only,,113,,25,,,,,,,무소음 스위치,무선,,,Y,,N,오른손잡이용,,,,,N,,N,,N,,,
14761673,https://prod.danawa.com/info/?pcode=14761673&cate=112787,마이크로닉스 MECHA ZM-1 RGB,마이크로닉스,12530,B_detail_only,108,120,120,35,,120mm,16000,1000,50,1000,기계식,유선,1000,,,,Y,,,1,,,Y,,N,후아노,N,,,
64269284,https://prod.danawa.com/info/?pcode=64269284&cate=112787,아이콘스 카카오프렌즈 CSWM-001 무선,아이콘스,12530,C_reviews_only,,102,,36,,,,,,,기계식,,,,,,N,오른손잡이용,4.82,11,손목편안함,,N,,Y,,N,,,[긍정] 옆에 버튼 뭔가 궁금해서 설명서 봤는데 안나와있어서 아쉬워요. 설명서는 빈약해요. 하지만 판매자님은 배송 빠르고 저렴해서 만족해요!
17309027,https://prod.danawa.com/info/?pcode=17309027&cate=112787,코시 M2154WL 세미버티컬 무선 마우스,코시,12590,C_reviews_only,,112,,46,,,,46,,,기계식,무선,,,N,,N,오른손잡이용,4.5,18,"손목편안함,가성비",오른쪽에 비해 딸깍거려요 전에 산 같은 상품은 안 그랬던 것 같은데 귀찮아서 반품 안 하고 쓰려고요,N,,N,,Y,,에르고,[긍정] 비싼 제품 싼 제품 다 써봤지만 좋습니다. 아쉬운 점도 갈짝 있지만 가격을 생각하면.. 써보거 좋아서 1개 더 구매했지요. [부정] 오른쪽에 비해 딸깍거려요 전에 산 같은 상품은 안 그랬던 것 같은데 귀찮아서 반품 안 하고 쓰려고요
18509279,https://prod.danawa.com/info/?pcode=18509279&cate=112787,플레오맥스 PM-BM1000,플레오맥스,12630,C_reviews_only,,109,,30,,,,,,,무소음 스위치,블루투스,,,N,,N,오른손잡이용,5,1,"무선안정성,디자인",,N,,N,,N,,,[긍정] 정말 배송이 빨라서 좋네요!배송포장이 깔끔해서 정말 좋네요!포장디자인이 정말 고급스럽게 보이네요!블루투스와 무선 저소음 마우스 겸용 제품이라서 다양하게 연출이 가능한 제품이네요!슬림형이라서 디자인이 환상적으로 좋네요!기능적인 측면에서 실용적인 제품이네요!색상도 흰색상이라서 정말 보이에 좋네요!마우스 감도도 좋아서 맘에 드네요!강력히 추천하고픈 제품이네요!강
6484207,https://prod.danawa.com/info/?pcode=6484207&cate=112787,라이트컴 COMS NU495 블루투스 무선 마우스,라이트컴 COMS,12750,C_reviews_only,,113,,30,,30mm,,,,,,블루투스,,,N,,N,,4.7,10,"무선안정성,가성비",,N,블루,N,,N,,,[긍정] 소음도없고 너무 좋아요.강추합니다.포장은 박스없이 택배비닐에 왔어요.제품자체에 포장때문에 이상없이 왔어요.
15340532,https://prod.danawa.com/info/?pcode=15340532&cate=112787,아이리버 MEDIC-WM3 항균 무소음 무선 마우스,아이리버,12760,C_reviews_only,,100,,37.9,,,,,,,기계식,무선,,,N,,N,,4.44,9,"무선안정성,가성비",,N,,Y,,N,,,[긍정] 가성비 좋은 아이네요. 휠 굴리는 소음에 신경을 박박 긁다가 요 아이로 바꾸고 신세계로 진입한듯. 부드럽고 소음 거의 못느낌
3567009,https://prod.danawa.com/info/?pcode=3567009&cate=112787,아이온코리아 BOSSWIZ BM-326,아이온코리아,12800,A_complete,115,124,,41,PTFE,BM-326,2400,41,20,,,유선,,,,,Y,오른손잡이용,4.8,10,"손목편안함,부드러운움직임",,Y,,N,,Y,,에르고,[긍정] 반품 할려다 참음 이미 반품된 상품을 사진 보면스티커 뜯어져 있음 아싸리 다 뜯어놓고 검수하면 좋았을텐데요 아쉬움 ㅜ그냥저냥 씀 마우스는 좋음다만 찝찝함 하지만 그냥 씀
3575052,https://prod.danawa.com/info/?pcode=3575052&cate=112787,Actto BTM-01,Actto,12800,C_reviews_only,,113.1,,23,,,,,,,기계식,블루투스,,,N,,N,오른손잡이용,4.05,65,"클릭감,가성비","이 전에 쓰던 로지텍 마우스는 가끔씩 늦어지는 현상이 없었는데 이 마우스는 10여분에 한번씩 마우스 포인트가 느려지는 현상이 생기네요.돈 더 주고 로지텍 마우스 살걸하는 후회가 되,장난치나 마우스급해서 작동되니까 걍쓰는거지준나기스 쳐나있고 누가봐도뻔히 쓰다 재포장한거 보냈음양심 개털렸네 18,새제품 맞나요?사용한것처럼 스크래치 너무 많아요.뜯어버려 그냥 쓰기로 하는데찝찝하네요.",N,,N,,N,,,[긍정] 블루투스 5.0에서 마우스를 사용하는데 아주 편리합니다. 사용하지 않을때는 스스로 꺼져있고 클릭한번으로 마우스가 켜집니다.따로 스위치를 끄고 켤 필요도 없네요. 다른것은 다 좋으나 모서리가 날카로운 편입니다. [부정] 이 전에 쓰던 로지텍 마우스는 가끔씩 늦어지는 현상이 없었는데 이 마우스는 10여분에 한번씩 마우스 포인트가 느려지는 현상이 생기네요.돈 더 주고 로지텍 마우스 살걸하는 후회가 되네요
4820499,https://prod.danawa.com/info/?pcode=4820499&cate=112787,아이리버 IR-WM5500,아이리버,12840,A_complete,,115,,33,,"- OPTICAL SENSOR
  -",1600,,,,,2.4GHz무선,,,N,4,N,양손,4.81,4,"클릭감,손목편안함",연결이 안되서 버려야 겠네요,N,블루,N,,N,,에르고,"[긍정] 손목아파서 버티칼 사용하다가 티켓팅할때 느려서 다시 일반으로 돌아가려고 검색하고 구매했어요,처음 사용느낌은 뭔가 마우스 궁둥이가 앞부분 보다 조금 떠있는 느낌？이랄까 그랬어요, 조금 사용하다보니 익숙해져서인지 ?찬더라구요잘 사용할게요～ [부정] 연결이 안되서 버려야 겠네요"
54102236,https://prod.danawa.com/info/?pcode=54102236&cate=112787,ATTACK SHARK X11 유무선,ATTACK SHARK,12900,C_reviews_only,40,128,,40,,,,40,40,,기계식,블루투스,,,Y,2,N,,4.66,88,"경량,무선안정성,클릭감",마우스 잡았을때 자꾸 엄지 클릭으로 의도히지 않은 작동이 됨,N,,N,후아노,Y,,,"[긍정] 배송 잘 받았습니다. 포장 안전하게 잘 되어왔고 작동 잘 됩니다.블루투스 및 2.4 무선연결로 사용할 수 있어서 호환성도 좋고 최대 3대의 장비에연결할 수 있어서 PC, 노트북 등에 사용할 수 있어서 좋습니다. 고성능 게이밍마우스지만 게임에서도 일반적인 사용에서도 사용하기에 아주 좋습니다.경량이라서 가볍고 컨트롤하기에도 아주 좋습니다. 전용 소프트웨어도 있 [부정] 마우스 잡았을때 자꾸 엄지 클릭으로 의도히지 않은 작동이 됨"
8100478,https://prod.danawa.com/info/?pcode=8100478&cate=112787,상도아이앤티 ANYZONE G150 BAPHOMET 게이밍 마우스,상도아이앤티 ANYZONE,12900,B_detail_only,18.5,124,,39,PTFE,,2400,150,,,,유선,,,,5,Y,,,,,,Y,,N,,Y,,에르고,
93804881,https://prod.danawa.com/info/?pcode=93804881&cate=112787,ATTACK SHARK X11 SE 유무선,ATTACK SHARK,12900,D_metadata_only,,128,,40,,PAW-3311,,,,1000,,유선+무선,1000,,Y,,N,오른손잡이용,,,,,N,,N,,N,,,
5638355,https://prod.danawa.com/info/?pcode=5638355&cate=112787,archon AG60 게이밍 마우스,archon,12900,D_metadata_only,50,120,,38.5,,"38.5mm
-",,50,50,,기계식,유선,,,,,Y,,,,,,N,,N,옴론,N,,,
4814074,https://prod.danawa.com/info/?pcode=4814074&cate=112787,아이리버 IR-WM1500,아이리버,12900,C_reviews_only,,98,,98,,,,,,,기계식,무선,,,N,,N,,5,1,,,N,,N,,N,,,[긍정] 노트북 과 함께 ?? 사용하기에 너무 좋습니다.
94997765,https://prod.danawa.com/info/?pcode=94997765&cate=112787,ATTACK SHARK X8 SE 유무선,ATTACK SHARK,12900,D_metadata_only,,125.5,,40,,PAW-3311,,1000,,1000,기계식,유선,1000,,Y,,N,,,,,,N,,N,후아노,N,,,
18371450,https://prod.danawa.com/info/?pcode=18371450&cate=112787,에이투 AG0202 무선,에이투,12900,D_metadata_only,,100,,33.5,,,,,,,무소음 스위치,무선,,,N,,N,오른손잡이용,,,,,N,,N,,N,,,
17492948,https://prod.danawa.com/info/?pcode=17492948&cate=112787,디알고 M20L 무소음 충전 무선 마우스,디알고,12900,D_metadata_only,,112,,26,,,,,,,무소음 스위치,무선,,,Y,,N,오른손잡이용,,,,,N,,Y,,N,,,
16911338,https://prod.danawa.com/info/?pcode=16911338&cate=112787,마이크로닉스 MANIC MG530 RGB 게이밍 마우스,마이크로닉스,13000,A_complete,119,120,,38,,MG530,12000,,30,1000,기계식,유선,,,,,Y,오른손잡이용,5,1,,,Y,,N,후아노,Y,,,[긍정] 배송 만족 상품 만족
6514057,https://prod.danawa.com/info/?pcode=6514057&cate=112787,플레오맥스 AVEC-G50 RGB 게이밍 마우스,플레오맥스,13000,A_complete,130,125,,38,PTFE,,6400,125,,,기계식,유선,,,,6,Y,,5,2,,,Y,,N,,N,,,[긍정] 빠른 배송이 마음에 듭니다.
14812259,https://prod.danawa.com/info/?pcode=14812259&cate=112787,코시 M2076WL 코엘 무선 마우스,코시,13000,C_reviews_only,,107,,39,,107mm,,,,,기계식,2.4GHz무선,,,N,,N,오른손잡이용,4.6,5,,,N,,Y,,N,,,[긍정] 빠른 배송 그리고 간단한 설치 손에 딱 맞는 그립감
16704176,https://prod.danawa.com/info/?pcode=16704176&cate=112787,몬스타 몬스타기어 크루 Gpro,몬스타 몬스타기어,13200,B_detail_only,20,136,,42,PTFE,,12800,220,20,1000,,,1000,,,8,Y,,,,,,Y,,N,,N,,에르고,
6497539,https://prod.danawa.com/info/?pcode=6497539&cate=112787,라이트컴 COMS NU496,라이트컴,13220,A_complete,64,113,,30,,,1600,30,,,기계식,"2.4GHz무선,블루투스",,,N,4,N,오른손잡이용,4.88,8,"부드러운움직임,가성비",,N,,Y,,N,,,"[긍정] 그립감좋구, 반응속도 괜찮습니다. 기대한 것 이상으로 가성비 굿입니다~~~"
6380121,https://prod.danawa.com/info/?pcode=6380121&cate=112787,Actto MSC-194 무선 마우스,Actto,13220,C_reviews_only,,115,,33,,,,,,,,무선,,USB-C,N,,N,,4.4,25,클릭감,나무 상태가 별로에요..원가 한 1000워?2000원 정도로 보이는? 암튼 돈 아까우니까 빨리 도망가세요,N,,N,,N,,,[긍정] 클릭이 좀 묵직하니 평소에 사용하는 것과 달라서 이질감이 있긴한데 적응 될거 같습니다.잘 사용해 보겠습니다. ㅎ [부정] 나무 상태가 별로에요..원가 한 1000워?2000원 정도로 보이는? 암튼 돈 아까우니까 빨리 도망가세요
1839386,https://prod.danawa.com/info/?pcode=1839386&cate=112787,로지텍 M100r,로지텍,13300,C_reviews_only,,112,,36,,,,36,,,,유선,,,,,N,오른손잡이용,5,2,가성비,,N,,N,,Y,,,[긍정] 제품은 문제없습니다. 혹 무음마우스는 아니니 고려구매하세요.
4596600,https://prod.danawa.com/info/?pcode=4596600&cate=112787,Actto GMSC-15 하데스,Actto,13300,C_reviews_only,,125,,41,,,,,,,기계식,유선,,,,,Y,,4.59,71,,"싼맛에 ,,뒤로가기 버튼 불편함 버튼을 좀더크게 바같쪽으로 해놔야지 아주별로,마우스가엄청 안움직임 게임용으로는그닥임",N,,N,,N,,,"[긍정] 아이들 게임용으로 저렴하게 잘 샀습니다배송도 빠르고 아이들이 사용해보고 좋다고 합니다 [부정] 싼맛에 ,,뒤로가기 버튼 불편함 버튼을 좀더크게 바같쪽으로 해놔야지 아주별로"
5113703,https://prod.danawa.com/info/?pcode=5113703&cate=112787,플레오맥스 MO-ER100,플레오맥스,13500,C_reviews_only,,100,,60,,,,912,,,기계식,유선,,,,,N,,3.78,9,"경량,클릭감,손목편안함",어떻게 보관이 되었는지 보호 필름이 녹아서 마우스와 혼연일체가 되어 있습니다. 스티커 제거제가 남아 도시는 분에게 강추 합니다.,N,,N,,N,,,"[긍정] 생각보다 가벼워서 조금 허전한 느낌이지만, 휠 사용이나 클릭은 편한 것 같음다만 제품의 큰 문제는 아니지만 겉에 플라스틱이 배송되면서 찍히거나 한 것이 아니라 생산될 때 생긴 것 같은 자국이 있어서 마무리가 아쉬움 [부정] 어떻게 보관이 되었는지 보호 필름이 녹아서 마우스와 혼연일체가 되어 있습니다. 스티커 제거제가 남아 도시는 분에게 강추 합니다."
4977740,https://prod.danawa.com/info/?pcode=4977740&cate=112787,청맥전자 For LG CM-6000,청맥전자,13500,C_reviews_only,,110.1,,34.8,,"34.8mm
-",,,,,,무선,,,N,,N,,4,6,디자인,"사진과 달리 LG제품이 아닙니다. 광고를 제대로 해주면 좋겠네요. 광고와 다른 상품을 보내줘서 환불해달라니, 배송비 물라네요. 이런 경우도 있나요? 옥션 측에 항의해서 배송비 물지",N,,N,,N,,,"[긍정] 디자인도 예쁘고 잘된다고 하네요. [부정] 사진과 달리 LG제품이 아닙니다. 광고를 제대로 해주면 좋겠네요. 광고와 다른 상품을 보내줘서 환불해달라니, 배송비 물라네요. 이런 경우도 있나요? 옥션 측에 항의해서 배송비 물지 않고 환불받았습니다. 소비자에게 진실하게 상품을 판매하면 좋겠네요."
93443099,https://prod.danawa.com/info/?pcode=93443099&cate=112787,AULA SC650 유무선,AULA,13500,C_reviews_only,,118,,37.8,,PAW-3311,,37,,,,유선,,,Y,,N,오른손잡이용,5,2,,,N,,N,,N,,,[긍정] 이뻐요 이뻐요 이뻐요 이뻐요
15621920,https://prod.danawa.com/info/?pcode=15621920&cate=112787,For LG LGC-CM600 무선 마우스,For LG,13500,D_metadata_only,,110,,34.8,,110mm,,,,,,무선,,,N,,N,오른손잡이용,,,,,N,,N,,N,,,
98610977,https://prod.danawa.com/info/?pcode=98610977&cate=112787,아이리버 MVM1 무선,아이리버,13500,C_reviews_only,,107,,39.5,,107mm,,,,,기계식,무선,,,,,N,오른손잡이용,5,6,디자인,,N,,Y,,N,,,[긍정] 디자인도 예쁘고 색상도 사진과 같아요 그립감도좋고 소음도 없고 부드럽에요
8911616,https://prod.danawa.com/info/?pcode=8911616&cate=112787,LKG For LG LGA-MARK3,LKG,13500,C_reviews_only,,120,,38,,,,38,,,,무선,,,N,,N,오른손잡이용,4.5,2,"에임정확도,클릭감",,N,,N,,N,,,[긍정] 촉감 부드럽고 고급스럽습니다 클릭반은 빠르고 정확합니다
50129066,https://prod.danawa.com/info/?pcode=50129066&cate=112787,GDEVIL M2013W 무선,GDEVIL,13630,D_metadata_only,,112,,40,,,,,,,,무선,,,N,,N,오른손잡이용,,,,,N,,N,,N,,,
97108979,https://prod.danawa.com/info/?pcode=97108979&cate=112787,레노버 WL310 무선,레노버,13651,D_metadata_only,67,106.8,,,,,,,,,기계식,무선,,,N,,N,,,,,,N,,N,,Y,,,
20677814,https://prod.danawa.com/info/?pcode=20677814&cate=112787,넥스원 왼손전용 무선,넥스원,13750,C_reviews_only,,122,,81,,,,,,,,,,,N,,Y,오른손잡이용,4,2,,,N,,N,,Y,,에르고,[긍정] 왼손용이고 쓸만합니다
14966066,https://prod.danawa.com/info/?pcode=14966066&cate=112787,갤럭시 GALAX EX BLACK-01 게이밍 마우스,갤럭시,13800,B_detail_only,126,124,,38,,A725,7200,7200,,1000,기계식,유선,1000,,,8,Y,오른손잡이용,,,,,Y,블랙,N,,N,"팜그립,클로그립",에르고,
26421578,https://prod.danawa.com/info/?pcode=26421578&cate=112787,이음전산 스마텍 STM-BT3000 무선 블루투스,이음전산,13800,C_reviews_only,,110,,31,,,,,,,기계식,블루투스,,,Y,,N,,5,1,,,N,블루,Y,,N,,,"[긍정] 화이트를 사려다가 잘 못 사서 블루를 사버렸는데, 블루도 예쁘네요.^^;;"
4739061,https://prod.danawa.com/info/?pcode=4739061&cate=112787,DELL WM126,DELL,13900,C_reviews_only,,,,,,,,,,,,무선,,,N,,N,,5,3,,,N,,N,,N,,,[긍정] 알리직구보다 저렴하게 판매하시는 것 같아 좋아요.
12108713,https://prod.danawa.com/info/?pcode=12108713&cate=112787,COX CWM200 무선 블루투스 마우스,COX,14000,B_detail_only,47,106.9,,26.75,,Optical Sensor,1000,200,,,기계식,"유선,2.4GHz무선,블루투스",8,,N,,N,오른손잡이용,,1,,,N,블루,Y,,Y,,"대칭형,에르고",
7258780,https://prod.danawa.com/info/?pcode=7258780&cate=112787,HP G260 Gaming Mouse,HP,14090,D_metadata_only,,126.54,,40.72,,,,40,,,기계식,유선,,,,,Y,오른손잡이용,,,,,N,,N,,N,,,
37345931,https://prod.danawa.com/info/?pcode=37345931&cate=112787,펜톤 M990TRIPLE 무선,펜톤,14280,D_metadata_only,,108,,25,,,,25,,,,무선,,,N,,N,오른손잡이용,,,,,N,,N,,N,,,
70675157,https://prod.danawa.com/info/?pcode=70675157&cate=112787,MSI FORGE GM300,MSI,14310,B_detail_only,118,127,,41,,127mm,7200,,,,기계식,유선,,,,7,Y,오른손잡이용,,3,,,Y,,N,,N,"팜그립,클로그립",대칭형,
15852482,https://prod.danawa.com/info/?pcode=15852482&cate=112787,갤럭시 갤라즈 GALAX EX-03 게이밍 마우스,갤럭시,14490,B_detail_only,121,129,,41,PTFE,A725F,7200,,,,기계식,유선,,,,7,Y,,,2,,,Y,,N,후아노,N,"팜그립,클로그립",에르고,
14682884,https://prod.danawa.com/info/?pcode=14682884&cate=112787,로지텍 M221 SILENT,로지텍,14500,A_complete,85,99,,99,,,,39,,,기계식,"유선,2.4GHz무선,블루투스",,USB-C,Y,7,Y,오른손잡이용,4.61,98,"에임정확도,무선안정성,클릭감","무소음이라서 너무 좋아요^^직장 컴퓨터에서도 쓰기 편리해요^^,직장 컴퓨터에도 쓰니까 편리해요^^",N,,Y,,Y,,,"[긍정] ㅈㅈㅈ여자손에 쏙 들어오는 사이즈 손 작은 사람들에게 강추 크기랑 곡선이 살짝 애매한가? 하는 생각도 들지만 사용하기엔 편합니다. 휠을 빠르게 굴리다보면 소리가 조금 나지만 그 외에는 조용. 클릭도 조용합니다. 분홍색 흰색 각 1개씩 주문했습니다. 저는 흰색을 사용중인데, 더블클릭이 제대로 인식이 안되는듯한 에러가 잠깐씩 있었습니다. 하루 후 재사용 결과  [부정] 무소음이라서 너무 좋아요^^직장 컴퓨터에서도 쓰기 편리해요^^"
10094589,https://prod.danawa.com/info/?pcode=10094589&cate=112787,다얼유 LM121 버티컬 인체공학 마우스,다얼유,14500,B_detail_only,105,115,,73.5,,,2400,73,,,,"유선,블루투스",,,Y,,Y,오른손잡이용,,,,,Y,,N,,Y,,에르고,
14811593,https://prod.danawa.com/info/?pcode=14811593&cate=112787,코시 M2077WL 카미 무선 마우스,코시,14500,C_reviews_only,,117,,38,,,,52,,,기계식,무선,,,N,,N,,4,1,무선안정성,,N,,Y,,N,,,"[긍정] 무게감있는 무선 마우스에 적당함. 앞,뒤 버튼 양호. 내구성 부분은 겪어봐야.."
12989954,https://prod.danawa.com/info/?pcode=12989954&cate=112787,서진네트웍스 UNICORN FX-500B,서진네트웍스,14570,B_detail_only,160,126,,86,,,2400,86,,,,"2.4GHz무선,블루투스",,USB-C,Y,6,N,오른손잡이용,,,,,N,,N,,N,,에르고,
15953273,https://prod.danawa.com/info/?pcode=15953273&cate=112787,아이피엑스 춘식이 무선마우스,아이피엑스,14740,C_reviews_only,,107,,30,,,,,,,,무선,,,N,,N,오른손잡이용,4,1,배터리,,N,,Y,,N,,,[긍정] 춘식이 넘 귀엽구 무소음이라 조용히 잘 쓰고있어요~고장없이 오래 쓸수 있었으면 좋겠어요~
5168434,https://prod.danawa.com/info/?pcode=5168434&cate=112787,건평정보통신 IPLEX VM912 버티컬 유선 마우스,건평정보통신 IPLEX,14790,D_metadata_only,,100,,60,,,,,,,,유선,,,,,N,,,,,,N,,N,,N,,에르고,
37279394,https://prod.danawa.com/info/?pcode=37279394&cate=112787,루앱 RA-SM01 무선,루앱,14800,D_metadata_only,,109,,30,,,,,,,,무선,,,N,,N,,,,,,N,,N,,N,,,
12945743,https://prod.danawa.com/info/?pcode=12945743&cate=112787,ROYCHE RX-550 무소음 무선 마우스,ROYCHE,14900,A_complete,,106,,38,,,1600,,,,기계식,"유선,2.4GHz무선",,,N,6,N,,4.46,99,"배터리,무선안정성,클릭감","렉걸린거처럼 끊기고 멈추고 이상해서 문의 계시판 보니 많은 사람들이 같은 증상~ 관계자가 해결책을 제시해서 따라해 보니 괜찮아 짐 ~ 문제는 컴터 끄고 다시 키면 다시 멈추고 렉걸,검정색과 흰색 두개를 구매했는데 검정색은작동도잘되고 맘에 들었음흰색은 새거임에도 불구하고 아예작동이안되고 돈만날렸음반품요청하려다가 택배보낼시간도안되고 번거로움에 액땜한샘 하기로 함,사용하기 정말 불편하고 건전지 새로 끼워서 이틀 만에 방전 구매 한걸 정말 후회합니다.",N,,Y,,N,,에르고,"[긍정] 로이체 무선 무소음 옵티컬 마우스 RX-550 좋은 상품 감사함가격만족도/성능/사용편의성 등 : 로이체 무선 무소음 옵티컬 마우스 RX-550 가격은 적정하여 만족하며, 사용하여 보니 기존 유선 마우스보다 사용 방법이 편리하여 만족함.그외 도움이 될만한 사용후기 : 기존 유선 마우스를 사용하다 2번째로 구매하여 사용하여 보니 사용 방법이 편리하여 좋았음.  [부정] 렉걸린거처럼 끊기고 멈추고 이상해서 문의 계시판 보니 많은 사람들이 같은 증상~ 관계자가 해결책을 제시해서 따라해 보니 괜찮아 짐 ~ 문제는 컴터 끄고 다시 키면 다시 멈추고 렉걸리고 이럼 컴퓨터 끄고 킬때마다 세팅을 다시 해야함. 당근에 무료 나눔 하려고 계획중"
2872589,https://prod.danawa.com/info/?pcode=2872589&cate=112787,HP X500,HP,14900,D_metadata_only,,115,,35.4,,,,,,,기계식,유선,,,,,N,오른손잡이용,,,,,N,,N,,N,,,
6921643,https://prod.danawa.com/info/?pcode=6921643&cate=112787,i-rocks IRM23R 무소음 무선 마우스,i-rocks,14900,C_reviews_only,,106,,33.5,,,,33,,,무소음 스위치,무선,,,N,,N,오른손잡이용,4.4,5,클릭감,,N,,Y,,N,,,[긍정] 클릭은 확실히 소음이 거의 없는데 휠이랑 사이드버튼은 소리가 크네요.
10682691,https://prod.danawa.com/info/?pcode=10682691&cate=112787,HP 파빌리온 Gaming Mouse 300,HP,14900,D_metadata_only,,,,,,,,,,,,유선,,,,,Y,오른손잡이용,,,,,N,,N,,N,,,
5920740,https://prod.danawa.com/info/?pcode=5920740&cate=112787,RIZUM G-FACTOR Z200 Mercury 3360 RGB 양손가능 GAMING MOUSE,RIZUM,14900,D_metadata_only,50,126,,38,,PMW-3360,,,50,,OMRON 스위치,유선,,,,,Y,오른손잡이용,,1,,,Y,,N,,N,,,
15714992,https://prod.danawa.com/info/?pcode=15714992&cate=112787,한성컴퓨터 WM200 RAINBOW 게이밍 마우스,한성컴퓨터,14900,C_reviews_only,20,116,,38,,,,38,20,,,유선,,,,,Y,오른손잡이용,4.56,18,"클릭감,디자인",,N,,N,,N,,,[긍정] 잘 받았구요 생각보다 좋네요 세계적으로 잘 팔리는 마우스 구매 할려고 했어는데더 찾아보자 하다가 디자인도 좋고 해서 구매하게 되었습니다제품 만족 합니다
15277388,https://prod.danawa.com/info/?pcode=15277388&cate=112787,아이리버 MEDIC-WM1 항균 무선 마우스,아이리버,14900,D_metadata_only,,107.08,,28.43,,AA,,,,,기계식,무선,,,N,,N,,,,,,N,,Y,,Y,,,
18544808,https://prod.danawa.com/info/?pcode=18544808&cate=112787,Actto AWM-05 무선,Actto,14900,D_metadata_only,,107,,35,,AA,,,,,기계식,무선,,,N,,N,,,,,,N,,Y,,Y,,,
5703123,https://prod.danawa.com/info/?pcode=5703123&cate=112787,Actto MSC-185 핸디 버티컬 마우스,Actto,14960,A_complete,,125,,62,,,,62,,,기계식,"유선,2.4GHz무선,블루투스",,,Y,3,N,오른손잡이용,4.63,98,"무선안정성,클릭감,손목편안함","터널증후군 예방이 됩니다. 즉 신경이 눌리는건 막아 줍니다. 헌데 손목에 큰 데미지가 쌓입니다. 장점은 없네요. 단점을 보면, 마우스센서가 저품입니다. 만원짜리에 고급을 원하시면 ",N,,N,,N,,에르고,"[긍정] 원래 쓰던 버티컬 마우스가 클릭이 잘 안되서, 아. 이건 스위치 수명이 다했구나 하고 재빨리 검색해서 구입한 게 요겁니다. 사용감 부드럽고 마우스 크기도 적당해서 매우 잘 쓰고 있어요. 비교하자니 오히려 이전 게 스위치가 좀 뻑뻑했던 느낌이 듭니다. 손가락 부담도 좀 덜한 것 같구요.개인적으로 블투는 좀 끊기는 느낌이 있어서 유선으로 샀는데 잘 산 것 같아 [부정] 터널증후군 예방이 됩니다. 즉 신경이 눌리는건 막아 줍니다. 헌데 손목에 큰 데미지가 쌓입니다. 장점은 없네요. 단점을 보면, 마우스센서가 저품입니다. 만원짜리에 고급을 원하시면 안됩니다. 각도가 매우 낮아서 일반 마우스와 큰 차이가 없습니다. 옳바른 방식으로 파지 하면, 손목에 데미지가 옵니다. 터널증후군을 예방 하려면 최소 70도 이상 우뚝 서있는 제품"
14966144,https://prod.danawa.com/info/?pcode=14966144&cate=112787,갤럭시 GALAX EX BLACK-02 게이밍 마우스,갤럭시,15000,B_detail_only,126,128,,40,,,3200,,,,기계식,유선,,,,6,Y,오른손잡이용,,,,,Y,블랙,N,,N,"팜그립,클로그립",에르고,
16111250,https://prod.danawa.com/info/?pcode=16111250&cate=112787,마이크로닉스 워프 WM1 RGB 게이밍 마우스,마이크로닉스,15200,A_complete,85,121.2,,38.8,PTFE,PIXART PMW3327,12400,220,,1000,기계식,유선,1000,,,7,Y,오른손잡이용,4,1,,,Y,,N,"옴론,후아노",Y,,"대칭형,에르고",[긍정] 작은손에 잘 맞아요 감사합니다
15645884,https://prod.danawa.com/info/?pcode=15645884&cate=112787,이큐웨어 이큐메딕 Sanitize-M3 항균 무소음 마우스,이큐웨어,15200,C_reviews_only,,111,,42,,,,,,,기계식,유선,,,,,N,오른손잡이용,4.6,10,"경량,가성비",,N,,Y,,Y,,,[긍정] 조금만 더 컸으면 좋을 것 같아요남자손에는 조금 작은듯하네요마우스 민감도는 매우 좋아요
12544220,https://prod.danawa.com/info/?pcode=12544220&cate=112787,QSENN AULA H508 LED 게이밍 마우스,QSENN,15210,B_detail_only,,126,,39,PTFE,"Optical
-",6400,126,,,,유선,5,,,,Y,오른손잡이용,,8,,,N,,N,,N,,에르고,
29881838,https://prod.danawa.com/info/?pcode=29881838&cate=112787,포트리스 플레이기어 PM321 무선,포트리스 플레이기어,15400,D_metadata_only,,115.5,,39.26,,PAW-3212,,,,250,기계식,무선,,,Y,,N,,,,,,N,,Y,,Y,,,
10094694,https://prod.danawa.com/info/?pcode=10094694&cate=112787,다얼유 LM129 UFO 블루투스 무선 무소음 마우스,다얼유,15460,D_metadata_only,,109,,33,,,,33,,,,블루투스,,,N,,N,오른손잡이용,,,,,N,블루,Y,,N,,,
17406671,https://prod.danawa.com/info/?pcode=17406671&cate=112787,갤럭시 갤라즈 GALAX EX-03 PRO 게이밍 마우스,갤럭시,15500,B_detail_only,113,129,,41,PTFE,PIXART PAW-3327,10000,41,,1000,기계식,유선,1000,,,6,Y,오른손잡이용,,,,,Y,,N,옴론,N,"팜그립,클로그립",에르고,
86099597,https://prod.danawa.com/info/?pcode=86099597&cate=112787,AULA SC580 PRO 유무선,AULA,15500,D_metadata_only,,119,,38,,PAW-3311,,,,,기계식,유선+무선,,,Y,,Y,,,,,,N,,N,,N,,,
36792005,https://prod.danawa.com/info/?pcode=36792005&cate=112787,ATTACK SHARK R1 유무선,ATTACK SHARK,15570,C_reviews_only,40,123.5,,41,,,,,40,,,유선+무선,,,Y,,N,오른손잡이용,4.5,2,클릭감,,N,,N,,N,,,[긍정] 다 좋은데 문제가 있습니다1. 공격상어 얘네들도 잠자리 vgn vxe시리즈처럼 고질적인 드레그시 널뛰기 현상 잇습니다2. 절전 깰시 클릭해줘야됨 하..(드레그하면안깸)
90505844,https://prod.danawa.com/info/?pcode=90505844&cate=112787,에이서 EMW211 무선,에이서,15580,A_complete,70,112.8,57.6,26,,"112.8mm
- DPI",1600,26,,,기계식,"2.4GHz무선,블루투스",,USB-C,Y,,N,,4.8,5,손목편안함,,N,,Y,,N,,,[긍정] 상품 품질이 좋습니다. 마음에 들어요!상품 품질이 좋습니다. 마음에 들어요!상품 품질이 좋습니다. 마음에 들어요!상품 품질이 좋습니다. 마음에 들어요!상품 품질이 좋습니다. 마음에 들어요!상품 품질이 좋습니다. 마음에 들어요!상품 품질이 좋습니다. 마음에 들어요!상품 품질이 좋습니다. 마음에 들어요!상품 품질이 좋습니다. 마음에 들어요!
35808338,https://prod.danawa.com/info/?pcode=35808338&cate=112787,코시 M2228WL 무선,코시,15590,C_reviews_only,,94,,94,,,,,,,기계식,무선,,,,,N,,5,3,,,N,,Y,,Y,,,[긍정] 모양이 이쁘면 조작이 불편했는데 이건 모양도 이쁜것이 조작도 편하네요
17863268,https://prod.danawa.com/info/?pcode=17863268&cate=112787,마이크로닉스 워프 WM2 RGB 게이밍 마우스,마이크로닉스,15600,B_detail_only,110,127.4,,39.5,,PAW3370,19000,,50,1000,기계식,유선,1000,,,,Y,오른손잡이용,4.5,3,,,Y,,N,후아노,Y,,,[긍정] 많이 파세요 [긍정] 잘받았습니다
14049536,https://prod.danawa.com/info/?pcode=14049536&cate=112787,다얼유 LM168 버티컬 무선 마우스,다얼유,15690,A_complete,95,134,74.8,74.6,,,1600,,,,,"2.4GHz무선,블루투스",,,Y,3,N,오른손잡이용,5,1,"배터리,손목편안함",,N,,N,,Y,,에르고,[긍정] 마우스 오래 쓰면 손목이 불편해서 하나 장만했습니다. 처음에 잡으면 조금 어색하긴 한데 확실히 손목부담은 일반마우스보다 덜한 거 같습니다. PC작업을 오래 하는 직장인들에게 추천합니다.
103124858,https://prod.danawa.com/info/?pcode=103124858&cate=112787,에이서 NITRO OMW321 게이밍,에이서,15800,B_detail_only,98,115,,38,,,7200,,,,기계식,유선,,,,6,Y,오른손잡이용,,,,,Y,,N,,Y,,,
6958594,https://prod.danawa.com/info/?pcode=6958594&cate=112787,위아이엠 Vgear M1 Pro,위아이엠,15880,C_reviews_only,,117,,37,,PMW-3360,,37,,1000,기계식,유선,,,,,Y,오른손잡이용,4,2,가성비,,N,,N,,Y,,,[긍정] 가성비 개 싸이코임 너무좋음 딱 게이밍 마우스
101072189,https://prod.danawa.com/info/?pcode=101072189&cate=112787,지클릭커 OFFICEPRO OPW07,지클릭커,15890,A_complete,70,111,58,75,,,,75,,,기계식,2.4GHz무선,,,Y,4,N,,5,7,,,N,,Y,,N,,에르고,[긍정] 마우스 크기가 어느 정도 되어서 그립감이 좋아요.
92623778,https://prod.danawa.com/info/?pcode=92623778&cate=112787,MAXTILL MO-BTM10C 무선 블루투스,MAXTILL,15900,C_reviews_only,,100,,37.8,,,,200,,,기계식,블루투스,,,Y,,N,오른손잡이용,5,1,,,N,블루,Y,,N,,,[긍정] 마우스가 편한손잡이로 되어 있어 좋습니다.
5369816,https://prod.danawa.com/info/?pcode=5369816&cate=112787,코시 M3124,코시,15900,A_complete,,117,,66,,,,66,,,,"유선,2.4GHz무선,블루투스",1,,Y,4,N,오른손잡이용,4.57,97,"경량,배터리,클릭감","정밀 웃긴다 물품 하나는 어제 받았는데 배송완료대기중이고 오지도 않은 물품은 배송완료라니 일처리를 어떻게 하는거지 웃긴다,하루종일 마우스 잡고 일하는데 같은 코시 제품 M1189 2년 쓰다가 바꿨는데 손목아파서 못쓰겠음..",N,,N,,Y,,에르고,"[긍정] 제목 그대로 손이 좀 큰 분들이 사용하기에는 가성비 좋은 제품입니다.* 장점 1) 디자인 우수하고, 가격대비 마감재 고급져보입니다. 2) 손목이 아주 편합니다. 3) DPI버튼으로 마우스 속도 조절하기 간편하고 DPI버튼 실수로 누를 확률 없는 곳에 위치한 것도 좋습니다.* 단점 1) 손이 작은 사람이 쓰기 조금 불편합니다. N포털 2만원 이하 버티컬 마우 [부정] 정밀 웃긴다 물품 하나는 어제 받았는데 배송완료대기중이고 오지도 않은 물품은 배송완료라니 일처리를 어떻게 하는거지 웃긴다"
9710550,https://prod.danawa.com/info/?pcode=9710550&cate=112787,퓨전에프앤씨 INOTE FS-508RB 무선 마우스,퓨전에프앤씨,15900,C_reviews_only,,99,,99,,,,38,,,,무선,,,N,,N,오른손잡이용,4.75,4,무선안정성,,N,,N,,N,,,"[긍정] 배송 진짜 하루만에 왔구 저소음, 무선, 앞뒤버튼 다 있는 좋은 마우스 찾는게 힘들었는데 정말 좋은 상품 얻은것 같아서 기분이 매우 좋네요ㅎㅎ확실히 저소음이라 소리 잘 안나구요!다만 앞뒤버튼 누르는건 저소음은 아닌것같아요 약간의 소음 있음! 전 그래도 이정도면 진짜 좋은것같아요.노트북이랑 하얀색으로 깔맞춤도 되고 완전 적극 추천합니다♡감사합니당~"
106746836,https://prod.danawa.com/info/?pcode=106746836&cate=112787,레노버 350 무선,레노버,16000,C_reviews_only,,114.7,,36.8,,,,,,,기계식,무선,,,N,,N,,5,1,,,N,,N,,Y,,,[긍정] 배송 빠르고 상품도 좋아요..
4835977,https://prod.danawa.com/info/?pcode=4835977&cate=112787,플레오맥스 MOC-ER200,플레오맥스,16000,A_complete,120,100,,60,,,,,,125,,"유선,2.4GHz무선,블루투스",125,,Y,6,N,오른손잡이용,3,6,,,N,,N,,Y,,에르고,
79255673,https://prod.danawa.com/info/?pcode=79255673&cate=112787,MAXTILL MO-BTM40C 무선 블루투스,MAXTILL,16330,D_metadata_only,,105,,36.5,,AA,,300,,,기계식,블루투스,,,N,,N,,,,,,N,블루,Y,,Y,,,
106734044,https://prod.danawa.com/info/?pcode=106734044&cate=112787,지클릭커 오피스프로 OPV20 버블휠 무선,지클릭커,16400,B_detail_only,83,83,,76,,AA,,68,,,기계식,"2.4GHz무선,블루투스",50,,Y,,N,오른손잡이용,,,,,N,,N,,Y,,에르고,
6167875,https://prod.danawa.com/info/?pcode=6167875&cate=112787,로지텍 M280,로지텍,16410,C_reviews_only,,105.4,,38.4,,,,,,,,무선,,,N,,N,,4.67,91,"배터리,무선안정성,클릭감",,N,,Y,,Y,,비대칭,[긍정] m280 m330 다 사용하던 사용자입니다.기존의 제품이 오래되어 우클릭을 하는데 버튼이 잘 눌리지 않는 증상이 생겨서 새 제품을 구매하게 되었습니다.리뉴얼되면서 m330은 고무패킹이 없어졌고m280은 아직 옆면의 고무패킹이 남아있는 것으로 착각하고 구매를 했습니다.손가락 끝이 건조해져서 마우스를 쥘 때 고무패킹이 없으면 정밀한 작업을 하는데 애로사항이 있
57504674,https://prod.danawa.com/info/?pcode=57504674&cate=112787,IMICE GW-X7 무선,IMICE,16430,D_metadata_only,,129,,40,,,,40,,,기계식,무선,,,Y,,N,오른손잡이용,,,,,N,,N,,N,,,
5954881,https://prod.danawa.com/info/?pcode=5954881&cate=112787,플레오맥스 MO-ER300 버티컬마우스,플레오맥스,16470,A_complete,104,135,,90,,#NAME?,3200,90,,,,"유선,블루투스",,,Y,6,N,오른손잡이용,4.8,5,"경량,클릭감,손목편안함",,N,,N,,N,,에르고,[긍정] 기존에 사용하던 제품이 이비슷한건데 5년 정도 사용하니 클릭이 잘안되어 구입해보았습니다. 일단사용해보니 작고 가벼워요 조금 익숙해지면 나을듯하네요 잘구입한듯..
17816141,https://prod.danawa.com/info/?pcode=17816141&cate=112787,마이크로닉스 메카 ZM2 RGB 게이밍 마우스,마이크로닉스,16500,A_complete,50,127.4,,39.7,,PIXART PAW 3370,19000,,50,1000,기계식,유선,1000,,,,Y,오른손잡이용,4.67,3,,,Y,,N,후아노,Y,,에르고,[긍정] 게이밍마우스 첨이라 영 어색 기존 제품보다도 커 손에 안놀아요 사무용 마우스보다야 겡용으로 구입햇는데 언제 손에서 놀아날련지
9533661,https://prod.danawa.com/info/?pcode=9533661&cate=112787,앱코 HACKER A530 3389 RGB 게이밍 마우스,앱코,16500,B_detail_only,90,124.5,,38.5,PTFE,---,5000,400,50,1000,기계식,유선,1000,,,6,Y,오른손잡이용,,1,,,Y,,N,"옴론,칼화",Y,"팜그립,클로그립","대칭형,에르고",
5664023,https://prod.danawa.com/info/?pcode=5664023&cate=112787,코시 M3185,코시,16500,C_reviews_only,,105,,58,,,,,,,기계식,유선,,,,,N,오른손잡이용,4.55,75,"경량,무선안정성,손목편안함","아니 손목 터널 증후군에는 효과가 있는 것 같긴 한데, 마우스를 1주 넘게 써보니.. 쓰다가 마우스 커서가 갑자기 왼쪽 상단으로 갑니다. 왼쪽 상단으로 슬금슬금 움직이는 게 아니고,손이 쿤살마들은 사용하기 힘들어요",N,,N,,Y,,에르고,"[긍정] 지금까지 써본 마우스 중에서 원하는 부분을 모두 만족하는 마우스 입니다... 1번 유선일것(무선은 커서가 약간 덜움직이는 느낌이라) 2번 버티컬 일것.. 3번 가벼울것... 조금더 사용해봐야 하겠지만... 그립감도 괜찮고.. 괜찮은듯 합니다... 컴터로 디자인을 하는데... 손목이 쫌 안아프길 기대해 봅니다.. [부정] 아니 손목 터널 증후군에는 효과가 있는 것 같긴 한데, 마우스를 1주 넘게 써보니.. 쓰다가 마우스 커서가 갑자기 왼쪽 상단으로 갑니다. 왼쪽 상단으로 슬금슬금 움직이는 게 아니고, 그냥 갑자기 왼쪽 상단 끝에서 나타납니다. 뭐 이래요. 망했어요. 마우스 빼고 껴도 똑같고, 재부팅해도 똑같아요. 최악이에요."
6412204,https://prod.danawa.com/info/?pcode=6412204&cate=112787,카라스 KWM-6001 무선 마우스,카라스,16500,D_metadata_only,,95,,95,,,,,,,,,,,,,N,오른손잡이용,,,,,N,,N,,N,,,
30142712,https://prod.danawa.com/info/?pcode=30142712&cate=112787,코시 M2205WL 무선,코시,16730,C_reviews_only,,106,,40,,,,40,,,무소음 스위치,무선,,,Y,,N,,4.44,9,"디자인,가성비",그냥 저냥 보통임. 충전 하는게 좀 번거러움.,N,,Y,,N,,,[긍정] 노트북에 사용하려고 구매했어요. 디자인도 깔끔하고 무소음이라 너무 좋아요. [부정] 그냥 저냥 보통임. 충전 하는게 좀 번거러움.
41486555,https://prod.danawa.com/info/?pcode=41486555&cate=112787,코시 M2239BT 블루투스,코시,16800,D_metadata_only,,,,78,,78mm,,,,,,블루투스,,,Y,,N,,,,,,N,블루,N,,N,,,
12691835,https://prod.danawa.com/info/?pcode=12691835&cate=112787,삼성전자 SPA-KMA4PRB 무소음 무선 마우스,삼성전자,16830,A_complete,53,101,,36,,,1200,,,,기계식,"유선,2.4GHz무선",,,N,,N,오른손잡이용,4.7,100,"배터리,무선안정성,클릭감",,N,,Y,,N,,"대칭형,에르고",[긍정] 사용하던 마우스가 유선에 누를때 딸각딸각 소리가 커서무소음 마우스라고 해서 얼마나 조용할지 궁금하기도 하고삼성이라 믿고 주문했어요??마우스 클릭해보니 우와~신세계네요!!!눌렀는지 모를만큼 조용해요 부드럽게 눌러지고 움직임도 좋고 마우스에 손을 얹었을때도 손과 손목이 편안합니다.다소 비싼 모델도 있었는데 차이점을 잘 볼 줄 몰라상품평 괜찮고 가격도 부담되지 
36201788,https://prod.danawa.com/info/?pcode=36201788&cate=112787,ATTACK SHARK X6 유무선,ATTACK SHARK,16830,C_reviews_only,,118.3,,37.3,,PAW-3395,,1000,,1000,,블루투스,1000,,Y,,N,오른손잡이용,4.62,8,가성비,,N,,N,,N,,,[긍정] 배송기간은 좀 걸렸지만 상품은 생각보다 기대이상이였고작동도 잘 하더라구요솔직히 기대안했지만 가성비 좋은 상품입니다^^
92888948,https://prod.danawa.com/info/?pcode=92888948&cate=112787,삼성전자 SPA-KMA4PRG 무선,삼성전자,16830,C_reviews_only,,101,,36,,,,101,,,,무선,,,N,,N,오른손잡이용,4.67,3,디자인,,N,,N,,N,,,[긍정] 사이즈 작고 디자인 이쁩니다 감도는 조금 불만족입니다
12850730,https://prod.danawa.com/info/?pcode=12850730&cate=112787,한성컴퓨터 BM100 듀얼 무선 무소음마우스,한성컴퓨터,16900,A_complete,56,,,99.4,,AA,1600,,,,기계식,"유선,2.4GHz무선,블루투스",,,Y,2,N,오른손잡이용,4.73,100,"클릭감,가성비","제품 하단에 단차(?)가 있는지 마치 책상 다리 높이 안 맞는 것처럼 흔들립니다. 클릭할 때마다 흔들림이 느껴져서 도저히 사용이 불가합니다. 반품 교환하려고 봤더니 안심 택배가 안,5초이상 가만히 있다가 마우스 만지면 끊깁니다 뚝뚝 도대체 3천원짜리 유선마우스보다 질떨어지는 제품을 이렇게 팔아도 되는겁니까 ?,아내의 스마트폰에 연결하려고 샀는데 잘 pairing이 되지 않습니다. 잘 되길 바랍니다.",N,,Y,,Y,,"대칭형,에르고",[긍정] 데스크탑과 한성tfx255s 노트북에 로지텍M590을 함께 사용 중이었는데 상품평이 좋은 듯하여 BM100을 구매(14900+2500배송비)했습니다. 제품은 가로19.8 X 세로 10.4 X 높이 4.3cm 크기의 검정색상에 흰색 제품모델명과 파란색바탕 흰글씨로 무소음마우스임을 강조해 놓은 상자 안에 들어 있습니다. 상자 안은 3개의 구획으로 나뉘는데 상단 [부정] 제품 하단에 단차(?)가 있는지 마치 책상 다리 높이 안 맞는 것처럼 흔들립니다. 클릭할 때마다 흔들림이 느껴져서 도저히 사용이 불가합니다. 반품 교환하려고 봤더니 안심 택배가 안돼서 직접 택배 알아보고 송장번호도 써야합니다. 이 부분이 최악이라 리뷰 남깁니다.
13287512,https://prod.danawa.com/info/?pcode=13287512&cate=112787,플레오맥스 MO-ER700 인체공학 버티컬 마우스,플레오맥스,17000,A_complete,98,115.6,,71.5,,"71.5mm
-",2400,,,,,"유선,2.4GHz무선,블루투스",,USB-C,Y,6,N,,5,2,,,N,,N,,Y,,에르고,[긍정] 잘 받았습니다~ 잘 받았습니다~
1539601,https://prod.danawa.com/info/?pcode=1539601&cate=112787,제스코 무선 무소음 마우스 JNL-202K Plus 화이트,제스코,17120,D_metadata_only,,,,,,,,,,,무소음 스위치,무선,,,N,,N,오른손잡이용,,,,,N,화이트,Y,,N,,,
9766203,https://prod.danawa.com/info/?pcode=9766203&cate=112787,라이트컴 COMS NM197,라이트컴,17270,A_complete,96,116,,72,,,1600,,,,기계식,"유선,2.4GHz무선,블루투스",,,Y,,N,,5,3,배터리,,N,,N,,N,,에르고,[긍정] 집에서 컴터 오래 쓰다보니까 마우스랑 키보드를 자주 교체하게 되는것같아요 요 버티컬 마우스는 제 손에 딱맞는 사이즈고 누를때 소리 나서 조아요 4~6개월정도는 또 쓰겠죠?
6494449,https://prod.danawa.com/info/?pcode=6494449&cate=112787,COX CM20 옵티컬 유선 마우스,COX,17490,B_detail_only,,109.2,,35.7,PTFE,,1200,,,,기계식,유선,,USB-C,,,N,오른손잡이용,,,,,N,,N,,N,,"대칭형,에르고",
93803825,https://prod.danawa.com/info/?pcode=93803825&cate=112787,MCHOSE G3 V2 해외구매,MCHOSE,17500,D_metadata_only,,116.5,,38.2,,PAW-3311,,,,,기계식,,,,Y,,N,,,,,,N,,N,옴론,N,,,
80164619,https://prod.danawa.com/info/?pcode=80164619&cate=112787,몬스타 가츠 CREW SWIFT 무선,몬스타,17500,D_metadata_only,,110.8,,40.8,,,,40,,,기계식,무선,,,Y,,N,,,,,,N,,Y,,N,,,
10533912,https://prod.danawa.com/info/?pcode=10533912&cate=112787,코시 M2018WL 저소음 버티컬 무선 마우스,코시,17590,A_complete,115,110,,61,,110mm,2400,,,,기계식,"2.4GHz무선,블루투스",,USB-C,Y,,N,오른손잡이용,4.56,75,"경량,클릭감,손목편안함",,N,,Y,,Y,,에르고,"[긍정] 2주 넘게 사용한 후기.크기가 작아서 한 손에 딱 들어오고 가벼운데, 동봉해 주신 AAA건전지를 넣으니 적당히 무게감이 생겼네요. 하단부 캡은 별 힘들이지 않고 열 수 있었습니다.우측에 손가락 받침대가 없는 모델이지만 전혀 불편함 없었고, 별 힘 주지 않아도 잘 움직이네요. 오작동도 없고 DPI 변경 버튼이 있어서 진짜 편해요.딱 한 가지 아쉬운 건 엄지손"
54484361,https://prod.danawa.com/info/?pcode=54484361&cate=112787,FOREV FV-X9,,17650,D_metadata_only,,132,,40,,,,,,,,유선,,,,,Y,,,,,,N,,N,,N,,,
13412507,https://prod.danawa.com/info/?pcode=13412507&cate=112787,건평정보통신 IPLEX VM500 유선 버티컬마우스,건평정보통신 IPLEX,17680,A_complete,98,115.6,,71.5,PTFE,,2400,2400,,,기계식,"유선,2.4GHz무선,블루투스",,USB-C,Y,6,N,,5,1,,,N,,N,,N,,에르고,[긍정] 손 작은 여성분들 이거사용하세요
13229927,https://prod.danawa.com/info/?pcode=13229927&cate=112787,앱코 H1 쉘체인저 게이밍 마우스,앱코,17830,A_complete,85,125,,40,PTFE,PIXART PAW3327,10000,100,20,1000,기계식,"유선,2.4GHz무선,블루투스",1000,,Y,12,Y,오른손잡이용,5,20,가성비,,Y,,N,옴론,N,"팜그립,클로그립","대칭형,에르고",[긍정] 가성비로 딱 쓰기 좋네요 ^^마음에 듭니다!
20312480,https://prod.danawa.com/info/?pcode=20312480&cate=112787,로지텍 M240 Silent 블루투스 (정품),로지텍,17870,C_reviews_only,,99,,99,,,,99,,,기계식,블루투스,,,N,,N,오른손잡이용,4.75,192,가성비,수신기 미포함 제품입니다. 수신기가 없는 마우스가 있을 것을 모르고 샀네요. 제품 설명에 크게 적었거나 연계해서 구입하게 했어야 하는데.. 시간과 돈만 버렸습니다.,N,블루,Y,,N,,,"[긍정] 요즘 노트북 회사들 usb포트를 얼마 안뚫어놔서 답답했는데, 진작 살 걸 그랬어요. 인생 손해봤습니다.아 근데 옆에 테두리가 맨들맨들해진거는 좀 아쉽습니다.옛날엔 겉에가 약간 매트?한 느낌의 플라스틱이었고 그게 더 좋았는데 말이죠. 그래도 상품자체는 익숙하고 지연도 딱히 안느껴져서 아주 만족하고 있습니다.가격이 조금만 더 저렴했으면 너무 좋았을 것 같네요. [부정] 수신기 미포함 제품입니다. 수신기가 없는 마우스가 있을 것을 모르고 샀네요. 제품 설명에 크게 적었거나 연계해서 구입하게 했어야 하는데.. 시간과 돈만 버렸습니다."
5674085,https://prod.danawa.com/info/?pcode=5674085&cate=112787,건평정보통신 IPLEX WM-600 버티컬 무선 마우스,건평정보통신 IPLEX,17900,A_complete,98,135,,90,,,3000,90,,,기계식,"2.4GHz무선,블루투스",,USB-C,Y,3,N,,5,1,,,N,,N,,Y,,에르고,[긍정] 새로운 형식인지라 열심히 적응훈련 중이라네여! 잘 쓸께요!
95988485,https://prod.danawa.com/info/?pcode=95988485&cate=112787,상도아이앤티 ANYZONE ANY-4 무선,상도아이앤티,17900,D_metadata_only,,105,,35,,,,35,,,기계식,무선,,,N,,N,오른손잡이용,,1,,,N,,N,,N,,,
99912551,https://prod.danawa.com/info/?pcode=99912551&cate=112787,HP 235 무선,HP,17900,D_metadata_only,,115.06,,36.32,,,,36,,,,무선,,,N,,N,오른손잡이용,,,,,N,,N,,N,,,
1956267,https://prod.danawa.com/info/?pcode=1956267&cate=112787,i-rocks Gaming Mouse M09,i-rocks,17990,C_reviews_only,,117,,41.5,,,,,,1000,기계식,유선,,,,,Y,오른손잡이용,4.67,3,배터리,,N,,N,,Y,,,[긍정] 나론지 오래된 마우스라 샌서나 좌우 버튼 스위치들이 옛날 부품이란 걸 감안해야 합니다.
10003683,https://prod.danawa.com/info/?pcode=10003683&cate=112787,코시 M2017WL 에르코 버티컬 무선 마우스,코시,18170,A_complete,90,126,,72,,AAA,1600,,,,기계식,"2.4GHz무선,블루투스",,,Y,3,N,오른손잡이용,4,8,손목편안함,작은 여자손엔 너무 크네요,N,,Y,,N,,에르고,[긍정] 손목이 안좋아서 샀는데 괜찮네요적응하는게 어렵긴한데 잘 쓰면 괜찮겠죠.새끼.(금칙어;;네요)손가락을 올릴수있어서 좋아요 [부정] 작은 여자손엔 너무 크네요
71901722,https://prod.danawa.com/info/?pcode=71901722&cate=112787,지클릭커 OFFICEPRO ERGO 버티컬 무소음 인체공학 블루투스 무선 OP70,지클릭커,18200,C_reviews_only,,70,,85,,,,,,,,블루투스,,,N,,N,,4,8,가성비,개봉한지 한달도 안되었는데 벌써 고장남같이 들어있던 건전지 문제인가해서 바꿨는데도 불 안들어옴너무나 싼마이네여거의 일회용 수준,N,블루,Y,,Y,,에르고,[긍정] 기존에 로지텍꺼는 고무 재질이라 때도 타고 끈적끈적한 느낌이 별로였는데 지클리커는 플라스틱이라 맘에 들어요 ㅎ [부정] 개봉한지 한달도 안되었는데 벌써 고장남같이 들어있던 건전지 문제인가해서 바꿨는데도 불 안들어옴너무나 싼마이네여거의 일회용 수준
5611018,https://prod.danawa.com/info/?pcode=5611018&cate=112787,코시 M3163WL 버티컬 컴피 무선 마우스,코시,18290,C_reviews_only,,126,,72,,,,126,,,기계식,무선,,,N,,N,,4.34,100,"경량,에임정확도,배터리","8월 20일 쯤에 구매했고 지금 10월 17일이니까 2달 정도 썼음.직업 특성상 클릭을 많이 하는데 누르고 누르다보면 근육이 당길 정도임. 이제는 어느 정도 적응은 됐는데 초반에 ,제가보통 노트북을 써브로 사용하고 있어서왼쪽부터 노트북, 메인모니터, 오른쪽에 마우스 위치하고있는데요.이 위치에서... 마우스가 안움직입니다...ㅋㅋㅋㅋㅋㅋㅋㅋㅋㅋ처음엔 고장인줄알,안녕하세요물류담당자님...일요일에 주문한 물품이 아직 도착하지 않았지만...상품평을 통해서 글을 올립니다오늘이 목요일인데 저녁7시~9시 에도착예정이라고 하면 회사(배송지)에서 야근",N,,Y,,Y,,에르고,"[긍정] 요즘 손목이 아파 버티컬 마우스 찾아다 가격과 후기 모두 괜찮은듯 해서 구매해ㅆ습니다! 일단 이런 기계류를 잘 모르기 때문에 개인적인 생각으론 가격대비 물건이 괜찮다입니다. 내구성이 엄청 좋아보이진 않지만 사무실 책상에서만 쓸거니까요! dpi 3단계인 것도 좋고 커서 감도랑 정확도가 기존에 쓰던 마소 마우스랑 다르지 않아요. 오히려 무소음이라 좋은데 딸깍이 [부정] 8월 20일 쯤에 구매했고 지금 10월 17일이니까 2달 정도 썼음.직업 특성상 클릭을 많이 하는데 누르고 누르다보면 근육이 당길 정도임. 이제는 어느 정도 적응은 됐는데 초반에 손목 아파서 산 건데 근육이 아프기 시작함. 개인적으로 각도가 좀 더 있었으면 하는 바람이 있고, 마우스가 너무 크다. 손에 쥐는 정도가 상당히 크고 특히 페이지 뒤로 가기랑 앞으"
62649578,https://prod.danawa.com/info/?pcode=62649578&cate=112787,디지털벤투스 포차코 저소음 무선,디지털벤투스,18400,C_reviews_only,,98,,98,,,,98,,,무소음 스위치,무선,,,N,,N,오른손잡이용,4,1,"무선안정성,디자인",,N,,Y,,N,,,[긍정] 사무실에서 사용하려고 무소음 무선 마우스 찾다가 예뻐서 구매했어요.디자인이나 사이즈는 마음에 드는데 좋은데 색상이 빛 바랜 느낌이 들고 매끄럽지 않고 긁히는 느낌이 좀 아쉽네요.그래도 볼 때마다 기분 전환 될 것 같아요. ㅎ잘 쓰겠습니다~
104355959,https://prod.danawa.com/info/?pcode=104355959&cate=112787,몬스타 가츠 CREW GV 무선,몬스타,18490,B_detail_only,105,115.5,,81.5,세라믹,,,,8,,기계식,"2.4GHz무선,블루투스",,USB-C,Y,2,N,,,2,,,N,,Y,,Y,,에르고,
13361570,https://prod.danawa.com/info/?pcode=13361570&cate=112787,코시 M3452WL 왼손 버티컬마우스,코시,18490,C_reviews_only,,124,,76,,,,,,,,무선,,,N,3,N,오른손잡이용,4.09,58,"클릭감,손목편안함,가성비","왼손용 버티컬 파는게 유일해서 사긴 했는데 제품 자체가 영 별로에요.1. 손으로 잡았을 때 좌우로 움직이면 수평이 아님.2. 버튼 마감이 나빠 잘 안 눌려서 교환 받았는데, 교환 ,일단 배터리 꽂고 사용하니 냄새가 너무 지독하게 나서 사용할 수가 없고. 마우스 휠이 너무 앞쪽에 있어서 손가락이 안닿네요. 불편해요. 갖다ㅠ버릴예정,이거 여성용손에는 넘크고 소리도 딸각거리는게 기슬려서 비추입니다",N,,N,,N,,에르고,"[긍정] 원래 오른손 버티컬마우스는 이용중인데, 갑자기 오른쪽 집게손가락이 아파서 병원에 갔더니 퇴행성이라고 ㅠ.ㅠ살림 많이 하냐고 하는데, 전 정말 마우스랑 키보드 말고는 손 쓰는 일이 거의 없는 상태라서... 왼손 마우스를 찾다가 이 제품을 구입하게됐습니다. 오른손용으로 3만원대 제품 쓰다가 10만원정도 비싼제품으로 작년에 바꿨는데, 큰 차이를 못 느끼겠더라구요 [부정] 왼손용 버티컬 파는게 유일해서 사긴 했는데 제품 자체가 영 별로에요.1. 손으로 잡았을 때 좌우로 움직이면 수평이 아님.2. 버튼 마감이 나빠 잘 안 눌려서 교환 받았는데, 교환 받은건 잘 눌리긴 한데 여전히 마감이 나쁨.3. 수평이 안 맞아 기우뚱거림. 이건 교환 받았는데 처음꺼보단 덜하지만 여전히 기우뚱 거리긴 합니다."
93804716,https://prod.danawa.com/info/?pcode=93804716&cate=112787,ATTACK SHARK G3 PRO 유무선,ATTACK SHARK,18500,C_reviews_only,,117,,38,,PAW-3311,,,,1000,기계식,유선,1000,,Y,,N,오른손잡이용,4.47,19,"배터리,무선안정성,가성비",오래사용하면 손바닥이 아플정도로 단차가 있어도 구매자가 배송비를 부담해가며 교환받아야 하니 이점 참고해서 구매하시면 좋을듯 합니다.,N,,N,후아노,Y,,,[긍정] 이 가격에 이정도 퀄리티라니 대만족. 무선마우스 충전때문에 usb 케이블 꽂았다 뺐다 귀찮마서 이전 마우스는 usb 마그네틱 커넥터 썼는데 얘는 충전 독이 있어서 그럴 필요도 없음.한달정도 써보고 별 문제 없으면 하나 더 사야지 [부정] 오래사용하면 손바닥이 아플정도로 단차가 있어도 구매자가 배송비를 부담해가며 교환받아야 하니 이점 참고해서 구매하시면 좋을듯 합니다.
18544991,https://prod.danawa.com/info/?pcode=18544991&cate=112787,Actto ABTM-05 무선 블루투스,Actto,18500,C_reviews_only,,107,,35,,,,35,,,기계식,블루투스,,,N,,Y,,1,1,,2개월만에 고장났어요,N,블루,Y,,N,,,[부정] 2개월만에 고장났어요
28890329,https://prod.danawa.com/info/?pcode=28890329&cate=112787,앱코 APM01 저소음 3MODE 무선,앱코,18530,B_detail_only,80,113,,25,,113mm,,125,,125,기계식,"2.4GHz무선,블루투스",125,USB-C,Y,,N,,,2,,,N,,Y,,Y,,,
18697967,https://prod.danawa.com/info/?pcode=18697967&cate=112787,Actto ABTM-01 무선 블루투스,Actto,18550,C_reviews_only,,110,,33.5,,"33.5mm
-",,,,,기계식,블루투스,,,N,,N,,4.86,7,"무선안정성,가성비",,N,블루,Y,,Y,,,[긍정] 맘에 들어요 저소음이라더니 아주 그냥 소음이 없어요! 무소음이네요!!! 정말 부드럽고 휠도 좋구 연결도 3곳에 페어링 되는거 버튼도 있어서 보기 좋구 직관적이고 아주 좋네요! 귀엽기도 하고! 그리고 손크기에 맞아서 더 좋아요~ 너무 작은 마우스들은 오히려 불편하더라고요
1894212,https://prod.danawa.com/info/?pcode=1894212&cate=112787,코시 M1189,코시,18600,C_reviews_only,,121,,70,,,,,,,기계식,유선,,,,,N,,4.5,42,"클릭감,손목편안함,가성비",인체공학적 설계라 그런지 모든 버튼이 누르기 힘든데 제 손이 이상한 거겠죠?;;,N,,N,,Y,,에르고,[긍정] 좀 크기가 크네요 어색하기도하고 크기가 이정도일지몰랐는데 쓰다보면 익숙해지지않을까 기대해봅니다 패키지는 되게 꼼꼼히되어있어요 [부정] 인체공학적 설계라 그런지 모든 버튼이 누르기 힘든데 제 손이 이상한 거겠죠?;;
14634113,https://prod.danawa.com/info/?pcode=14634113&cate=112787,Actto MSC-216 핸디 무선 버티컬마우스,Actto,18680,A_complete,88,124,,,,,,216,,,기계식,"2.4GHz무선,블루투스",,,Y,,N,,4.78,40,"손목편안함,디자인,가성비",나노리시버를 빼고 보내면 어떻게 사용하라는 겁니까!!아 진짜 어이가 없네요빠른 교환처리 바랍니다,N,,N,,N,,에르고,[긍정] 음..비싼 거 사기 전에 미리 써본다는 생각으로 과도기 개념으로 사봤어요. 저만 쓰는게 아니라 부모님도 같이 쓰실거라 모양변화에 신경쓰였거든요. 확실히 일반 마우스보다 무리가 덜 가네요. 그런데 조금 인식/반응 속도가 예민하지는 못한 거 같아서 아쉬워요. [부정] 나노리시버를 빼고 보내면 어떻게 사용하라는 겁니까!!아 진짜 어이가 없네요빠른 교환처리 바랍니다
49530893,https://prod.danawa.com/info/?pcode=49530893&cate=112787,아이콘스 카카오프렌즈 ic0-MML-001 무선,아이콘스,18700,C_reviews_only,,105,,22,,AA,,,,,기계식,무선,,,N,,N,오른손잡이용,5,3,,,N,,Y,,Y,,,[긍정] 정말 무소음이라서 좋습니당 춘식이 캐릭터도 귀여위서 좋습니다!
102126158,https://prod.danawa.com/info/?pcode=102126158&cate=112787,로이체 RX-650V 무선,로이체,18800,C_reviews_only,,105,,61,,,,,,,,무선,,,N,,N,오른손잡이용,4.67,3,"손목편안함,가성비",,N,,N,,N,,,[긍정] 가격대비 성능 만족.... 손목 통증 꽤나 줄었어요... 로이체에서 뭔가 더 수직 각도가 높은 버전도 나왔으면..
13461344,https://prod.danawa.com/info/?pcode=13461344&cate=112787,COX CM400 3327 게이밍 마우스,COX,18900,B_detail_only,30,106,,43.6,,Pixart PAW3327.,6200,220,30,1000,기계식,유선,1000,,,6,Y,오른손잡이용,,1,,,N,,N,후아노,Y,"팜그립,클로그립",에르고,
101012942,https://prod.danawa.com/info/?pcode=101012942&cate=112787,MAXTILL GM-BVE1500 무선,MAXTILL,18900,D_metadata_only,,118,,84,,AAA,,7000,,,기계식,무선,,,N,,N,,,,,,N,,N,,N,,,
58836071,https://prod.danawa.com/info/?pcode=58836071&cate=112787,ROYCHE RX-680V 무선,ROYCHE,18900,C_reviews_only,,118,,70,,,,70,,,무소음 스위치,무선,,,Y,,N,오른손잡이용,3.91,22,배터리,"손목보호를 위하여 샀으나사용상 불편함1 각도가 너무 세워져서 불편2 우측 밑 바침대같이 되어 잡기불편하고, 오른쪽 크릭부가 커서 잡을때 오작동,버튼이 너무 뻑뻑하고 누르기 불편해요",N,,N,,N,,에르고,"[긍정] 화이트 예쁩니다. 커서 반응속도는 좀 답답한 편입니다. 버티컬 마우스 처음이라 새끼손가락에 힘주는 등 적응 필요합니다. 동봉된 배터리 3일만에 닳아서 본체 고장인줄 알고 놀랐네요. [부정] 손목보호를 위하여 샀으나사용상 불편함1 각도가 너무 세워져서 불편2 우측 밑 바침대같이 되어 잡기불편하고, 오른쪽 크릭부가 커서 잡을때 오작동"
18726281,https://prod.danawa.com/info/?pcode=18726281&cate=112787,퓨전에프앤씨 INOTE MC340RB 무선 블루투스,퓨전에프앤씨,18900,C_reviews_only,,110,,29,,,,340,,,기계식,블루투스,,USB-C,Y,,N,오른손잡이용,5,10,"배터리,무선안정성,클릭감",,N,블루,Y,,Y,,,[긍정] 페어링 속도가 빠르고 끊김 없어서 좋아요.충전식 블루투스 마우스라 배터리 걱정 없어서 좋네요.한 번 충전 하면 지속력도 좋고 c타입 포트라 간편하게 충전 할 수 있어서 좋아요.저소음이라 사무실에서 사용해도 소리때문에 신경 쓰이지도 않고사용하기도 편해서 넘 맘에 들어요~
11211003,https://prod.danawa.com/info/?pcode=11211003&cate=112787,갤럭시 XANOVA XM310 게이밍 마우스,갤럭시,18990,D_metadata_only,,115,,38,,PMW-3325,,38,,,기계식,유선,,,,,Y,오른손잡이용,,,,,N,,N,,N,,,
6470161,https://prod.danawa.com/info/?pcode=6470161&cate=112787,RAPOO VPro V22 RGB,RAPOO,19000,A_complete,102,125.3,,38.6,,ADNS-3050,3000,,20,1000,기계식,유선,1000,,,,N,오른손잡이용,5,2,,,Y,,N,,Y,,"대칭형,에르고",[긍정] 좋아요좋라요좋아요좋아요
3702478,https://prod.danawa.com/info/?pcode=3702478&cate=112787,삼성전자 SMO-3550B,삼성전자,19000,A_complete,65,101,,36,PTFE,,1600,,,,기계식,2.4GHz무선,,,N,,N,,4.62,96,"에임정확도,배터리,무선안정성","한번 써보았는데 어찌 2개월도 못되서 고장이 납니까? 쓴지 얼마 되지도 않아쓴데 벌써 마우스의 휠이 작동하지 않습니다. 교환되지도 않을 것 같은데 제품 똑바로 만들어 파세요.,왤케 작아.. 아놔 반품하기도 귀찮고,마우스 가. 너무. 작아서. 못서요",N,,N,,Y,,에르고,"[긍정] ※ 리뷰가 도움이 되었다면 하단 꾹! 한번 눌러주세요^^~1.사이즈 - 아담해서 청소년, 손작은 분들도 부담없이 사용 가능한 사이즈 입니다..2.그립감- 매우 좋습니다....3.무선 - 마우스 끊김 없이 아주 잘 됩니다...4.DPI - 커스 움직임 부드럽네요....5.마우스 휠 - 휠 움직임 무음+ 정확성 매우 좋습니다...(귀에 대면 아주 미세하게 들립 [부정] 한번 써보았는데 어찌 2개월도 못되서 고장이 납니까? 쓴지 얼마 되지도 않아쓴데 벌써 마우스의 휠이 작동하지 않습니다. 교환되지도 않을 것 같은데 제품 똑바로 만들어 파세요."
13734683,https://prod.danawa.com/info/?pcode=13734683&cate=112787,레노버 씽크패드 블루투스 무소음 마우스 4Y50X88822,레노버,19000,C_reviews_only,,107,,29,,,,,,,기계식,블루투스,,,N,,N,오른손잡이용,5,11,,,N,블루,Y,,N,,,[긍정] 레노버 블루투스 마우스를 구입했고요. 크기도 적당하고 조용하고 좋네요. 일요일 주문했는데요 화요일 받았어요. 구입 만족합니다.
2385705,https://prod.danawa.com/info/?pcode=2385705&cate=112787,건평정보통신 IPLEX [휴] 休 Ergo VM712,건평정보통신 IPLEX,19000,A_complete,98,135,,90,,135mm,1600,,,,기계식,"유선,2.4GHz무선,블루투스",50,USB-C,Y,6,N,오른손잡이용,4.16,100,"무선안정성,클릭감,손목편안함","상품 수령후 다음날에 왼쪽버튼 클릭이 안되고 교환요청했는데맞교환이 아니라 반품후에 테스트 후 교체라고 ㅡㅡ;이상없지만 교환해준다고 새제품이 왓는데왼쪽 버튼은 잘 눌리지만마우스 커서,예전부터 사용하던 제품인데, 기존에 사용하던게 고장나서 재구매 하였습니다. 금요일날 회사로 주문했는데, 토요일날 회사로 배송되서, 매우 만족하고 있었습니다. 그런데 오늘 회사에 출,포장상태부터 제품이 파손안된게 다행이다 싶은 수준인데(제품 겉포장은 파손됐네요)마우스 살펴보니 새제품에 이런 기스가????이건 무슨 반품된걸 보내준건지 상태가 안좋네요.반품 귀찮아",N,,Y,,N,,에르고,[긍정] 마우스를 옆으로 세워둔 것 같은 보통의 버티컬 마우스를 사용하다보니좀 더 기울기가 있으면 좋겠다 싶었습니다.그리고 보통 마우스같은 버튼의 버티컬 마우스는 은근히 클릭에 힘이 들어갑니다.가끔은 엄지로 받쳐주고 클릭을 해야될때고 있지요.사실 이번에 이 마우스로 바꾼 결정적인 이유는 보다시피 버튼이 돌출형으로 되어 있어서입니다.이런 형태는 이 버튼이 더 클릭하기 [부정] 상품 수령후 다음날에 왼쪽버튼 클릭이 안되고 교환요청했는데맞교환이 아니라 반품후에 테스트 후 교체라고 ㅡㅡ;이상없지만 교환해준다고 새제품이 왓는데왼쪽 버튼은 잘 눌리지만마우스 커서가 뜬금없이 튄다가만히 놔두어도 화면 끝이나 구석으로 갑자기 확 튀어버리는데빈도가 지 멋대로라이걸 또 어찌해야 될지.....또 맞교환 안된다고 할거 같아서 귀찮아서 그냥쓰는데얼마 
18678314,https://prod.danawa.com/info/?pcode=18678314&cate=112787,팬웨스트 PW-999 무선,팬웨스트,19000,C_reviews_only,,114.1,,81.1,,,,,,,,무선,,,N,,N,오른손잡이용,5,2,손목편안함,,N,,N,,Y,,,[긍정] 초반에만 적응하면 손목이 편하고 좋습니다.사무실에서 여러명이 사용하고 있어요 ^^
106720082,https://prod.danawa.com/info/?pcode=106720082&cate=112787,지클릭커 오피스프로 OPV10 크루아상 무선,지클릭커,19100,D_metadata_only,,,,79,,,,79,,,기계식,무선,,,Y,,N,,,,,,N,,N,,Y,,,
101628737,https://prod.danawa.com/info/?pcode=101628737&cate=112787,AULA SC360 SE 유무선,AULA,19110,D_metadata_only,,119,,40,,PAW-3311,,119,35,,,유선+무선,,,Y,,N,,,,,,N,,N,,N,,,
4323747,https://prod.danawa.com/info/?pcode=4323747&cate=112787,건평정보통신 IPLEX WM912 버티컬 무선 마우스,건평정보통신 IPLEX,19220,A_complete,,100,,60,,AAA,1600,,,,기계식,"2.4GHz무선,블루투스",2000,,Y,,N,오른손잡이용,4,3,"경량,손목편안함,디자인",,N,,N,,Y,,에르고,"[긍정] 약간 가벼운 느낌이 있고요. 마우스를 사용할 때, 좀 날린다고 해야 하나 그런 느낌이 좀 있어요. 하지만 전체적으로 안정적이고요. 손목이 덜 아프네요. 잘 사용하고 있습니다."
10422183,https://prod.danawa.com/info/?pcode=10422183&cate=112787,COX CM10 RGB 게이밍 마우스,COX,19300,D_metadata_only,,125,,40,,,,,10,,기계식,유선,,,,,Y,,,,,,Y,,N,,N,,,
55388537,https://prod.danawa.com/info/?pcode=55388537&cate=112787,플레오맥스 MOC-VM300 무선,플레오맥스,19300,B_detail_only,,118,,70,,AAA,,70,,,기계식,"2.4GHz무선,블루투스",,,N,5,N,오른손잡이용,,,,,N,,Y,,Y,,에르고,
29483684,https://prod.danawa.com/info/?pcode=29483684&cate=112787,앱코 A661 3325 프로페셔널 게이밍,앱코,19500,A_complete,20,117,,38.2,PTFE,---,10000,100,20,1000,기계식,유선,1000,,,,Y,오른손잡이용,5,1,클릭감,,Y,,N,"옴론,칼화",Y,"팜그립,클로그립",에르고,[긍정] 레트로 느낌인데 유선마우스 클릭감이나 사용은 Deathadder 에센셜과 로지텍 G102 보다 좋네요.
93445547,https://prod.danawa.com/info/?pcode=93445547&cate=112787,AULA SC900SE 유무선,AULA,19500,D_metadata_only,,126,,44,,PAW-3395,,,,1000,,유선+무선,1000,,Y,,N,오른손잡이용,,,,,N,,N,,N,,,
74335394,https://prod.danawa.com/info/?pcode=74335394&cate=112787,AULA SC380 유무선,AULA,19500,D_metadata_only,,125.5,,41.7,,,,41,,,,유선,,,Y,,N,,,,,,N,,N,,N,,,
15953963,https://prod.danawa.com/info/?pcode=15953963&cate=112787,코시 M2144WL 세미 버티컬 무선 마우스,코시,19500,C_reviews_only,,175,,,,AA,,,,,기계식,무선,,,N,,N,오른손잡이용,4.83,6,,,N,,N,,Y,,에르고,[긍정] 사용하기 편리하다고 해서 구입했습니다.처음이라 익숙지 않지만 사용하다 보면 익숙해지겠지요.종습니다.
45547358,https://prod.danawa.com/info/?pcode=45547358&cate=112787,제닉스 TITAN G ZERO,제닉스,19510,C_reviews_only,,116,,41,,PMW-3519,,41,,,기계식,유선,,,,,Y,오른손잡이용,5,2,,,N,,N,후아노,N,,,[긍정] 사무실 업무에 쓰고 있는데 좋아요
56502062,https://prod.danawa.com/info/?pcode=56502062&cate=112787,제라드 GRD-AP604b,제라드,19590,C_reviews_only,,,,,,,,20,,,,,,,,,N,,5,1,에임정확도,,N,,N,,N,,,[긍정] 토요일까지 받아야 했는데 토요일에 정확히 도착했어요
98613458,https://prod.danawa.com/info/?pcode=98613458&cate=112787,지클릭커 슈퍼히어로 OP99 르캄프 유무선,지클릭커,19600,B_detail_only,59,120,,38,PTFE,#NAME?,26000,650,50,10000,기계식,"유선,2.4GHz무선,블루투스",,USB-C,Y,,Y,,5,1,,,N,,N,후아노,Y,,에르고,[긍정] 최고예요
7351498,https://prod.danawa.com/info/?pcode=7351498&cate=112787,RAPOO VPro VT200 에센셜,RAPOO,19800,B_detail_only,99,123.94,,39.13,,PMW-3327,6200,220,30,1000,기계식,유선,1000,,,8,Y,오른손잡이용,,2,,,Y,,N,,Y,,에르고,
79576610,https://prod.danawa.com/info/?pcode=79576610&cate=112787,에이서 EMR213 무선,에이서,19800,A_complete,94,113,74.5,42,,,,,,,기계식,"2.4GHz무선,블루투스",,USB-C,Y,6,N,,4.38,32,"배터리,부드러운움직임","일단 뽑기 실패한건지..저렴한이유가 있는건지..아버지 컴터바둑할때 사용하시라고 구입했는데디자인이나 기능등은 좋아보였는데 사용시 오류가 자주남휴면모드후 재사용할때 먹통이되는경우가 잦,동글, 블루투스 뭘로 연결해도 쓰다가 계속 끊기네요,손가락이 많이 길어야 클릭할때 편하겠네요",N,,Y,,N,,에르고,[긍정] 사용하는 몇일동안 연결 끊킴이 너무 잦아 판매자님께 연락드렸더니 바로 교환해주셨어요.교환제품도 비슷한 증상이 나타나더라구요. 판매자님이 수신기가 있다는 말씀에 수신기를 사용하니 블루투스보단 안정적이지만 그래도 끊킴이 있어 전원 껏다켯다하며 사용중이에요. 휠 등 부드러운 사용감이 좋아 사용하려해요. 사용중인 컴터가 호환되는 몬가 없어 그럴수 있다는 말에 컴터 [부정] 일단 뽑기 실패한건지..저렴한이유가 있는건지..아버지 컴터바둑할때 사용하시라고 구입했는데디자인이나 기능등은 좋아보였는데 사용시 오류가 자주남휴면모드후 재사용할때 먹통이되는경우가 잦음아이디 입력창에 클릭후 입력하려할때 먹통되기도하고장고후 바둑 두려할때 동작하지 않아서 결국 내가 가져옴내 노트북에서 사용해보는데 내꺼에서도 여러번 발생함절전모드 해제때 마우스가 
98185112,https://prod.danawa.com/info/?pcode=98185112&cate=112787,지클릭커 OFFICEPRO OP60 무선,지클릭커,19800,A_complete,75,102.3,,59.7,,,,,,,기계식,"2.4GHz무선,블루투스",,,N,,N,오른손잡이용,4,1,"손목편안함,부드러운움직임",,N,,Y,,Y,,에르고,[긍정] 움직임이 아주 부드러워 사용감이 좋아요 손목이 덜 아플까하고 구입했어요
41419214,https://prod.danawa.com/info/?pcode=41419214&cate=112787,지클릭커 슈퍼히어로 OP95 벤투스 무선 블루투스 커스텀,지클릭커,19800,D_metadata_only,20,120,,39.2,,,,39,20,,,블루투스,,,Y,,N,,,3,,,N,블루,N,,N,,,
73886432,https://prod.danawa.com/info/?pcode=73886432&cate=112787,서진네트웍스 UNICORN FX-700B 무선 듀얼 버티컬,서진네트웍스,19800,B_detail_only,93,102,,60,UPE,102mm,1600,,,,기계식,"2.4GHz무선,블루투스",3,USB-C,Y,6,N,오른손잡이용,,1,,,N,,Y,,N,,에르고,
78098117,https://prod.danawa.com/info/?pcode=78098117&cate=112787,샤오미 XMSMSB01YM 무선,샤오미,19800,D_metadata_only,,111,,40,,,,40,,,무소음 스위치,무선,,,,,N,오른손잡이용,,,,,N,,N,,N,,,
4989553,https://prod.danawa.com/info/?pcode=4989553&cate=112787,로지텍 M330,로지텍,19830,D_metadata_only,,105.4,,38.4,,,,38,,,무소음 스위치,무선,,,N,,N,오른손잡이용,,,,,N,,N,,N,,,
1006740,https://prod.danawa.com/info/?pcode=1006740&cate=112787,제스코 무소음 마우스 JNL-101K,제스코,19850,D_metadata_only,,110,,40,,,,,,,기계식,,,,,,N,,,4,,,N,,Y,,Y,,,
18992717,https://prod.danawa.com/info/?pcode=18992717&cate=112787,로지텍 M235n 무선 (정품),로지텍,19880,C_reviews_only,,95,,95,,,,,,,,무선,,,N,,N,,5,2,"디자인,가성비",,N,,N,,N,,,"[긍정] 역시 역시입니다! 동작이 깔끔하고 자연스럽고 아주 좋네요. 로지텍 다른 제품 쓰다가 건전지를 일주일만에 교체해야 하는, 몆 번에 걸쳐 교체 하며 쓰다가 저렴한 마우스를 구입 했는데 마우스가 원하는 포지션을 잘 못 맞추는 등 자꾸 오류가 생겨 한달만에 다시 로지텍으로 왔네요. 전에 쓰던 로지텍 마우스의 잣은 밧데리 교체는 아마도 충격 때문에 문제가 생겼던 것"
64375982,https://prod.danawa.com/info/?pcode=64375982&cate=112787,ROCCAT PURE SEL,ROCCAT,19900,C_reviews_only,30,121.1,,38.3,,,,121,30,,,유선,,,,,N,,4.83,6,가성비,,N,,N,,N,,,[긍정] 엄청 가볍고 그립감 좋아요. 너무 작은 마우스는 불편해서 크기 적당한걸로 골랐어요.
81061424,https://prod.danawa.com/info/?pcode=81061424&cate=112787,ROYCHE RX-710TR,ROYCHE,19900,C_reviews_only,,106,,39,,,,437,,,기계식,무선,,,Y,,N,오른손잡이용,4.67,6,가성비,,N,,Y,,Y,,,[긍정] 가성비 좋게 잘 샀습니다. 너무 좋네요. 핸드폰 충전기로 충전까지 굿궀
106729328,https://prod.danawa.com/info/?pcode=106729328&cate=112787,로이체 RX-720DC 무선,로이체,19900,D_metadata_only,,109,,39,,,,39,,,,무선,,,Y,,N,,,,,,N,,N,,N,,,
20125631,https://prod.danawa.com/info/?pcode=20125631&cate=112787,제닉스 STORMX VM1 무선,제닉스,19900,C_reviews_only,,107,,71,,PAW-3212,,,,,,무선,,,N,,N,오른손잡이용,5,1,"디자인,가성비",,N,,N,,Y,,에르고,[긍정] 로지텍은 너무 비싸고 적당한거 찾을려고 했는데 진짜 가볍고 깔끔하고 잘 됩니다. 버티컬 마우스 중에 가성비 갑
15650339,https://prod.danawa.com/info/?pcode=15650339&cate=112787,퓨전에프앤씨 INOTE M33RB 충전식 무선 마우스,퓨전에프앤씨,19900,C_reviews_only,,105,,37,,,,,,,기계식,블루투스,,,Y,,Y,오른손잡이용,4.6,5,,,N,,Y,,N,,,[긍정] 최근 게이밍노트북 구매해서 건전지안써도되는 충전식 마우스찾다가 구매했습니다.노트북자판하고 같이 반짝거리니까 너무좋네요.소음도적고 다른노트북에 블루투스로도 다중연결되서마우스하나로 다양하게 쓸우있어서 좋습니다.잘쓰겠습니다.
6167874,https://prod.danawa.com/info/?pcode=6167874&cate=112787,로지텍 M280,로지텍,19930,A_complete,85,105.4,,38.4,,,,,,,기계식,"유선,2.4GHz무선,블루투스",,USB-C,Y,2,Y,오른손잡이용,4.67,90,"배터리,무선안정성,클릭감",,N,,Y,,Y,,비대칭,[긍정] m280 m330 다 사용하던 사용자입니다.기존의 제품이 오래되어 우클릭을 하는데 버튼이 잘 눌리지 않는 증상이 생겨서 새 제품을 구매하게 되었습니다.리뉴얼되면서 m330은 고무패킹이 없어졌고m280은 아직 옆면의 고무패킹이 남아있는 것으로 착각하고 구매를 했습니다.손가락 끝이 건조해져서 마우스를 쥘 때 고무패킹이 없으면 정밀한 작업을 하는데 애로사항이 있
17343158,https://prod.danawa.com/info/?pcode=17343158&cate=112787,플레오맥스 MOC-VM100 무선 버티컬 마우스,플레오맥스,20073,C_reviews_only,,105,,58,,,,,,,,무선,,,N,,N,오른손잡이용,4,3,가성비,,N,,N,,Y,,에르고,[긍정] 빠른배송 너무 맘에 들어요잘쓰겠습니다.
78098051,https://prod.danawa.com/info/?pcode=78098051&cate=112787,샤오미 XMWXSB03YM 무선,샤오미,20340,D_metadata_only,,119,,41,,,,119,,,기계식,무선,,,,,N,오른손잡이용,,,,,N,,Y,,Y,,,
74005331,https://prod.danawa.com/info/?pcode=74005331&cate=112787,Orimouse myAir0 무선,,20400,D_metadata_only,,122,,14,,,,14,,4000,기계식,무선,,,Y,,N,,,,,,N,,N,,Y,,,
62636780,https://prod.danawa.com/info/?pcode=62636780&cate=112787,AULA SC630 유무선,AULA,20600,C_reviews_only,,126.3,,38.4,,,,,,,,유선,,,Y,,N,,4.25,4,클릭감,,N,,N,,N,,,[긍정] 느려도 제품은 조아요 클릭음거이안들려서좋아요
20364968,https://prod.danawa.com/info/?pcode=20364968&cate=112787,Actto BTM-15 무선 블루투스,Actto,20600,C_reviews_only,,118,,32,,32mm,,10972,,,기계식,블루투스,,,Y,,N,,4.67,12,"디자인,가성비",,N,블루,Y,,N,,,[긍정] 지금까지 이런 판매자님처럼 서비스로 예쁘게 포장해 주신분 본적이 없었습니다.마우스이지만 판매자님의 마음 씀씀이와 고객을 대하는 마음을 포장된 상태를 보면서 느낄수 있었습니다.앞으로 가격만 비슷하다면 판매자님 상품을 위주로 살듯 합니다.ㅎㅎ포장이 너무 예뼈서 뜯기가 아쉽지만 제품을 써야하니 뜯어야죠...제품을 2개 모두 샀는데 모두 동작잘되구요..판매자님 강
97885259,https://prod.danawa.com/info/?pcode=97885259&cate=112787,엑스트리파이 M8,엑스트리파이,20680,D_metadata_only,,,,38.5,,PAW-3395,,,,1000,기계식,유선,1000,,Y,,N,,,,,,Y,,N,칼화,Y,,,
11210943,https://prod.danawa.com/info/?pcode=11210943&cate=112787,갤럭시 XANOVA XM380 PRO 게이밍 마우스,갤럭시,20780,B_detail_only,126,115,,38,,16000 dpi,16000,38,,1000,기계식,유선,1000,,,6,Y,오른손잡이용,,3,,,Y,,N,옴론,N,,에르고,
3471313,https://prod.danawa.com/info/?pcode=3471313&cate=112787,MAXTILL MAXTILL TRON G10 게이밍 마우스,MAXTILL,20800,A_complete,90,123,,38,,PMW 3389,16000,100,20,,기계식,"유선,2.4GHz무선,블루투스",,,Y,7,Y,오른손잡이용,4.62,8,가성비,,N,,N,옴론,Y,,,[긍정] 좋은 상품이라 생각됩니다. led 오프는 그리전산의 프로그램을 받아야 가능함...같은 듯 해도 종류가 많아서 다른걸 쓰면 작동안됨
11317038,https://prod.danawa.com/info/?pcode=11317038&cate=112787,로지텍 G102 LIGHTSYNC,로지텍,20890,A_complete,85,116.6,,38.2,UPE,HERO 16,8000,100,30,,,"유선,2.4GHz무선",,,Y,5,Y,,4.61,300,가성비,잘 받았습니다만 택배상자는 다 찌러져 있고 마우스는 마우스 상자가 아닌 비닐 포장지에 넣어져 있어서...좀 그렇네요....,Y,,N,,N,,,[긍정] 상품 상태도 PC방에서 쓰던 거라고는 생각못할 정도로 아주 멀쩡하고 괜찮습니다박스는 없고 뽁뽁이에 마우스 밑에 붙이는 고무패드 그거 두 개 보내주셨습니다 박스 없는 건 솔찌 감안해야 한다 봅니다근데 제가 신나서 가위로 포장을 싹둑싹둑하다 케이블을 날려버려서 사용은 못해봤습니다배송도 빨랐고 기분좋게 받았습니다써보지는 못했지만요아무튼 가격 대비 질도 괜찮고 이 [부정] 잘 받았습니다만 택배상자는 다 찌러져 있고 마우스는 마우스 상자가 아닌 비닐 포장지에 넣어져 있어서...좀 그렇네요....
79550597,https://prod.danawa.com/info/?pcode=79550597&cate=112787,AULA SC390 유무선,AULA,20900,C_reviews_only,,120,,38.5,,PAW-3311,,3311,,,,"유선,블루투스",,,Y,,N,오른손잡이용,4.69,16,,,N,,N,,N,,,[긍정] 어제까지 편지 발송도 안 된 상태였는데 오늘 급작스레 받았습니다.ㅋㅋ 한 개는 까보았고 음 한 개는 선물용이라 아직 언박싱 상태이지만 너무 좋습니다. VX2 프로 맥스 모델보다는 아주 약간 무겁고 크지만 굉장히 좋습니다. 디스플레이도 있고요. 동봉된 3M 그립 스티커도 너무 좋네요. 강추합니다. 배송까지 깔게 없네요.
17668625,https://prod.danawa.com/info/?pcode=17668625&cate=112787,상도아이앤티 ANYZONE ANY-2 무소음 버티컬 마우스,상도아이앤티,20990,D_metadata_only,,115,,27,,AA,,3000,,,,무선,,,N,,N,,,,,,N,,Y,,Y,,에르고,
14331842,https://prod.danawa.com/info/?pcode=14331842&cate=112787,라이트컴 COMS DX756 버티컬 마우스,라이트컴,21000,A_complete,104,135.5,,87,,AAA,5000,100,20,,기계식,"유선,2.4GHz무선,블루투스",50,USB-C,Y,6,N,,4.38,8,"배터리,무선안정성,손목편안함",손에 잡히는 부분이 미끄러워서 움직일때 불편함잡고 옮겨야 할 일이 많은데 불편함,N,,N,,N,,에르고,[긍정] 늘 이 마우스만 사용중인데 지난번 마우스는 뽑기운이 안 좋았는지 1년도 안돼 휠이 고장 났더라고요.이번 제품은 꼭 오래 사용할 수 있으면 좋겠네요. [부정] 손에 잡히는 부분이 미끄러워서 움직일때 불편함잡고 옮겨야 할 일이 많은데 불편함
17706650,https://prod.danawa.com/info/?pcode=17706650&cate=112787,상도아이앤티 ANYZONE ANY-1 무소음 블루투스 마우스,상도아이앤티,21000,A_complete,,115,,27,PTFE,,1600,,,,기계식,"2.4GHz무선,블루투스",,USB-C,Y,,N,오른손잡이용,4.29,7,"배터리,무선안정성,부드러운움직임",사용하다가 파워가 나가서 아무리 충전을 해도 충전이 안되요반품환불해주세요,N,블루,Y,,Y,,에르고,[긍정] 배터리내장형 무선마우스중에서 가격이 저렴한 편이어서 구매하게 됐습니다. 외형이 납작해서 노트북과 함께 휴대하기에 편하네요. 블루투스방식으로 사용해봤는데 마우스 빠르게 인식 잘 됩니다. 다만 휠을 돌릴때 너무 지나치게 부드러워서 헐렁헐렁한 느낌입니다. 전체적으로 만족합니다. [부정] 사용하다가 파워가 나가서 아무리 충전을 해도 충전이 안되요반품환불해주세요
10998240,https://prod.danawa.com/info/?pcode=10998240&cate=112787,FANTECH HIVE UX2,FANTECH,21180,A_complete,74,125,64,39,PTFE,PIXART PMW 3360,12000,250,50,1000,기계식,유선,1000,USB-C,,6,Y,오른손잡이용,5,1,,,Y,,N,후아노,Y,"팜그립,클로그립","허니컴,대칭형,에르고",[긍정] 배송도 빠르고 정품 받았습니다.
95985923,https://prod.danawa.com/info/?pcode=95985923&cate=112787,ATK U2 유무선,ATK,21380,D_metadata_only,,123.7,,39.1,,"123.7mm
-",,,,,기계식,유선,,,Y,,N,오른손잡이용,,,,,N,,N,후아노,N,,,
90501092,https://prod.danawa.com/info/?pcode=90501092&cate=112787,UGREEN M571 무선,UGREEN,21500,D_metadata_only,,124.86,,,,,,,,,기계식,무선,,,,,N,오른손잡이용,,1,,,N,그린,N,,N,,,
76400150,https://prod.danawa.com/info/?pcode=76400150&cate=112787,SMAILWOLF RS8 유무선,,21500,C_reviews_only,,120,,40,,,,1000,,1000,기계식,유선+무선,1000,,Y,,Y,,5,1,배터리,,N,,N,,N,,,[긍정] 생각보다 가볍고 기능도 다 정상작동하고 좋습니다배터리 표시가 되는게 뭔가 좋습니다pd충전기로도 충전 잘됩니다
18779771,https://prod.danawa.com/info/?pcode=18779771&cate=112787,라이트컴 COMS RT684 무선 블루투스,라이트컴,21620,C_reviews_only,,100,,34,,,,683,,,기계식,블루투스,,,Y,,Y,오른손잡이용,5,3,"무선안정성,디자인",,N,블루,Y,,N,,,"[긍정] 받자마자 사용해 봅니다. 소리도 안나고 제대로 작동되고, 컬러 불빛도 예쁘네요. 충전식이라 더 마음에 듭니다."
18779735,https://prod.danawa.com/info/?pcode=18779735&cate=112787,라이트컴 COMS RT683 무선 블루투스,라이트컴,21620,C_reviews_only,,100,,34,,100mm,,,,,기계식,블루투스,,,Y,,N,오른손잡이용,5,2,무선안정성,,N,블루,Y,,N,,,[긍정] 무선 블루투스 혼용 마우스 블랙 너무 좋아요
1060526,https://prod.danawa.com/info/?pcode=1060526&cate=112787,삼성전자 SMH-3100UB,삼성전자,21700,B_detail_only,89,115,,38,,115mm,1000,1000,,,,유선,,,,3,N,양손,,,,,N,,N,,N,,"대칭형,에르고",
13163489,https://prod.danawa.com/info/?pcode=13163489&cate=112787,다얼유 LM158,다얼유,21700,C_reviews_only,,104,,58,,58mm,,,,,,무선,,,N,,N,오른손잡이용,4.89,19,"클릭감,손목편안함,가성비",,N,,N,,N,,에르고,[긍정] 사용하던 버티컬마우스보다 약간 두꺼운 편이라 사용하면서 적응해야 겠지만 불편하지는 않습니다.여자 기준에서도 손이 작은 편인데 딱 좋은 사이즈입니다.클릭소리가 안 나서 굉장히 좋고 잡았을때 편안해요.색상도 연한 핑크색이라 볼 때마다 예쁘네요.가격대비 좋은 상품 같습니다.
17283500,https://prod.danawa.com/info/?pcode=17283500&cate=112787,퓨전에프앤씨 펭수 BPM20 멀티페어링 무선 마우스,퓨전에프앤씨,21700,D_metadata_only,,100,,38,,,,,,,기계식,무선,,,N,,N,오른손잡이용,,,,,N,,N,,Y,,,
62647955,https://prod.danawa.com/info/?pcode=62647955&cate=112787,AULA SC518 무선,AULA,21750,C_reviews_only,,124,,41,,41mm,,,,,,,,,Y,,Y,오른손잡이용,5,1,가성비,,N,,N,,N,,,"[긍정] 기대했던게 왔는데 매우 좋습니다 ㅋㅋ. 다른분들도 이 가격대비 성능맛좀 보시라고 리뷰달아요 ㅋㅋ. 무엇보다도 신기하게 감도조절버튼이 있네요 ㄷㄷ;; 이쪽 잘 모르지만, 대충 보니까 초당감지속도 조절해서 감지능력 올리는거같은데 이거 잔뜩 켜놓고 마우스 속도 조절해서 겜도 할수있을거같아요 ㅋㅋ"
1791963,https://prod.danawa.com/info/?pcode=1791963&cate=112787,로지텍 B175 (정품),로지텍,21860,C_reviews_only,,95,,95,,95mm,,,,,,무선,,,N,,N,,4.34,58,,"로지텍 로지텍 무선 마우스 B175 그레이,배송기간 4일 소요.",N,,N,,Y,,,[긍정] 급해서 구매 했는데...빠른 배송이 되어 좋았습니다...성능은 로지텍 마우스이니 당연히 문제는 없을 것 같고... [부정] 로지텍 로지텍 무선 마우스 B175 그레이
47843843,https://prod.danawa.com/info/?pcode=47843843&cate=112787,레노버 4Y51D20848 무선,레노버,22000,D_metadata_only,,100,,35,,AA,,35,,,,무선,,,N,,N,,,,,,N,,N,,Y,,,
78610250,https://prod.danawa.com/info/?pcode=78610250&cate=112787,ATK A9 SE 유무선,ATK,22010,C_reviews_only,,125,,40,,125mm,,3311,,,기계식,유선,,,Y,,N,오른손잡이용,5,6,가성비,,N,,N,후아노,Y,,,[긍정] 좋은 제품 좋은 가격에 구매했습니다.
8177038,https://prod.danawa.com/info/?pcode=8177038&cate=112787,로지텍 M350 PEBBLE,로지텍,22250,A_complete,85,107,,27,,,,,,,기계식,"유선,2.4GHz무선,블루투스",,USB-C,Y,2,Y,오른손잡이용,4.64,98,"경량,배터리,클릭감","제가 원래 정품 로직텍 M350을 사용하다가 조금 저렴해서 구입했는데... 이거 정품 맞나요? 아무리 병행수입 이라지만 실제 촉감 부터 다르고 박스도 다르고 안에 건전지도 다르고 ,마우스가 납작하여 그립감이 부족하고 브루투스 모드로 하면 이어폰 연결이 어려움.,너무 낮아서 사용하기 불편한데 귀찮아서 그냥 쓸게요",N,,Y,,Y,,,"[긍정] 일단 다른 분들이 다 쓰셨으니 장단점 위주로. 장점 가볍고 소리는 볼펜 딸깍이나 일반 키보드나 마우스보단 작아요. 딸깍은 아니고 그러나 여전히 떡 조용히 써는 또...옥 정도? 꾸욱 딱 그 느낌. 뭔 독서실이나 사무실 같은데도 연타하시는 분 계시던데요 ㅋㅋㅋ 그런 분 아니고 평소 버릇 자체가 약하게 누르시고 신경 쓰실 경우, 살살 누르심 괜찮을 듯. 작고  [부정] 제가 원래 정품 로직텍 M350을 사용하다가 조금 저렴해서 구입했는데... 이거 정품 맞나요? 아무리 병행수입 이라지만 실제 촉감 부터 다르고 박스도 다르고 안에 건전지도 다르고 심지어는 usb에 적힌 영어도 다르고 심지어는 정품은 양쪽에 적혀있는데 이건 한쪽만 적혀있고 누가 봐도 가품인거 같은데요?심지어는 색도 조금 달라요"
15647900,https://prod.danawa.com/info/?pcode=15647900&cate=112787,이큐웨어 이큐메딕 Sanitize-M5 항균 무소음 버티컬 마우스,이큐웨어,22500,D_metadata_only,,117,,53,,,,117,,,,유선,,,,,N,오른손잡이용,,,,,N,,Y,,N,,에르고,
12553067,https://prod.danawa.com/info/?pcode=12553067&cate=112787,MAXTILL TRON G20 PRO PMW 3330 RGB 게이밍 마우스,MAXTILL,22750,C_reviews_only,30,122.1,,36.8,,PMW-3330,,20,30,,기계식,유선,,,,,Y,,5,1,,,Y,,N,옴론,Y,,,[긍정] 마우스가 고장나서 옥션에서 새로 구입해서 마우스가 잘 되서 아주 좋고 맘에 들어요^^^긋
37351715,https://prod.danawa.com/info/?pcode=37351715&cate=112787,지클릭커 OFFICEPRO 버티컬 무소음 인체공학 블루투스 무선 OP50,지클릭커,22800,C_reviews_only,,106,,70,,PAW-3212,,50,,,기계식,블루투스,,,Y,,N,오른손잡이용,4.76,17,"클릭감,손목편안함,부드러운움직임",,N,블루,Y,,N,,에르고,"[긍정] 손목이 아파서 몇년 전부터 항상 버티컬 마우스만 사용하고 있는데요,이 마우스 특성상 디자인 예쁜거 찾기 진짜 어렵거든요..요즘이야 예쁜 디자인, 다양한 컬러가 나오는거 같지만;;검정 아니면 흰색.. 투박한 디자인 감수하고 썼었습니다.우선 컬러가 너무 예뻐서 고민 없이 바로 구매 했습니다.디자인도 독특하고, 무엇보다 작은 손에도 착 감기는게사이즈도 좋네요~다"
102550046,https://prod.danawa.com/info/?pcode=102550046&cate=112787,COX CEM30 서포트오피스 FREE 무선,COX,22810,A_complete,55,123,,44.8,,PAW-3212,1600,250,,250,기계식,"2.4GHz무선,블루투스",250,,Y,3,N,오른손잡이용,3.67,9,,,N,,N,,Y,,에르고,[긍정] 배송 빠르고 제품도 좋아요
74253944,https://prod.danawa.com/info/?pcode=74253944&cate=112787,darkFlash FLO-3 무선 블루투스 버티컬,darkFlash,22810,C_reviews_only,,111.5,,74,,AA,,3212,,,기계식,블루투스,,,Y,,N,오른손잡이용,5,1,경량,,N,블루,Y,,Y,,에르고,"[긍정] 기존에 쓰던 마우스들이 잔고장이 잦아서(한성,로지텍,아이리버) 교체를 많이했는데, 이제품은 그립감이 좋네요확실히 건전지방식이 충전식보다 가벼운듯"
12009674,https://prod.danawa.com/info/?pcode=12009674&cate=112787,마이크로닉스 MANIC MG501 RGB 게이밍 마우스,마이크로닉스,22900,B_detail_only,90,126,,42,PTFE,ADNS-3050,2000,,,1000,기계식,유선,1000,,,,Y,오른손잡이용,,,,,Y,,N,"옴론,후아노",N,,에르고,
17934764,https://prod.danawa.com/info/?pcode=17934764&cate=112787,한성컴퓨터 VM100 V2 OfficeMaster 무선 버티컬마우스,한성컴퓨터,22900,A_complete,116,115,,75,,PAW3212,1600,,,,기계식,"2.4GHz무선,블루투스",,USB-C,Y,6,N,오른손잡이용,4.62,50,"무선안정성,가성비","며칠 연결이 되더니, 이틀전부터 연결이 안 됨.또 되다가 안됨.",Y,,Y,,Y,,에르고,"[긍정] 구매 누른 뒤 악평을 많이 봐서 걱정했는데 그렇게까지 나쁘진 않았다. 확실히 8~10만원 대 마우스에 비해서는 마우스 바닥의 마우스피트가 덜 도톰해서 다소 뻑뻑하고 스위치도 새거라 그런지 약간 저항감이 느껴지나, 무선에 정상 작동되는 버티컬마우스라는 메리트가 3만원 값은 충분히 하는 것 같다. 또 특장점으로 이 가격 언저리의 마우스들 대부분이 건전지를 사용 [부정] 며칠 연결이 되더니, 이틀전부터 연결이 안 됨.또 되다가 안됨."
28425248,https://prod.danawa.com/info/?pcode=28425248&cate=112787,한성컴퓨터 BM200 무선,한성컴퓨터,22900,C_reviews_only,,105,,37.5,,PAW-3212,,37,,250,기계식,무선,,,Y,,N,오른손잡이용,4.27,15,"경량,배터리,디자인",제품에 비해 가격이 비쌈스크롤 내릴때 휠이 너무 득득 거림,N,,Y,,N,,,[긍정] 장점가벼움(잠자리마우스 사용중인데 그거랑 비슷)크기 작음(여자 손에 맞는 사이즈임)버튼 무소음임땀차지 않는 소재임(투명마우스 사용중이었음)단점마우스 휠이 부드럽지 않음사용해보니 가끔씩 끊김(책상 아래 컴퓨터본체에 usb 꽂아뒀는데 간혹... 끊긴다기 보다는 버벅버벅 거림)받자마자 쓰는 후기라 이정도밖에;;색상은 완전 화이트라기보다는 아이보리 살짝 들어간 화 [부정] 제품에 비해 가격이 비쌈스크롤 내릴때 휠이 너무 득득 거림
31073990,https://prod.danawa.com/info/?pcode=31073990&cate=112787,ATK VXE R1 SE,ATK,22900,C_reviews_only,,120.6,,37.8,,PAW-3395 SE,,,,,기계식,유선+무선,,,Y,,N,,4.8,15,가성비,,N,,N,후아노,N,,,"[긍정] 3.31구매 5.16도착 오는데 좀 많이.. 걸리긴했지만, 기억 안하고 있다가 받고나니 또 가볍고 좋은 느낌이라 괜찮네요.해외직구 막히기 전에 받게되서 좋슴다"
20678207,https://prod.danawa.com/info/?pcode=20678207&cate=112787,UGREEN MU006 무선 블루투스,UGREEN,22900,D_metadata_only,,,,,,,,,,,,블루투스,,,N,,N,,,,,,N,"블루,그린",N,,N,,,
91346219,https://prod.danawa.com/info/?pcode=91346219&cate=112787,MCHOSE G3A 유무선,MCHOSE,22940,B_detail_only,68,116.4,,37.8,,PAW3311,12000,,,1000,기계식,"유선,2.4GHz무선,블루투스",1000,USB-C,Y,7,N,오른손잡이용,,2,,,N,,N,"옴론,TTC",Y,"팜그립,클로그립,핑거그립",에르고,
14566586,https://prod.danawa.com/info/?pcode=14566586&cate=112787,스카이디지탈 NKEY J300 게이밍 마우스,스카이디지탈,23310,D_metadata_only,,125,,40,,PMW-3325,,,,,,유선,,,,,Y,,,,,,N,,N,,N,,,
62648258,https://prod.danawa.com/info/?pcode=62648258&cate=112787,AULA SC660 유무선,AULA,23390,D_metadata_only,,142,,40,,,,40,,,기계식,유선,,,Y,,N,오른손잡이용,,,,,N,,N,,N,,,
4636202,https://prod.danawa.com/info/?pcode=4636202&cate=112787,CORSAIR HARPOON RGB,CORSAIR,23490,A_complete,85,111.5,68.3,40.4,PTFE,Pixart 3320,6000,,,1000,기계식,"유선,블루투스",1000,,Y,6,Y,오른손잡이용,4.14,7,"배터리,무선안정성,클릭감",한 달 만에 더블클릭 이상현상 오네요...,Y,,N,옴론,Y,핑거그립,,[긍정] 사실 하푼 무선은 처음사보는데 원래 하푼 쓸때 너무 맘에 들었던 기억이 나서 다시 구입해보았습니다 사람마다 차이가 있겠지만은 저는 건전지 새로 사는게 귀찮아서 그냥 충전식으로 구입했네요 배터리도 소모품이라 대충 한 2년쯤 쓰면 방전될거 같긴 한데 그래도 되도록 2년간 써보고 맘에 들면 배터리 갈아서 더 쓰겠습니다 ^^ [부정] 한 달 만에 더블클릭 이상현상 오네요...
14031110,https://prod.danawa.com/info/?pcode=14031110&cate=112787,아이리버 EQWEAR-MVM7,아이리버,23500,A_complete,80,109.7,,43,,,4000,,,,기계식,"유선,2.4GHz무선,블루투스",,,Y,,N,,4.67,24,클릭감,,N,,Y,,Y,,에르고,[긍정] 다른 사람 줄거라 써보진 않았지만 기본 품질은 될꺼라 생각하는데 아쉽지만 클릭감은 기대보단 좀 소리나고 특히 좌우클릭 제외하곤 다 큰소리가 나네요.
75988541,https://prod.danawa.com/info/?pcode=75988541&cate=112787,MCHOSE G7 유무선,MCHOSE,23570,D_metadata_only,,,,41.1,,PAW-3311,,,,,기계식,유선,,,Y,,N,,,,,,N,,N,후아노,Y,,,
7391848,https://prod.danawa.com/info/?pcode=7391848&cate=112787,Actto MSC-205 무선 프리젠터 마우스,Actto,23630,B_detail_only,69,106,,40,,106mm,1200,,,,기계식,2.4GHz무선,8,,N,,N,양손,,,,,N,,N,,N,,대칭,
105813581,https://prod.danawa.com/info/?pcode=105813581&cate=112787,삼성전자 SM-R2000QB 무선,삼성전자,23640,C_reviews_only,,106,,39,,AA,,2000,,,기계식,무선,,,N,,N,,4.5,2,디자인,,N,,Y,,N,,,[긍정] 성능과디자인만족합니다
101078732,https://prod.danawa.com/info/?pcode=101078732&cate=112787,퓨전에프앤씨 INOTE VM600RB 무선,퓨전에프앤씨,23790,A_complete,76,114,,76,,,1600,600,,,기계식,"2.4GHz무선,블루투스",,,N,2,N,,4,1,손목편안함,,N,,N,,Y,,에르고,[긍정] 손목이 아파서 마우스를 바꿔봤는데 계속 써봐야 할 것 같아요. 전하고 방향이 달라서 좀 어색한 부분은 있는데 조고 봐야 알 것 같습니다확실히 저렴한 티가 너무 많이 납니다
11554007,https://prod.danawa.com/info/?pcode=11554007&cate=112787,DELL MS3320W 무선,DELL,23820,C_reviews_only,,104,,38,,,,,,,기계식,무선,,,,,N,,3.67,3,가성비,주문하고 일주일 넘어서도 도착안해서 연락했더니 택배사에서 분실했다고 하네요.11번가에 문의하니 같은 제품으로 보내줬는데 며칠 있다가 택배사에서 분실했는거 찾았는지 다시 집으로 보내,N,,N,,N,,,"[긍정] 델 마우스를 지마켓에서 구입했는데 가격도 저렴하고 배송도 빠르고 구입 만족합니다 [부정] 주문하고 일주일 넘어서도 도착안해서 연락했더니 택배사에서 분실했다고 하네요.11번가에 문의하니 같은 제품으로 보내줬는데 며칠 있다가 택배사에서 분실했는거 찾았는지 다시 집으로 보내고 11번가에서는 이거까지 돈 내라고 계속 연락오네요, 뭐하는짓인지 모르겠네요안뜯고 집에 그대로 있으니 갖고 가세요!"
8519739,https://prod.danawa.com/info/?pcode=8519739&cate=112787,Razer DeathAdder Essential,Razer,23870,C_reviews_only,,127,,43,,PAW-3327,,1000,,1000,,유선,1000,,,,N,오른손잡이용,4.8,5,"클릭감,디자인",,N,,N,Razer,N,,,[긍정] 내 손에 비해 조금 큰 느낌이네요. 여성분이나 손이 작은 남자분은 구입시 생각한 번 더 해보세요.그 외에는 만족합니다
5786180,https://prod.danawa.com/info/?pcode=5786180&cate=112787,한성컴퓨터 BOSSMONSTER MLv.67 80G 게이밍 마우스,한성컴퓨터,23880,C_reviews_only,80,125.7,,39,,PMW-3360,,125,50,,기계식,유선,,,,,Y,오른손잡이용,4.56,9,부드러운움직임,,N,,N,옴론,Y,,,[긍정] 잘받았습니다 사용하던 마우스가 고장나서 똑같은 마우스를 주문했어요 기계치 라서 어떻게 설명을 해야할지 모르지만한마디로 요약하면 아주 좋아요 반응 속도도 빠르고 움직임이 부드럽고 마우스에서 커서 속도도 조절할수 있어요이거 사용 하다가 다른거 사용 못하겠어요
29375753,https://prod.danawa.com/info/?pcode=29375753&cate=112787,엔보우 NG09 무선,엔보우,23900,A_complete,108,108,,78,,,4000,,,,기계식,"2.4GHz무선,블루투스",80,,Y,9,N,오른손잡이용,4.33,3,손목편안함,,Y,,Y,,Y,,에르고,"[긍정] 너무 크거나, 아니면 작으면 어쩌나.…(?)포장 뜯고 바로 잡아보니, 우려와 달리 맞춤이네요."
29884940,https://prod.danawa.com/info/?pcode=29884940&cate=112787,몬스타 몬스타기어 CREW GT,몬스타 몬스타기어,23900,D_metadata_only,30,125,,40,,,,125,30,,기계식,유선,,,,,Y,오른손잡이용,,,,,N,,N,후아노,Y,,,
79060427,https://prod.danawa.com/info/?pcode=79060427&cate=112787,코시 M2277WL 무선,코시,23960,C_reviews_only,,81,,81,,AAA,,,,,기계식,무선,,,N,,N,,5,2,,,N,,Y,,Y,,,[긍정] 잘 받았습니다~ 잘 받았습니다~
100620065,https://prod.danawa.com/info/?pcode=100620065&cate=112787,지클릭커 OFFICEPRO OP55 두툼머핀 무선,지클릭커,24300,B_detail_only,69,116.7,58,58.4,,,,,,,기계식,"2.4GHz무선,블루투스",,USB-C,Y,3,N,,,,,,N,,Y,,N,,에르고,
28555382,https://prod.danawa.com/info/?pcode=28555382&cate=112787,로지텍 M350S (정품),로지텍,24340,A_complete,76,107,,27,,AA,1000,27,,,기계식,블루투스,,,Y,3,N,오른손잡이용,4.92,25,"경량,배터리,가성비",,N,,Y,,Y,,,[긍정] 마음에 들어요. 가격대비 그렇게 문제될 것도 없고 맥북이랑 잘 어울립니다. 왜 같이 사는지 알것같아요.
55458122,https://prod.danawa.com/info/?pcode=55458122&cate=112787,Actto ONMSC-01 무선,Actto,24400,C_reviews_only,,109,,83,,,,,,,,무선,,,N,,N,,4.79,14,"손목편안함,가성비",,N,,N,,Y,,,[긍정] 짱이에여 ^^조아용조아용조아용조아용조아용조아용조아용조아용조아용조아용조아용조아용조아용조아용조아용조아용조아용조아용조아용조아용조아용조아용조아용조아
53417057,https://prod.danawa.com/info/?pcode=53417057&cate=112787,Actto BTM-17 무선,Actto,24470,C_reviews_only,,124,,50,,,,124,,,,무선,,,Y,,N,오른손잡이용,4.18,11,손목편안함,중국 정말 사지마세요 전자제품은 켜서가 지혼 처 움직인다 포장훼손해서 더러버서 그냥 휴지통에 버린다,N,,N,,N,,,[긍정] 그립감은 비교적 편안합니다.센터 회전 버튼은 장시간 사용해봐야 내구성을 알수 있을듯 합니다. [부정] 중국 정말 사지마세요 전자제품은 켜서가 지혼 처 움직인다 포장훼손해서 더러버서 그냥 휴지통에 버린다
39894929,https://prod.danawa.com/info/?pcode=39894929&cate=112787,삼성전자 SM-B1500QG 블루투스,삼성전자,24500,C_reviews_only,,110,,37,,AA,,1500,,,기계식,블루투스,,,N,3,N,오른손잡이용,4.8,100,"클릭감,가성비",삼성노트북에 블루투스 마우스로 사용하려 했으나 연결이 않되어 그냥 장식용으로 보관하겠습니다,N,블루,Y,,N,,,"[긍정] 로지텍 M240 Silent 블루투스 VS 삼성 SM-B1500Q 저울질 하다가이 모델로 샀는데 마우스 하단부 높이가 낮아서 불편한 감이 있네요~윈도우10 데스크탑에서 처음 페어링 할 때, 기존 마우스를 도움 받아서 설정> 블루투스 추가 해야지블루투스 버튼만 3초 길게 누른다고 자동 페어링되는게 아니라 처음 블루투스 연결시 어려울 수 있겠네요~별도의 리시버 [부정] 삼성노트북에 블루투스 마우스로 사용하려 했으나 연결이 않되어 그냥 장식용으로 보관하겠습니다"
78611117,https://prod.danawa.com/info/?pcode=78611117&cate=112787,ATK A9 유무선,ATK,24580,D_metadata_only,,125,,40,,PAW-3395SE,,,,,HUANO 스위치,,,,Y,,N,,,,,,N,,N,,N,,,
18710348,https://prod.danawa.com/info/?pcode=18710348&cate=112787,레노버 씽크북 4Y50V81591 무선,레노버,24580,D_metadata_only,,118,,45,,,,,,,,무선,,,N,,N,오른손잡이용,,,,,N,,N,,N,,,
11517104,https://prod.danawa.com/info/?pcode=11517104&cate=112787,제닉스 STORMX VM2 무선 무소음 버티컬 마우스,제닉스,24600,A_complete,45,114.9,75.1,75.1,PTFE,PAW-3212,1600,100,,,기계식,"유선,2.4GHz무선,블루투스",100,,Y,6,Y,오른손잡이용,4.49,100,"무선안정성,손목편안함,디자인","배송은 매우 느립니다. 다른 제품들이 빨라서 그렇게 느끼는 것 일 수도 있습니다. 주말 빼고 5일 정도 걸렸습니다. 제품 자체는 가볍습니다. 푹신 푹신 제질의 마우스 패드를 사용 ,첫 한달 동안 잘 쓰다가, 컴퓨터에서 USB 장치 빼다가 플라스틱 부분이 깨졌어요. 그래도 작동은 되서 계속 쓰다가, USB 장치 설치 문제가 있다고 이제 안되네요... 몇개월은 ,구입4개월만에 이상이 생겼네요. 무소음이라고 해서 구매했는데 휠 내릴때 드륵거리는 소리는 이미 한달전부터 나기 시작했고, 요근래 무선 인식이 잘 안되는건지 커서가 제멋대로 움직이는",Y,,Y,,N,,에르고,"[긍정] 상품 받아 바로 개봉해 사용해봤습니다. 제품상자 내용물은 첫 사진처럼 마우스 본체, 건전지 그리고 본체 내에 수납된 리시버, 마지막으로 설명서로 단촐합니다. 리시버를 노트북에 연결하고 하부의 전원을 키니 바로 사용 가능하고 별달리 손볼건 없네요. 처음 써보는 무선마우스이고 노트북 wifi도 2.4G이어서 연결 끊김 등을 걱정했지만 아직 그런 현상은 없습니다 [부정] 배송은 매우 느립니다. 다른 제품들이 빨라서 그렇게 느끼는 것 일 수도 있습니다. 주말 빼고 5일 정도 걸렸습니다. 제품 자체는 가볍습니다. 푹신 푹신 제질의 마우스 패드를 사용 시 잘 움직이지 않아서 오히려 손목과 엘보까지 힘이 들어갑니다. 사용하실 분은 미끄러운 재질의 싸구려 마우스패드나 아니면 마우스 패드를 사용하지 않는 것을 추천드립니다."
2902201,https://prod.danawa.com/info/?pcode=2902201&cate=112787,로지텍 M280 (정품),로지텍,24600,A_complete,75,105.4,,38.4,,,1000,38,,,,"유선,2.4GHz무선,블루투스",,,Y,3,N,오른손잡이용,4.83,76,"에임정확도,배터리,무선안정성",1. 이전에 사용하던 모델과 동일한 모델(M280)이라 선택했는데 마우스를 움직일 때 구간별로 커서가 자주 멈추는 현상이 발생함(이전 사용 제품에서는 문제 없었음). 아주 안 되는,N,"화이트,레드,블루",Y,,Y,,,"[긍정] 로지텍의 무선 마우스는 정말 훌륭해요! 신뢰할 수 있는 로지텍 브랜드 제품이라서 안심하고 사용할 수 있어요. 편안한 그립감과 정확한 커서 움직임이 특징이에요. 무선으로 사용하기 때문에 자유롭게 이동할 수 있고, 배터리 수명도 오래가서 편리해요. 작업이나 게임에 모두 적합하며, 신뢰성과 품질을 높이 평가해요. 강력 추천합니다! [부정] 1. 이전에 사용하던 모델과 동일한 모델(M280)이라 선택했는데 마우스를 움직일 때 구간별로 커서가 자주 멈추는 현상이 발생함(이전 사용 제품에서는 문제 없었음). 아주 안 되는 것도 아니고 되다 안되다 하니 반품 시키기도 그렇고 그냥 사용은 하는데 커서가 의도대로 움직이지 않으니 상당히 불편함.2. M280과 M171 각 1개씩 총 2개를 같은 스토어에"
18464897,https://prod.danawa.com/info/?pcode=18464897&cate=112787,레노버 LEGION M500,레노버,24790,C_reviews_only,,122,,41.7,,PMW-3389,,,,,기계식,유선,,,,,Y,오른손잡이용,5,4,,,N,,N,옴론,N,,,[긍정] 기본 마우스만 쓰다가 게이밍 마우스 쓰는데 완전 좋네요 그립감 굿
31390775,https://prod.danawa.com/info/?pcode=31390775&cate=112787,퓨전에프앤씨 INOTE VM530RB 무선,퓨전에프앤씨 INOTE,24800,C_reviews_only,,108.5,,75,,"108.5mm
-",,,,,,유선,,,Y,,Y,오른손잡이용,5,1,무선안정성,,N,,N,,N,,,[긍정] 유선쓰다 무선으로 바꾸었는데 편하네요 ~
15208727,https://prod.danawa.com/info/?pcode=15208727&cate=112787,ROCCAT KONE PURE SEL RGB 게이밍 마우스,ROCCAT,24800,B_detail_only,88,115,,35,,DPI,5000,100,20,1000,광학,유선,1000,,,7,Y,,,,,,Y,,N,"옴론,TTC",N,,에르고,
3268762,https://prod.danawa.com/info/?pcode=3268762&cate=112787,한성컴퓨터 GTune ML100 무소음 무선 마우스,한성컴퓨터,24850,D_metadata_only,,121,,40,,AAA,,40,,,기계식,무선,,,N,,N,오른손잡이용,,,,,N,,Y,,Y,,,
92367356,https://prod.danawa.com/info/?pcode=92367356&cate=112787,MAXTILL GM-BVE1000M 무선,MAXTILL,24890,C_reviews_only,,118,,84,,AAA,,7000,,,기계식,무선,,,N,,N,오른손잡이용,4.2,5,,,N,,Y,,N,,,[긍정] 마우스 하루 만에 수령했습니다처음에는 어색한데저렴하게 잘 구매 했습니다
10241112,https://prod.danawa.com/info/?pcode=10241112&cate=112787,TG삼보 TG-TM618U HEALING 버티컬 유선 마우스,TG삼보,24900,A_complete,98,124.7,,57.1,,,2400,,,,,"유선,2.4GHz무선,블루투스",,USB-C,Y,4,N,,4,11,,"TG-TM618U HEALING 인체공학 버티컬 M+,1년이 안 됐는데 마우스 휠 고장났어요.",N,,N,,Y,,에르고,[긍정] 해당 세트로 와서 체인은 뭔지 모르겠지민 잘 받았습니다.해당 유선 마우스를 마음에 들어서 같은 품명 이전 마우스와 교체하게 ?습니다.손가락 누르는게 저압인게 안 바뀌어서 다행이에요 [부정] TG-TM618U HEALING 인체공학 버티컬 M+
79564754,https://prod.danawa.com/info/?pcode=79564754&cate=112787,에이서 EMR210 유무선,에이서,24900,A_complete,80,116,,38,PTFE,116mm,7200,,,1000,기계식,유선,1000,USB-C,Y,7,Y,오른손잡이용,4.75,7,,,Y,,N,,N,,에르고,[긍정] 쓰고 있던 마우스가 갈 때가 됐는지 상태가 안 좋길래 하나 장만했어요. 감도도 좋고 무게도 가볍고해서 좋네요. 잘 쓰겠습니다!
62867666,https://prod.danawa.com/info/?pcode=62867666&cate=112787,로지텍 Pebble M340 (정품),로지텍,24900,B_detail_only,81,107,,27,,,1000,,,,기계식,2.4GHz무선,,,Y,3,N,,,,,,N,,Y,,N,,,
15477182,https://prod.danawa.com/info/?pcode=15477182&cate=112787,삼성전자 SM-M1000Q 무선 블루투스,삼성전자,25000,C_reviews_only,,110,,30,,,,30,,,무소음 스위치,블루투스,,,N,,N,오른손잡이용,5,1,,,N,블루,N,,N,,,[긍정] 샤오미 쓰다가 바꿨는데 역시 삼성이 좋습니다ㅎㅎ
4554259,https://prod.danawa.com/info/?pcode=4554259&cate=112787,로지텍 M331 (정품),로지텍,25180,A_complete,91,105.4,,38.4,,,8000,,,,기계식,"유선,2.4GHz무선,블루투스",,USB-C,Y,3,Y,오른손잡이용,4.79,285,가성비,제품설명에 있는 물건과 다릅니다. 손잡이 부분 고무재질이 아니고 플라스틱제질입니다. 구입시 참고하시기 바랍니다.,N,,Y,,Y,,에르고,"[긍정] 쿠×에서 이거랑 같은 가격, 다른 브랜드 거 샀었는데 와 포장부터 사용감까지 차원이 다릅니다. 자동차로 비유를 하자면 정말 고~~~요한 차 타고 있는 기분이에요. 마우스 움직이면 바닥이랑 마찰이 정말 부드럽게 움직이고 소리도 없어요. 마우스 휠 움직일 때도 버퍼링 걸리는 것도 없고 하 진짜 너무 만족 만족 대만족스럽습니다. 이 브랜드 다른 제품에 비해 가격 [부정] 제품설명에 있는 물건과 다릅니다. 손잡이 부분 고무재질이 아니고 플라스틱제질입니다. 구입시 참고하시기 바랍니다."
14772179,https://prod.danawa.com/info/?pcode=14772179&cate=112787,로지텍 M331,로지텍,25200,A_complete,85,105.4,,38.4,,"38.4mm
-",,,,,기계식,"유선,2.4GHz무선,블루투스",,USB-C,Y,2,Y,오른손잡이용,3,1,,,N,,Y,,Y,,,
94088240,https://prod.danawa.com/info/?pcode=94088240&cate=112787,MAXTILL GM-EDB10 무선,MAXTILL,25250,D_metadata_only,,104,,58,,,,,,,무소음 스위치,무선,,,N,,N,,,,,,N,,N,,Y,,,
32041721,https://prod.danawa.com/info/?pcode=32041721&cate=112787,Actto BTM-16,Actto,25400,C_reviews_only,,137,,88,,,,,,,,유선,,,N,,N,,4.54,28,"클릭감,손목편안함,디자인",멀티페어링 전환 잘 안 됨,N,,N,,Y,,,"[긍정] 몇 달 사용하고 얘기합니다.처음엔 익숙하지 않아서 잘 몰랐는데, 익숙해지니 장단점이 명확하네요. 장점: 손목이 아프지 않아서 좋네요. 이전/이후 버튼이 있어서 웹 서핑이나 폴더 이동이 편하네요 단점: 마우스 좌우 버튼 너무 세워져 있어서 누를 때 포인터가 움직이기 쉽네요. 그리고 버튼 클릭감이 좋지 않아 누를 때 힘니 들어가기 때문에 더 그래요. 그래서 정 [부정] 멀티페어링 전환 잘 안 됨"
28062188,https://prod.danawa.com/info/?pcode=28062188&cate=112787,쿨러마스터 MM310 Street Fighter 6 Chun-Li,쿨러마스터,25430,B_detail_only,50,125.5,,40.5,PTFE,PIXART OPTICAL,12000,220,,,,유선,,USB-C,,,Y,오른손잡이용,,,,,Y,,N,,N,,,
6150354,https://prod.danawa.com/info/?pcode=6150354&cate=112787,마이크로닉스 MANIC G40 RGB PMW3360 게이밍 마우스,마이크로닉스,25500,B_detail_only,96,123,64.3,38,,MANIC G40,12000,40,50,1000,기계식,유선,1000,,,6,Y,오른손잡이용,3,3,,,Y,,N,후아노,N,,에르고,
17666330,https://prod.danawa.com/info/?pcode=17666330&cate=112787,RHINO GEAR RG-WEM350 무선 버티컬 마우스,RHINO GEAR,25500,A_complete,91,100,,75,,,2400,75,,,기계식,2.4GHz무선,,,N,5,N,오른손잡이용,5,2,,,N,,Y,,N,,에르고,[긍정] 저렴하게 잘구매했어요
9257139,https://prod.danawa.com/info/?pcode=9257139&cate=112787,앱코 WM400 무선 마우스,앱코,25520,B_detail_only,68,105,,35,,OPTICAL,2400,,,,기계식,"유선,2.4GHz무선,블루투스",,USB-C,Y,6,Y,양손,,,,,N,,Y,,N,,대칭형,
56143571,https://prod.danawa.com/info/?pcode=56143571&cate=112787,지클릭커 슈퍼히어로 OP100 르캄프 4K 게이밍,지클릭커,25800,B_detail_only,54,120.5,,37.8,UPE,PAW 3395,5000,650,50,1000,기계식,"유선,2.4GHz무선,블루투스",1000,USB-C,Y,6,Y,양손,,15,,,N,,N,후아노,N,,대칭형,
96649223,https://prod.danawa.com/info/?pcode=96649223&cate=112787,ATK VXE R1 SE+ 유무선 가온인터내셔날,ATK,25890,D_metadata_only,,121.5,,38.5,,PAW-3395,,,,,HUANO 스위치,유선+무선,,,Y,,N,오른손잡이용,,,,,N,,N,,N,,,
91770953,https://prod.danawa.com/info/?pcode=91770953&cate=112787,ATK VXE R1 SE+ 유무선 브라보텍,ATK,25900,A_complete,55,120.6,,37.8,PTFE,PAW-3395 SE,18000,,,1000,기계식,"유선,2.4GHz무선,블루투스",1000,USB-C,Y,,Y,오른손잡이용,4.81,78,무선안정성,"포인트 정확도 가 확 떨어지네요. 게임을 하지않고 그냥저냥 사용 한다고 쳐도, 그럴거면 그냥 국산 만원 중반대 하나 사서 쓰는게 정신건강에 좋을듯요. 중국산 2만6천원 짜리면 4만",N,,N,"후아노,칼화",Y,"팜그립,클로그립",에르고,"[긍정] atk 제품은 처음 사용해 보는데 엄청 좋네요. dpi를 원하는데로 수정해서 사용할 수 있어서 나에게 딱 맞는 dpi로 사용이 가능합니다. 유무선이라 편리함은 물론이고요! 색상도 예쁘네요. 강추합니다!! [부정] 포인트 정확도 가 확 떨어지네요. 게임을 하지않고 그냥저냥 사용 한다고 쳐도, 그럴거면 그냥 국산 만원 중반대 하나 사서 쓰는게 정신건강에 좋을듯요. 중국산 2만6천원 짜리면 4만원 이나 5만원 짜리 마우스 하고 비슷하거나 더 나아야 하는데 전혀 그런걸 못 느낌. 그냥 국산 만원 중반대 제품 쓰는 느낌임."
76405172,https://prod.danawa.com/info/?pcode=76405172&cate=112787,앱코 WEM65 인체공학 WIRELESS FREE 무선 버티컬,앱코,25900,A_complete,111,149,,75,,PAW3212,2400,60,,250,기계식,"2.4GHz무선,블루투스",250,USB-C,Y,4,N,오른손잡이용,4.33,18,,배송 빠르고 블루투스 연결 초간단으로 잘 되었습니다.그런데 마우스 위에 손 전체를 얻는 형국이라 마우스 포인트를이동하려면 손 전체를 움직여야 해서 무척 불편합니다.전에 사용하던 모,N,,Y,,Y,,에르고,"[긍정] 포장 안에 제품박스가 손상되어 있는 점이 미심쩍습니다. 마우스는 마음에 듭니다. [부정] 배송 빠르고 블루투스 연결 초간단으로 잘 되었습니다.그런데 마우스 위에 손 전체를 얻는 형국이라 마우스 포인트를이동하려면 손 전체를 움직여야 해서 무척 불편합니다.전에 사용하던 모든 마우스는 팔목만 움직이면 원하는 곳으로마우스 포인트를 이동할 수 있었지만, 이번에 구입한 마우스는마우스위에 손이 완전히 올라타는 구조라서 손목이 아니라손 전체를 움직여야만 마우"
90112304,https://prod.danawa.com/info/?pcode=90112304&cate=112787,지클릭커 OFFICEPRO OP80 무소음 블루투스 무선,지클릭커,25900,C_reviews_only,,120,,73,,,,73,,,기계식,블루투스,,,N,,N,오른손잡이용,4.67,3,"클릭감,손목편안함",,N,블루,Y,,N,,,[긍정] 일반 마우스 사용을 많이 해서 손목이 아파 바꿔봤는데 첨에는 조금 불편했지만 적응하고 나니 사용감이 훨씬 좋은거 같아요.손목에 무리도 덜 가는거 같구요.고장없이 잘 쓸수있으면 좋겠네요.
36201005,https://prod.danawa.com/info/?pcode=36201005&cate=112787,제닉스 STORMX VM1 BT 무선,제닉스,25900,D_metadata_only,,107,,71,,PAW-3212,,3212,,,,무선,,,Y,,N,오른손잡이용,,,,,N,,N,,N,,,
17897819,https://prod.danawa.com/info/?pcode=17897819&cate=112787,퓨전에프앤씨 카카오프렌즈 KFM100R 라이언 무선 마우스,퓨전에프앤씨,25900,D_metadata_only,,100,,34,,,,34,,,기계식,무선,,,Y,,N,,,,,,N,,Y,,Y,,,
17897807,https://prod.danawa.com/info/?pcode=17897807&cate=112787,퓨전에프앤씨 카카오프렌즈 KFM100C 춘식이 무선 마우스,퓨전에프앤씨,25900,C_reviews_only,,100,,34,,,,34,,,기계식,무선,,,Y,,N,,5,1,,,N,,Y,,Y,,,[긍정] 성능은 모르겠음 사이즈는적당하고 무게도 적당함 아이 크리스 마스 선물 아이가 좋아함.
7632424,https://prod.danawa.com/info/?pcode=7632424&cate=112787,Bless ZIO i980 RGB 버티컬 인체공학 마우스,Bless,26000,C_reviews_only,,114.1,,81.1,,,,81,,,기계식,유선,,,,,Y,오른손잡이용,4.23,13,,하루 종일 컴터 작업을 하는 분께는 비추입니다. 클릭감이 너무 뻑뻑해서 손가락이 넘 아파 화가 나서 다른 거 샀어요. 엄청 뻑뻑하고 소리 클릭 소음 크게 납니다.,Y,,N,,Y,,에르고,[긍정] 팔목이 아파서 구입했습니다팔목 통증에 도움 됩니다처음사용시 좀 어색하지만 금방 익숙해 집니다 [부정] 하루 종일 컴터 작업을 하는 분께는 비추입니다. 클릭감이 너무 뻑뻑해서 손가락이 넘 아파 화가 나서 다른 거 샀어요. 엄청 뻑뻑하고 소리 클릭 소음 크게 납니다.
100268729,https://prod.danawa.com/info/?pcode=100268729&cate=112787,아이리버 Air Light Fit 무선,아이리버,26000,D_metadata_only,,116,,56,,,,56,,,마이크로 스위치,무선,,,Y,,N,오른손잡이용,,,,,N,,N,,N,,,
12408716,https://prod.danawa.com/info/?pcode=12408716&cate=112787,CORSAIR KATAR PRO,CORSAIR,26304,C_reviews_only,,115.8,,37.8,,"115.8mm
-",12400,,,,기계식,유선,,,,,Y,오른손잡이용,4.9,10,"경량,클릭감,손목편안함",,N,,N,,Y,,,"[긍정] 기존 마우스가 구매 2년만에 더블클릭 증상 때문에 불편하였는데 이 제품은 그러지 않길 바래야겠네요.디자인, 클릭감 마음에 들고 전용 소프트웨어도 쓸만한것 같습니다. 만족합니다."
28884170,https://prod.danawa.com/info/?pcode=28884170&cate=112787,아이리버 EQwear-Gentleman Vertical Grip EV19 무선,아이리버,26500,A_complete,90,,,77.2,,,4000,,,,기계식,2.4GHz무선,,,N,6,N,,4.63,27,"손목편안함,가성비",,N,,Y,,Y,,에르고,[긍정] 요즘 부쩍 손목이 아파서 손목 편한 마우스 검색해 구매하게 되었어요. 처음엔 다소 낯설었지만 곧 익숙해졌고 편하게 사용하고 있어요. 무엇보다 이 마우스 사용하고 손목 통증은 느끼지 않고 있어요.
20424692,https://prod.danawa.com/info/?pcode=20424692&cate=112787,플레오맥스 MOC-BER920 무선 블루투스,플레오맥스,26500,B_detail_only,100,110,,45,,,3200,45,,,기계식,"2.4GHz무선,블루투스",,,N,6,N,,,,,,N,블루,N,,N,,에르고,
5002594,https://prod.danawa.com/info/?pcode=5002594&cate=112787,로지텍 G102 PRODIGY (정품),로지텍,26800,D_metadata_only,,116.6,,38.2,,,,38,,1000,,유선,,,,,N,오른손잡이용,,,,,N,,N,,Y,,,
92966159,https://prod.danawa.com/info/?pcode=92966159&cate=112787,COX CEM20 인체공학 FREE 버티컬 무선,COX,26900,B_detail_only,104,,,70.8,,PAW3212,2400,60,,250,기계식,"2.4GHz무선,블루투스",250,USB-C,Y,4,N,오른손잡이용,5,2,,,N,,Y,,Y,,에르고,[긍정] 최고예요
94444898,https://prod.danawa.com/info/?pcode=94444898&cate=112787,지클릭커 OFFICEPRO OP85 무선,지클릭커,26900,C_reviews_only,,120,,73,,,,,,,기계식,무선,,,N,,N,오른손잡이용,4.33,3,클릭감,,N,,Y,,Y,,,[긍정] 마우스가 좀 가볍긴 하지만 손에 쥐었을때 편하고 마우스 감도는 양호합니다. 버튼클릭은 무소음이라 좋고.. 클릭감은 강하진 않아서 좋아요. 팜레스트는 적응이 안되서일지.... 마우스 커서 움직이는데 좀 불편합니다. 문서작업할땐 좋겠으나 일반적으로 사용할땐 개인적으론 불편하네요.
17798969,https://prod.danawa.com/info/?pcode=17798969&cate=112787,레드빈 A49R 무선 마우스,레드빈,26900,C_reviews_only,,106,,14.5,,,,,,,기계식,유선,,USB-C,Y,,N,오른손잡이용,4,4,무선안정성,마우스 휠을 톱니바퀴로 만들어 놨음그래서 휠을 돌리거나 휠버튼을 클릭할때 손가락에 자국이 남을 정도로 매우 아픔진심 뭐 이런 제품이 다있나 싶음.그래서 손톱깎이로 휠의 톱니들을 모,N,레드,Y,,Y,,,"[긍정] 무선+무소음의 마우스는 많지만, 측면버튼(앞으로 가기, 뒤로가기) 도 있고 여기에 건전지가 아닌 USB-C 충전 형태를 가진 마우스는 이게 유일하지 않나요??이걸로 이미 구매 결정은 끝났습니다...대부분 무선+무소음 마우스들이 건전지 방식을 채택하고 있는데,백에너* 등의 유명 건전지 회사 물건들을 이용해도 솔직히 길게 못가더라구요. 그러다보니 건전지를 지속 [부정] 마우스 휠을 톱니바퀴로 만들어 놨음그래서 휠을 돌리거나 휠버튼을 클릭할때 손가락에 자국이 남을 정도로 매우 아픔진심 뭐 이런 제품이 다있나 싶음.그래서 손톱깎이로 휠의 톱니들을 모두 잘라냈음이후부터는 좀 낫긴 하지만, 휠의 양끝이 곡선이 아니라 각져있어서 여전히 손가락이 아픔로지텍 3천원짜리 m90도 휠을 이렇게 형편없게 만들지 않는데, 대체 이건 10배나"
20445005,https://prod.danawa.com/info/?pcode=20445005&cate=112787,MAXTILL VOLT G10 V2,MAXTILL,26970,D_metadata_only,,,,38,,PMW-3325,10000,10000,,1000,기계식,유선,1000,,,,N,,,,,,N,,N,,N,,,
10503147,https://prod.danawa.com/info/?pcode=10503147&cate=112787,Microsoft Bluetooth Mouse,Microsoft,27000,D_metadata_only,,100.4,,38.3,,AA,,,,,기계식,블루투스,,,N,,N,오른손잡이용,,,,,N,블루,N,,Y,,,
9858078,https://prod.danawa.com/info/?pcode=9858078&cate=112787,A4Tech Bloody P91 게이밍 마우스,A4Tech,27160,D_metadata_only,,120,,39,,PMW-3325,,,,,기계식,유선,,,,,Y,,,,,,N,,N,,N,,,
3041993,https://prod.danawa.com/info/?pcode=3041993&cate=112787,IRIS IRIScan Mouse Executive2,IRIS,27190,C_reviews_only,,110,,35,,,,,,,,유선,,,,,N,,5,1,,,N,,N,,N,,,[긍정] 전화질문에 친절하게 응대해주어 고맙습니다
98226569,https://prod.danawa.com/info/?pcode=98226569&cate=112787,ATTACK SHARK X1 유무선,ATTACK SHARK,27500,C_reviews_only,,,,38,,PAW-3395PRO,,,,1000,기계식,유선+무선,1000,,Y,,N,오른손잡이용,4,1,,,N,,N,옴론,Y,,,[긍정] 손 S~M 분에게 딱 제격입니다휠이 구분감부족한게흠이고 그외는 평타이상
9373374,https://prod.danawa.com/info/?pcode=9373374&cate=112787,MAXTILL RATIO S10 PMW 3389 게이밍 마우스,MAXTILL,27500,A_complete,50,123,,38,PTFE,123mm,16000,100,50,,기계식,"유선,2.4GHz무선,블루투스",,,Y,4,Y,오른손잡이용,4.62,13,"배터리,무선안정성,가성비",겉도는 나낌이고 두번씩 클릭을 해야하는데 하자 있는거 같아요,Y,,Y,옴론,Y,,에르고,[긍정] 작동잘되고 가격착한 맘에 드는 유선 마우스입니다. 멕스틸 유선 마우스만 4개째인데 S10이 기존 써본것중에 제일 외형과 조명이 이쁩니다. 10시리즈는 익숙해서 그립감 버튼감 다 편하고 좋습니다. 타사 브랜드 마우스들 잡아도 보고 써보기도했는데 전 맥스틸 10시리즈로 계속 쭉 갈듯합니다. 앞으로 10시리즈에서 유무선 가격 착하고 쓸만한 제품 나오길 기대합니다 [부정] 겉도는 나낌이고 두번씩 클릭을 해야하는데 하자 있는거 같아요
28441166,https://prod.danawa.com/info/?pcode=28441166&cate=112787,VGN F1 PRO 유무선,VGN,27700,C_reviews_only,,121.2,,37.6,,PAW-3395,,37,,,기계식,유선,65,,Y,,N,오른손잡이용,5,3,"경량,배터리,가성비",,N,,N,,Y,,,[긍정] 상품은 9일만에 왔고 생산 일자가 24년 4월로 최근이라 그런지 박스가 초기랑 다르더군요. 앞으로 더 써봐야 알겠지만 가벼운 것이 첫인상은 좋습니다.
15929279,https://prod.danawa.com/info/?pcode=15929279&cate=112787,로지텍 POP 마우스,로지텍,27810,A_complete,85,105,,35,,,,35,,,기계식,"유선,2.4GHz무선,블루투스",,USB-C,Y,7,Y,,4.92,12,"배터리,클릭감,부드러운움직임",,N,,Y,,Y,,,"[긍정] 디자인, 휠 부드러움, 클릭 조용함, 연결의 편의성 최고에요~ 건전지 넣기위해 뚜껑 열고 닫을때 자석으로 되어있어 편리하네요~"
17507723,https://prod.danawa.com/info/?pcode=17507723&cate=112787,팬웨스트 PM-989 버티컬 마우스,팬웨스트,27810,D_metadata_only,,114.1,,81.1,,,,81,,,,유선,,,,,Y,오른손잡이용,,,,,N,,N,,Y,,에르고,
68781524,https://prod.danawa.com/info/?pcode=68781524&cate=112787,지클릭커 휠마스터 M OP03 무선,지클릭커,27900,A_complete,69,110.6,,41.7,PTFE,-3,26000,41,,,기계식,"유선,2.4GHz무선,블루투스",,USB-C,Y,6,Y,,5,2,,,Y,,N,후아노,Y,,에르고,[긍정] 잘 되고 쑤기 편해요
28443092,https://prod.danawa.com/info/?pcode=28443092&cate=112787,레노버 씽크북 4Y50X88824 무선,레노버,27900,D_metadata_only,,107,,29,,107mm,,,,,,2.4GHz무선,,,N,,N,,,,,,N,,N,,N,,,
90503585,https://prod.danawa.com/info/?pcode=90503585&cate=112787,UGREEN M751 무선,UGREEN,27900,C_reviews_only,,,,,,,,751,,,,무선,,,,,N,,4,3,가성비,,N,그린,N,,N,,,[긍정] 몇일정도 써지만 이정도 가격대비 좋습니다.
2385710,https://prod.danawa.com/info/?pcode=2385710&cate=112787,건평정보통신 IPLEX [휴] 休 Ergo WM712,건평정보통신 IPLEX,27910,A_complete,98,135,,90,,90mm,,135,,,,"2.4GHz무선,블루투스",8,USB-C,Y,6,N,,4.16,74,"클릭감,손목편안함,부드러운움직임","별점 한개도 아까워요 쓰면서 1-2일만에ㅜ계속 렉걸리고 튕기고 그래서 껏다켰다하면서 쓰다가 중간에 열받아서 안썼어요 게다가 배터리 소모 엄청나서 배터리 계속 교체해줘야하고(일주일에,택배 상자 테이핑이 다른걸로 이중으로 되어있길래 혹시나 했는데 역시나네요마우스 바닥면에 사용흔적과 먼지와 동물 털 같은게 붙어있네요누가봐도 반품 상품인게 뻔히 보이는데 이딴식으로 ,4월달에 구입하여 2달만에 맛탱이 감.증상.휠마우스를 위, 아래로 돌려야 웹 페이지가 위, 아래로 움직이는데휠마우스 가만히 두는데 가끔...아니 자주 페이지가 움직임.네이버 지도 ",N,,N,,N,,에르고,[긍정] 화요일에 주문해서 휴일이었고 목요일엔 공휴일이었는데도 금요일 오후에 잘 받았습니다. 포장이 잘 되어와서 안심이었어요. 처음 썼을 땐 전에 쓰던 마우스랑 느낌이 달라서 적응을 못했는데 하루만에 금방 익숙해졌네요. 전 개인적으로 게임할 때도 이 마우스가 더 편한 것 같습니다. 받침대가 있는 것도 정말 훨씬 편하고 좋은 것 같아요. 평소 하는 일 때문에 손목이  [부정] 별점 한개도 아까워요 쓰면서 1-2일만에ㅜ계속 렉걸리고 튕기고 그래서 껏다켰다하면서 쓰다가 중간에 열받아서 안썼어요 게다가 배터리 소모 엄청나서 배터리 계속 교체해줘야하고(일주일에 2번은 바꿔야함) 어디서 산지 기억 안나서 리뷰 못쓰고 있었는데 드디어 찾았네요 심지어는 안에서 폭팔해서 저거 사진처럼 되어있는데 배터리도 새거였고 평소 배터리 소모되는 것으로 
68810390,https://prod.danawa.com/info/?pcode=68810390&cate=112787,레노버 600 블루투스 마우스,레노버,28000,D_metadata_only,,110,,40,,,,,,,기계식,블루투스,,,N,,N,,,,,,N,블루,Y,,N,,,
96652148,https://prod.danawa.com/info/?pcode=96652148&cate=112787,ProtoArc EM04 무선,,28100,C_reviews_only,,,,,,,,,,,기계식,블루투스,,,,,N,,5,1,,,N,,Y,,N,,,"[긍정] 품질 좋아요! 마음에 듭니다. USB동글 없이도 블루투스 연결 2 기기 가능하고, 동글 사용하면 추가로 하나 더 연결 가능한 게 정말 좋네요."
5038903,https://prod.danawa.com/info/?pcode=5038903&cate=112787,삼성전자 SMO-3600B,삼성전자,28330,D_metadata_only,,99,,99,,,,,,,,무선,,,,,N,오른손잡이용,,,,,N,,N,,N,,,
19671392,https://prod.danawa.com/info/?pcode=19671392&cate=112787,MadCatz M.O.J.O M2 무선,MadCatz,28500,B_detail_only,113,127,,41,,PIXART PAW3335DB,16000,400,40,2000,기계식,"유선,2.4GHz무선",1000,,Y,5,Y,오른손잡이용,,2,,,Y,,N,칼화,Y,"팜그립,클로그립",에르고,
11035746,https://prod.danawa.com/info/?pcode=11035746&cate=112787,건평정보통신 IPLEX WM-750 무선 버티컬 마우스,건평정보통신 IPLEX,28520,B_detail_only,100,110,,85,,85mm,2400,110,,,,"유선,2.4GHz무선,블루투스",100,USB-C,Y,3,N,,,,,,Y,,Y,,Y,,에르고,
11035656,https://prod.danawa.com/info/?pcode=11035656&cate=112787,건평정보통신 IPLEX VM-750 RGB 버티컬 마우스,건평정보통신 IPLEX,28530,D_metadata_only,,110,,85,,,,618,,,,유선,,,,,Y,,,,,,Y,,N,,Y,,에르고,
3592261,https://prod.danawa.com/info/?pcode=3592261&cate=112787,Microsoft Bluetooth Mobile Mouse 3600,Microsoft,28615,D_metadata_only,,95.3,,95.3,,,,95,,,,블루투스,,,N,,N,오른손잡이용,,,,,N,블루,N,,N,,,
7076995,https://prod.danawa.com/info/?pcode=7076995&cate=112787,Bless ZIO M1980 버티컬 인체공학 무선 마우스,Bless,28750,C_reviews_only,,114.1,,81.1,,"114.1mm
- DPI",,,,,,무선,,,N,,N,,4.86,7,"무선안정성,손목편안함",,N,,N,,N,,에르고,[긍정] 지오 ZIO-M1980 손목이 편안한 인체공학 무선 버티컬마우스물건 잘 받았습니다. 당일발송 감사드립니다. 기사님께서 바른배송 해 주셨습니다. 감사드립니다.
102881051,https://prod.danawa.com/info/?pcode=102881051&cate=112787,지클릭커 오피스프로 트리플 휠마스터 OP06 무선,지클릭커,28850,B_detail_only,91,115.5,,42.5,,,4800,,,,,블루투스,,,N,2,N,오른손잡이용,,,,,N,,Y,,Y,,에르고,
13164953,https://prod.danawa.com/info/?pcode=13164953&cate=112787,삼성전자 SPA-NMA1PMB,삼성전자,28900,C_reviews_only,,104,,37,,,,,,,기계식,블루투스,,,N,,N,오른손잡이용,4.6,96,"무선안정성,가성비",절대 사지 마세요. 이거 한달동안 건전지 4번 교체했습니다 처음에는 건전지 불량인줄 알았다가 새로 산거를 끼워도 계속 몇일 쓰면 방전됩니다 전지 전압이 1v이하로 떨어집니다 블루투,N,,Y,,Y,,,[긍정] 마우스자체는 진짜 콤팩트하게 작은데 양옆면이 안쪽으로 굴곡이 져서 엄지와 새기손가락이 딱맞아들어가서 그립감이 아주 좋습니다 좌우이동이 편해요 버튼은 저소음이라 조용하고 휠소리도 작아요 기본에 충실한 무선마우스에요 나온지 좀 됐는데 가격이 비싼게 흠이네요 [부정] 절대 사지 마세요. 이거 한달동안 건전지 4번 교체했습니다 처음에는 건전지 불량인줄 알았다가 새로 산거를 끼워도 계속 몇일 쓰면 방전됩니다 전지 전압이 1v이하로 떨어집니다 블루투스나 rf동글 둘다 한쪽으로만 쓰면서 테스트 했는데 동일합니다. 어쩐지 인터넷에 별로 파는데가 없던데 불량으로 단종된거를 여기서 파는게 아닌가 싶은 생각도 듭니다. 암튼 주의하세요
90501062,https://prod.danawa.com/info/?pcode=90501062&cate=112787,UGREEN MU008 무선,UGREEN,28900,D_metadata_only,,,,,,,,,,,기계식,무선,,,N,,N,,,,,,N,그린,N,,Y,,,
75537542,https://prod.danawa.com/info/?pcode=75537542&cate=112787,LG전자 HDNC-SV-C2 무선,LG전자,28900,D_metadata_only,50,,,,,AA,,,,,기계식,무선,,,N,,N,오른손잡이용,,,,,N,,N,,N,,,
58913831,https://prod.danawa.com/info/?pcode=58913831&cate=112787,레노버 YOGA Pro 무선,레노버,29000,D_metadata_only,,129,,44,,,,695,,,기계식,무선,,,Y,,N,오른손잡이용,,,,,N,,N,,N,,,
10241229,https://prod.danawa.com/info/?pcode=10241229&cate=112787,TG삼보 TG-TM618G HEALING 버티컬 무선 마우스,TG삼보,29030,C_reviews_only,,124.7,,57.1,,"124.7mm
- DPI",,,,,,무선,,,N,,N,오른손잡이용,5,2,,,N,,N,,N,,에르고,[긍정] 약간 적응하는데 시간 걸리긴하는데 아주 아주 편하고 좋은거같아요
95519987,https://prod.danawa.com/info/?pcode=95519987&cate=112787,inphic A9 Explorer 무선,,29250,D_metadata_only,,123,,39,,39mm,,,,,기계식,무선,,,Y,,N,,,1,,,N,,Y,,N,,,
100691579,https://prod.danawa.com/info/?pcode=100691579&cate=112787,HP 400 무선,HP,29300,C_reviews_only,,117.7,,39.8,,,,,,,기계식,무선,,,N,,N,,5,5,,,N,,Y,,Y,,,[긍정] 화이트에 가깝고 색상 독특하고 마음에 들어요
20424842,https://prod.danawa.com/info/?pcode=20424842&cate=112787,플레오맥스 MOC-BER960 무선 블루투스,플레오맥스,29500,A_complete,190,112,,34,,,3200,100,,,기계식,"2.4GHz무선,블루투스",,,,6,N,오른손잡이용,3,1,,,N,블루,N,,N,,에르고,
70675223,https://prod.danawa.com/info/?pcode=70675223&cate=112787,MSI VERSA 300 WIRELESS 유무선,MSI,29660,B_detail_only,60,125,,41,PTFE,PAW3104DB,8000,,,1000,광학,"유선,2.4GHz무선,블루투스",1000,USB-C,Y,6,Y,오른손잡이용,,10,,,Y,,N,칼화,N,"팜그립,클로그립,핑거그립","대칭형,에르고",
99477074,https://prod.danawa.com/info/?pcode=99477074&cate=112787,HP 405 무선,HP,29700,D_metadata_only,,117.7,,39.8,,,,39,,,기계식,무선,,,N,,N,오른손잡이용,,,,,N,,Y,,N,,,
18324629,https://prod.danawa.com/info/?pcode=18324629&cate=112787,에이투 AG0103,에이투,29700,D_metadata_only,,125,,44,,,,,,1000,기계식,유선,,,,,N,오른손잡이용,,1,,,N,,N,,N,,,
5781468,https://prod.danawa.com/info/?pcode=5781468&cate=112787,MAXTILL TRON G10PRO reborn 3330 RGB 게이밍 마우스,MAXTILL,29750,A_complete,30,123,,38,,PAW 3335,14400,100,30,1000,기계식,"유선,2.4GHz무선,블루투스",1000,,Y,7,Y,오른손잡이용,4.64,100,"무선안정성,클릭감,손목편안함","눈오기 전에 시켰는데 눈이와서 배송하는데 많이 힘들었나봐요 다 찌그러져서 왔네요 전자제품인데 최소 뽁뽁이라도 넣어서 포장해주지 너무 포장이 대충이네요,제품을 받아서 플스랑 연결을 했더니 이게 정상인건가요???아니면 문제가있는건가요?? 실제로보면 연듀색점이 너무마니 티가 납니다 ㅠㅠ",Y,,N,옴론,Y,"팜그립,클로그립",대칭형,"[긍정] 캐드, 포토샵 등 컴에서 쓸 유선 마우스를 찾는다면 한번 추천드립니다.1. 유명한 집안에 제품은 아님. 하지만 저랑 잘 맞아서 2개 째 쓰고 있음.2. 무선마우스가 다 좋은데... 약간식 딜레이 생기는게 싫어서 유선마우스를 선호하는 편임.3. 장시간 마우스작업 시, 마우스가 어느 정도 두툼한 그립감과 묵직한 무게감이 있어야 덜 피곤한데 이 제품이 그러함.4 [부정] 눈오기 전에 시켰는데 눈이와서 배송하는데 많이 힘들었나봐요 다 찌그러져서 왔네요 전자제품인데 최소 뽁뽁이라도 넣어서 포장해주지 너무 포장이 대충이네요"
90156671,https://prod.danawa.com/info/?pcode=90156671&cate=112787,지클릭커 OFFICEPRO OP10 슬라임 미니 블루투스 무선,지클릭커,29800,C_reviews_only,,108.5,,56,,,,,,,기계식,블루투스,,,Y,,N,,5,1,,,N,블루,Y,,N,,,[긍정] 엄청 작아요! 너무 귀엽더라고요
77858807,https://prod.danawa.com/info/?pcode=77858807&cate=112787,켄싱턴 K75575WW 무선,켄싱턴,29890,C_reviews_only,,110,,70,,110mm,,,,,,무선,,,,,N,오른손잡이용,4.6,5,"배터리,가성비",,N,,N,,N,,,"[긍정] 두 번째 구매입니다. 휠이 고장났지요. 그외에는 만족할만한 성능입니다. 배송은 아주 빨랐고, 허술한 비닐 봉투 포장은 마우스 자체가 박스 포장이라 괜찮았습니다."
18426380,https://prod.danawa.com/info/?pcode=18426380&cate=112787,앱코 H150A 유무선 게이밍 마우스,앱코,29900,C_reviews_only,50,125,,39,,PAW-3395,,150,50,,기계식,유선+무선,,,Y,,Y,오른손잡이용,5,5,"무선안정성,클릭감,부드러운움직임",,N,,N,후아노,N,,,[긍정] 무선마우스 충전형은 처음써봅니다. 보통 건전지로 사용해서 거부감이 있었는데 휠이나 클릭 등 부드러워서 만족합니다.
15315107,https://prod.danawa.com/info/?pcode=15315107&cate=112787,앱코 HACKER A660 3325 프로페셔널 게이밍 마우스,앱코 HACKER,29900,A_complete,20,117,,38.2,PTFE,117mm,10000,100,20,1000,기계식,"유선,2.4GHz무선,블루투스",1000,,Y,6,Y,오른손잡이용,4.5,10,"배터리,디자인",별로에요 왜비싼지 모르겠네요,Y,,N,옴론,N,,"대칭형,에르고",[긍정] 개인적으로 손에 잘 맞아서 a660만 쓰는데 소모품인지라 오래쓰면 한군데씩 이상이 생기네요 디자인이나 기능적으로나 고가에 마우스에 전혀 꿀리지 않아요 [부정] 별로에요 왜비싼지 모르겠네요
92965967,https://prod.danawa.com/info/?pcode=92965967&cate=112787,오브룸 크리스탈 OV-WM01,오브룸,29900,B_detail_only,,108,,68,,#NAME?,3200,68,10,,기계식,2.4GHz무선,,USB-C,Y,7,N,오른손잡이용,,,,,N,,Y,,N,,에르고,
11009208,https://prod.danawa.com/info/?pcode=11009208&cate=112787,플레오맥스 MOC-ER650 버티컬 인체공학 무선마우스,플레오맥스,29900,A_complete,110,110,,85,PTFE,,2400,618,,,기계식,"유선,2.4GHz무선,블루투스",,USB-C,Y,6,N,,5,6,,,N,,N,,Y,,에르고,[긍정] 빠른 배송이 마음에 듭니다.
78988607,https://prod.danawa.com/info/?pcode=78988607&cate=112787,EWEADN Q1 무선,,29900,D_metadata_only,,107,,39.2,,107mm,,,,,기계식,무선,,,Y,,N,,,,,,N,,Y,,N,,,
18399887,https://prod.danawa.com/info/?pcode=18399887&cate=112787,Actto BTM-12 무선 버티컬 마우스,Actto,30270,C_reviews_only,,115,,75,,,,,,,기계식,무선,,,Y,,N,,4.59,29,"배터리,클릭감,손목편안함","usb 칩을 노트북에 꽂을 때 약간 좀 많이 뻑뻑해서 이거 왜이러지?? 하면서 그냥 그려려니 하면서 힘주면서 꽂았는데요 그랬더니 겨우 꽂히더라고요 그리고 사용도 잘됐습니다.. 그런,저 1월 중순에 샀는데 2달도 안지나고 고장났어요. 떨어트리지도 않았습니다. 처리 부탁드려요",N,,Y,,Y,,에르고,"[긍정] 기존에 쓰던 마우스는 더블 클릭 현상, 버벅거림 등 도저히 못 쓰겠어서 새로 살 마우스 알아보다가 버티컬 마우스에다가 디자인 컬러도 예쁘고 멀티 페어링, 배터리가 아닌 충전식에 후기도 좋아서 구입했어요.바꾸길 정말 잘했어요. 가격도 저렴한데 성능도 좋고 처음 써보는 버티컬 마우스인데도 어색하지 않고 편해요ㅎㅎ.제 데스크랑 잘 어울려서 좋아요 짱짱! [부정] usb 칩을 노트북에 꽂을 때 약간 좀 많이 뻑뻑해서 이거 왜이러지?? 하면서 그냥 그려려니 하면서 힘주면서 꽂았는데요 그랬더니 겨우 꽂히더라고요 그리고 사용도 잘됐습니다.. 그런데말이죠.. 이제 usb칩을 제거하려고 했는데 확실히 넣을 때 빡빡하더니 이게 빼려고 할때 빠지질 않는 거에요.. 손톱으로도 빼보고 팬치로도 빼보고 그렇게 한 20분정도를 실랑이를"
2801386,https://prod.danawa.com/info/?pcode=2801386&cate=112787,라이트닝 LP800 무선 프리젠터 마우스,라이트닝,30730,B_detail_only,40,100,,10,,---,,,,,,"유선,2.4GHz무선",,USB-C,Y,,N,,,,,,N,,N,,N,,,
102355343,https://prod.danawa.com/info/?pcode=102355343&cate=112787,에이서 OMR322 유무선,에이서,30900,A_complete,113,112,,75,,500mAh,4000,,,,기계식,"유선,2.4GHz무선,블루투스",55,USB-C,Y,4,Y,,5,1,디자인,,N,,N,,N,,에르고,[긍정] 아직 사용전인데 좋았으면 좋겠네요 일단 디자인은 너무 예쁘네요
68437808,https://prod.danawa.com/info/?pcode=68437808&cate=112787,Actto BTM-18 무선,Actto,31000,C_reviews_only,,122,,70,,,,70,,,기계식,무선,,,Y,,N,오른손잡이용,5,2,"무선안정성,디자인",,N,,Y,,N,,,[긍정] 깔끔하게 박스에 비닐도 씌워져서 왔어요.저소음이 어느정도를 저소음일까했는데...터치했을 때 딸각딱각 소리가 적게 나요.무선은 기본이고건전지가 아닌 충전식이라 너무 좋아요.
14624093,https://prod.danawa.com/info/?pcode=14624093&cate=112787,Actto BTM-11 링크 무선 블루투스 마우스,Actto,31090,D_metadata_only,,107,,36,,,,36,,,기계식,블루투스,,,Y,,N,오른손잡이용,,,,,N,블루,N,,N,,,
11009331,https://prod.danawa.com/info/?pcode=11009331&cate=112787,플레오맥스 MO-ER600 RGB 버티컬 인체공학 마우스,플레오맥스,31500,A_complete,160,110,,85,,,800,618,,,기계식,"유선,블루투스",,,Y,6,N,,4.6,6,"무선안정성,손목편안함",,Y,,N,,N,,에르고,"[긍정] 첨 버티칼 마우스를 사용하고 나서 확실히 손목에는 무리가 덜 가는듯합니다.아직도 예전 마우스가 편한듯 되돌아 가고 싶기도 하지만,그래도 적응하면 많이 이점들이 있을듯 해요.묵지하기도 해서 조금 무게는 나가지만, dpi를 조정해서 커버하고 있어요.다른것 몰라도 손목건강에도는 괜찬아요. 무선보다 유선 마우스 꼭 쓰시길 바래요.후외 않아실것입니다."
13590434,https://prod.danawa.com/info/?pcode=13590434&cate=112787,제닉스 STORMX VM2 BT 무선 저소음 버티컬 마우스,제닉스,31580,C_reviews_only,,115,,75.2,,PAW-3212,,,,,기계식,블루투스,3,,Y,,N,,4.47,74,"배터리,클릭감,손목편안함","3시간이상 완충하고 usb연결확인까지 했는데 정작 제품 전원이 안들어 오네요.......몇번을 시도해서 겨우 켜지나 했는데 그뒤로 아예먹통이네........새제품을 구입했는데 이상,교환한 재품은 전원은 들어오나 블루투스랑 리시버 둘 다 노트북에 연결되지 않습니다. 다른 노트북은 돼서 다른 사람 주겠습니다.,그저그렇네요.기존에 로지텍꺼 쓰다가 고장나서 싼걸로 알아본건데,확실히 정밀도와 부드러움이 부족함.",N,,Y,,Y,,에르고,"[긍정] 팔꿈치에서부터 손목까지 이어지는 힘줄에 염증이 생겨 6개월동안 전혀 진전이 없다가 마우스를 바꾸고 완전히 개선되었습니다.마우스를 잡기 위해 팔을 비틀어야 하는 동작을 바꾸니 바로 개선이 되었습니다. 손목이나 팔, 어깨 등에서 통증을 느끼시는 분은 마우스를 바꿔보시길 권장합니다.마우스는 잘 작동하며, 처음 적응할 때 거부감이 들 수도 있지만, 버티컬 마우스는 [부정] 3시간이상 완충하고 usb연결확인까지 했는데 정작 제품 전원이 안들어 오네요.......몇번을 시도해서 겨우 켜지나 했는데 그뒤로 아예먹통이네........새제품을 구입했는데 이상하게 누군가 사용한것같은 흔적이 있어서 혹시나 했는데..........설명서대로 뭘 하고싶어도 제품에 전원이 안들어 오니 아무것도 할수가 없네..........이제품 사실분들은 참"
11414631,https://prod.danawa.com/info/?pcode=11414631&cate=112787,다얼유 LM108 PRO 글러브 인체공학 버티컬 블루투스 마우스,다얼유,31900,D_metadata_only,,138,,68,,,,138,,,,블루투스,,,N,,N,오른손잡이용,,,,,N,블루,N,,N,,에르고,
78611138,https://prod.danawa.com/info/?pcode=78611138&cate=112787,ATK A9 PLUS 유무선,ATK,31990,C_reviews_only,,125,,40,,PAW-3395,,,,,HUANO 스위치,,,,Y,,N,,5,3,배터리,,N,,N,,N,,,[긍정] 배송이 생각 보다 빠르고 상담도 친절하게 궁금점 해결해주셔서 좋았습니다. 품질도 만족하고 추천합니다.
10998216,https://prod.danawa.com/info/?pcode=10998216&cate=112787,FANTECH BLAKE X17 PRO,FANTECH,32150,A_complete,108,125,,42,PTFE,PIXART PMW 3389,16000,400,50,1000,기계식,유선,1000,,,7,Y,오른손잡이용,5,1,,,Y,,N,옴론,N,,에르고,[긍정] 사용전이지만 이미 2대 사용중이라 만족하리라 생각합니다.
99479945,https://prod.danawa.com/info/?pcode=99479945&cate=112787,지클릭커 OFFICEPRO OP75 무선,지클릭커,32200,C_reviews_only,,106.3,,70,,,,,,,기계식,"유선,블루투스",,,Y,,N,오른손잡이용,5,1,,,N,,Y,,N,,,[긍정] 조금 가볍긴 한데 이런 건 개인차가 있는 거니까 괜찮구요블루투스 연결이 1개만 지원 된다는 것만 아쉽고 그외의 모든 면에서 만족스럽습니다. 일단 유선 연결 지원 하는것도 좋고 가로휠 있는게 너무 좋네요
19257965,https://prod.danawa.com/info/?pcode=19257965&cate=112787,ROCCAT BURST CORE,ROCCAT,32400,C_reviews_only,,120,,38.7,,PMW-3331,,,,,,유선,,,,,N,오른손잡이용,4.83,24,"클릭감,가성비",,N,,N,,Y,,대칭형,[긍정] 아들램 피씨가 흰둥이라 대칭형 마우스 특가 떴길래흰둥이로 맞춰 사봤는데마감이 상당히 엄청~~~나게 좋은느낌이여서 손에 촤악감기네요~ 각 부분별 재질? 마감이 다달라서 신경쓴 느낌이 팍팍납니다! 스크롤 색깔이 이쁘게 계속 바뀌니 기분까지 좋습니다 ㅋㅋㅋ 하나 더 사야할 것 같아요
27924632,https://prod.danawa.com/info/?pcode=27924632&cate=112787,앱코 MELLO 멀티 페어링 무소음 무선,앱코,32500,B_detail_only,,105,,39,,AA,800,39,,,기계식,"2.4GHz무선,블루투스",,,N,,Y,오른손잡이용,,,,,Y,,Y,칼화,Y,,,
93445604,https://prod.danawa.com/info/?pcode=93445604&cate=112787,AULA SC900 Pro 유무선,AULA,32500,C_reviews_only,,126,,44,,PAW-3395,,44,,8000,기계식,유선,,,Y,,N,오른손잡이용,5,2,"배터리,가성비",,N,,N,,N,,,[긍정] 키보드로 유명한 독거미가 만든 마우스라서브용으로 구매해봤는데 괜찮습니다.다만 배송이 느린점 참고하시고 가격 괜찮을때 느긋하게 기다릴 정도로 생각하세요
46643450,https://prod.danawa.com/info/?pcode=46643450&cate=112787,Redragon M908,Redragon,32830,C_reviews_only,,122.5,,42,,PMW-3327,,1000,,1000,,유선,1000,,,,Y,오른손잡이용,5,2,클릭감,,N,레드,N,,N,,,[긍정] 예상일보다 일찍 도착했네요.클릭 잘되고 설정 잘되고 좋습니다.생각보다 마우스가 커서 적응이 필요할듯싶습니다.
61844591,https://prod.danawa.com/info/?pcode=61844591&cate=112787,프리플로우 archon V1 PRO MINI 유무선,프리플로우,32900,B_detail_only,55,118,,38.3,UPE,PAW-3395,26000,650,50,8000,기계식,"유선,2.4GHz무선",80,USB-C,Y,,Y,양손,,4,,,N,,N,후아노,N,"팜그립,클로그립","대칭형,에르고",
97775501,https://prod.danawa.com/info/?pcode=97775501&cate=112787,아이리버 GT100 무선,아이리버,32900,C_reviews_only,,98.3,,98.3,,,,35,,,기계식,블루투스,,,Y,,N,,3.67,3,,"맥X, 사이드버튼 윈도우 전용이라는표기는 상세페이지 어디에도 없음.제품 박스와 설명서에만 기재되어 있음.해당내용으로 문의했으나, 답변X직접 전화를 거니 밖이라는 어이없는 답변과확인",N,,N,,N,,,"[긍정] 타기종간의 블루투스 전환도 편리하네요~ [부정] 맥X, 사이드버튼 윈도우 전용이라는표기는 상세페이지 어디에도 없음.제품 박스와 설명서에만 기재되어 있음.해당내용으로 문의했으나, 답변X직접 전화를 거니 밖이라는 어이없는 답변과확인해보겠다며 통화종료.그 후에도 답변이나 연락은 전혀 없었음.옥션 고객센터를 통해 환불진행.최악의 판매자."
64390766,https://prod.danawa.com/info/?pcode=64390766&cate=112787,CORSAIR M55 게이밍,CORSAIR,33388,B_detail_only,55,118,,38,PTFE,PAW3333,16000,300,35,1000,기계식,유선,1000,,,6,Y,오른손잡이용,,3,,,N,,N,,Y,,대칭형,
7853500,https://prod.danawa.com/info/?pcode=7853500&cate=112787,건평정보통신 IPLEX WM-950 왼손전용 무선 버티컬마우스,건평정보통신 IPLEX,33700,D_metadata_only,,117,,78,,,,78,,,기계식,무선,,,N,,Y,왼손잡이용,,,,,N,,N,,Y,,에르고,
7765732,https://prod.danawa.com/info/?pcode=7765732&cate=112787,CORSAIR HARPOON RGB PRO,CORSAIR,34391,A_complete,85,111.5,68.3,40.4,,PMW-3327,12000,40,,1000,기계식,유선,1000,,,6,Y,오른손잡이용,5,11,디자인,,Y,,N,옴론,Y,,,[긍정] 배송도 정말 빠르고 품질은 말할 것도 없네용! 피시방에서 사용해보다가 실제로 구매하여 집에서 사용하니까 더 좋네요!! 또 구매할 일이 생기면 이곳에서 구매할 것 같아요!!bb 짱짱 아빠도 좋다고 하시네요ㅎㅎ
12192407,https://prod.danawa.com/info/?pcode=12192407&cate=112787,A4Tech Bloody X5 PRO 게이밍 마우스,A4Tech,34500,D_metadata_only,50,128,,39,,PMW-3389,,3389,50,,,유선,,,,,Y,오른손잡이용,,,,,N,,N,,N,,,
28579829,https://prod.danawa.com/info/?pcode=28579829&cate=112787,지클릭커 OFFICEPRO 휠마스터 유무선,지클릭커,34800,A_complete,150,105,60,85,,PAW-3212,,3212,,,기계식,"유선,2.4GHz무선,블루투스",,,Y,3,N,오른손잡이용,4.73,26,가성비,,N,"블랙,화이트",Y,,Y,,에르고,"[긍정] 두가지 조건을 고려할 때, 이 마우스는 비교 불가능한 높은 가성비를 가집니다.1. 핸드폰 용 마우스로 활용 : 간단한 조작으로 채널을 오갈 수 있다는 건, 여러 장비를 한 set의 키보드+마우스로 동시에 컨트롤 할 수 있다는 이야기가 됩니다. 주변 사람들은 사무실에서 제가 일을하는지, 핸드폰으로 책을 보는지 구분할 수 없습니다.2. Side 휠 : Offi"
33361157,https://prod.danawa.com/info/?pcode=33361157&cate=112787,ATK VXE R1 PRO 해외구매,ATK,34800,C_reviews_only,,120.6,,37.8,,PAW-3395,,3395,,,HUANO 스위치,유선,,,Y,,N,오른손잡이용,4.17,6,,,N,,N,,N,,,[긍정] 일주일 걸렸고 pro도 안에 그립테이프?피트? 있는건 좋네요 충전중이나 모양도 괜찮고 구성품도 좋고 배송도 해외배송치곤 빠르고 박스도 별로 안구겨져서 와서 오랜만에 해외배송 잘시킨거 같네요
16747031,https://prod.danawa.com/info/?pcode=16747031&cate=112787,삼성전자 EJ-M3400 슬림 블루투스 마우스,삼성전자,34900,C_reviews_only,,106.8,,26,,AA,,3400,,,기계식,블루투스,,,N,,N,,4.94,18,"경량,클릭감,디자인",,N,블루,Y,,N,,,[긍정] 무소음에 깔끔한 디자인 매우 만족합니다.검정색 쓰다가 은색으로 하나 더 구매했어요~삼성닷컴보다 가격이 많이 저렴하네요
93698261,https://prod.danawa.com/info/?pcode=93698261&cate=112787,아이리버 EV35C 무선,아이리버,34900,A_complete,88,102,,60,,---,800,,,,기계식,"2.4GHz무선,블루투스",2,USB-C,Y,7,N,,5,1,손목편안함,,N,,Y,,Y,,에르고,[긍정] 기존에 EM1 사용했어요~ EM1도 만족하면서 사용했는데 이번에 EV35C로 바꿔봤어요작은손에도 사용하기 좋고 건전지가 필요없이 C타입 충전도 되서 좋은거 같아요근데 EM1보다는 작아서 그런가 손목받침하고 쓰면 높이가 좀 낮아요블루투스 연결도 바로 되고 버튼 누를때 소리도 없어요 건전지가 안 들어가서 그런지 무게는 아주 가볍습니다
96652484,https://prod.danawa.com/info/?pcode=96652484&cate=112787,ProtoArc EM11 NL 무선,,35190,D_metadata_only,,137.9,,67.8,,,,137,,,기계식,무선,,,Y,,N,,,,,,N,,N,,Y,,,
14731007,https://prod.danawa.com/info/?pcode=14731007&cate=112787,QSENN AULA F805 RGB 게이밍 마우스,QSENN,35330,D_metadata_only,,135,,42,,,,,,,,유선,,,,,Y,,,,,,Y,,N,,N,,,
90434000,https://prod.danawa.com/info/?pcode=90434000&cate=112787,로이체 RDM-G510 유무선,로이체,35900,C_reviews_only,,120,,38,,PAW-3311,,3311,,,기계식,유선,,,Y,,Y,오른손잡이용,5,2,가성비,,N,,N,,N,,,[긍정] 친구 선물용으로 게이밍 마우스 구입해 보았어요.
16354880,https://prod.danawa.com/info/?pcode=16354880&cate=112787,코시 M4056WL 테일 무선 세미 버티컬 마우스,코시,35900,C_reviews_only,,175,,52.2,,,,52,,,기계식,무선,,,N,,N,,4.22,9,"무선안정성,손목편안함,디자인",,N,,N,,Y,,에르고,[긍정] 배송은 평범합니다 . 버티컬 마우스들이 그렇듯 세번째 네번째 손가락에 대한 디자인 고찰이 필요한것 같습니다.
48645131,https://prod.danawa.com/info/?pcode=48645131&cate=112787,A4Tech Bloody V8M MAX,A4Tech,36010,B_detail_only,125,123,,43,,123mm,12000,250,35,2000,기계식,유선,125,,,8,Y,,,1,,,Y,블랙,N,,N,,,
95850110,https://prod.danawa.com/info/?pcode=95850110&cate=112787,지클릭커 OFFICEPRO OP80 무소음 블루투스 무선 with PAD,지클릭커,36600,D_metadata_only,,120,,73,,,,,,,무소음 스위치,블루투스,,,N,,N,오른손잡이용,,,,,N,블루,Y,,Y,,,
106729370,https://prod.danawa.com/info/?pcode=106729370&cate=112787,로이체 RX-840SW 무선,로이체,36900,D_metadata_only,92,,,,,,,,,,,무선,,,Y,,N,오른손잡이용,,,,,N,,N,,N,,,
11652884,https://prod.danawa.com/info/?pcode=11652884&cate=112787,COX CM500 3360 RGB 게이밍 마우스,COX,37000,B_detail_only,50,122,,41,PTFE,122mm,12000,250,50,1000,기계식,유선,1000,,,,Y,오른손잡이용,,3,,,Y,,N,후아노,N,"팜그립,클로그립","대칭형,에르고",
7895518,https://prod.danawa.com/info/?pcode=7895518&cate=112787,COX CM90W 유무선 RGB 게이밍 마우스,COX,37050,B_detail_only,20,114.5,,38,PTFE,PIXART PMW,5000,38,,1000,기계식,"유선,2.4GHz무선",1000,USB-C,Y,,Y,오른손잡이용,,,,,Y,,N,옴론,Y,"팜그립,클로그립",에르고,
93862937,https://prod.danawa.com/info/?pcode=93862937&cate=112787,EWEADN Q9 무선,,37300,D_metadata_only,,93,,93,,,,37,,,기계식,무선,,,Y,,N,,,,,,N,,Y,,N,,,
28803110,https://prod.danawa.com/info/?pcode=28803110&cate=112787,삼성전자 SM-M1400QB 무선 블루투스,삼성전자,37900,C_reviews_only,,110,,36,,,,,,,기계식,블루투스,,,N,2,N,오른손잡이용,4.65,96,"경량,무선안정성,클릭감","가격대비 좋은 점 있습니다.우선 삼성인데도 가격 좋고,무한휠 되고,기본클릭, 측면클릭 좋습니다.근데사징네 보이듯이로직텍 마우스처럼 엄지의 공간이 확보되어야측면 버튼의 간섭이 없을텐,왼쪽버튼2개 아래에있는 미끄럼방지줄무늬때문에오히려 더 미끄러져서 왼쪽투버튼이 자주클릭되어 마우스사용할때마다 인터넷이 앞뒤로 페이지 이동됩니다. 미끄럼방지때문에 더 불편함.,박스가 작다 보니 오지게 던진듯 옆꾸리 버튼이 눌려서 별로네 버튼 큰것도 문제지만 졸라 민감 하네",N,블루,Y,,N,,"대칭형,에르고","[긍정] L사 무소음 무선 마우스 사용하다가 인식이 불량하여서 무소음 무선 마우스를 사려던 찰나에 삼성에서 무소음 무선마우스가 나와서 구매했습니다. 보통 12시 전에 배송이 마감인데 3시까지 주문하면돼서 매우 빠르게 물품을 받을 수 있어서 만족합니다. 가격 역시 여러 기능이 탑재되어있어서 합리적이라고 생각합니다.- 만족스러운 점1. 타사와 사이즈는 거의 동일한데 그 [부정] 가격대비 좋은 점 있습니다.우선 삼성인데도 가격 좋고,무한휠 되고,기본클릭, 측면클릭 좋습니다.근데사징네 보이듯이로직텍 마우스처럼 엄지의 공간이 확보되어야측면 버튼의 간섭이 없을텐데,이 마우스는옆면 엄지의 공간에 측면버튼이 딱 자리잡고 있습니다.엄지의 그립공간이 없다는 말입니다.심지어 그 측면 버튼의 클릭이 너무 부드럽게 가벼워서살짝만 힘을 줘도 클릭(뒤로"
10100451,https://prod.danawa.com/info/?pcode=10100451&cate=112787,A4Tech Bloody P91 PRO 게이밍 마우스 (정품),A4Tech,38110,A_complete,50,120,,39,,PixArt PMW3389,,,50,,,유선,,,,3,Y,오른손잡이용,5,1,,,Y,,N,,N,,에르고,[긍정] 아주아주아주 잘됨.이거만 쓴다.
78614726,https://prod.danawa.com/info/?pcode=78614726&cate=112787,darkFlash FLO-5 무선 블루투스 버티컬,darkFlash,38500,A_complete,110,115.35,,66.48,,PAW3212,4000,,,,기계식,"2.4GHz무선,블루투스",48,USB-C,Y,10,N,오른손잡이용,4.14,10,배터리,기능잡다한데 기본마우스기능이 떨어져서 사용 못하고있습니다,N,블루,Y,,N,,에르고,[긍정] 버튼이 많아 여러 기능을 사용할 수 있어 편할 거 같습니다.다만 노브 위치는 적응이 필요할 거 같네요크기는 생각보다 살짝 큽니다 [부정] 기능잡다한데 기본마우스기능이 떨어져서 사용 못하고있습니다
13448492,https://prod.danawa.com/info/?pcode=13448492&cate=112787,MSI GM41 LIGHTWEIGHT,MSI,38990,C_reviews_only,,130,,38.3,,PMW-3389,,41,,,기계식,유선,,,,,N,오른손잡이용,4,1,"경량,가성비",,N,,N,옴론,Y,,,[긍정] 가격대비 좋아요약간 가벼운 느낌이 있습니다
101011466,https://prod.danawa.com/info/?pcode=101011466&cate=112787,A4Tech Bloody J95s,A4Tech,38990,A_complete,20,131,,43,UPE,131mm,,100,20,1000,기계식,유선,,,,3,Y,오른손잡이용,5,1,,,Y,,N,,Y,,에르고,[긍정] 게이밍성능이 우수합니다
10592268,https://prod.danawa.com/info/?pcode=10592268&cate=112787,MadCatz R.A.T 2 PLUS,MadCatz,39000,D_metadata_only,70,,,,,PMW-3325,,70,,1000,기계식,유선,,,,,N,오른손잡이용,,,,,N,,N,,Y,,,
75719678,https://prod.danawa.com/info/?pcode=75719678&cate=112787,레노버 LEGION M410 유무선,레노버,39000,D_metadata_only,,127.79,,39,,PAW-3335,,39,,,,유선,,,Y,,Y,오른손잡이용,,3,,,N,,N,,N,,,
6516879,https://prod.danawa.com/info/?pcode=6516879&cate=112787,A4Tech Bloody J95 게이밍 마우스,A4Tech,39490,C_reviews_only,20,131,,43,,PMW-3325,,,20,,,유선,,,,,Y,,5,3,배터리,,N,,N,,N,,,[긍정] 냄새가 심해요. 10월23일 구매했는데 11월10일인 지금도 냄새가 미세하게 남아있어요. 그외엔 좋아요. led는 내 마음대로 색상변경은 물론 깜빡이는 속도조절까지 가능하고요. 휠 옆 버튼이 생각보다 더 유용해요. 키 커스텀이 자유롭고 메모리 기능이나 그립감 등을 이유로 블러디 마우스를 접한 뒤부턴 쭉 이 제품군만 고집하고 있는데 역시나 기능면에선 한결같아
36793979,https://prod.danawa.com/info/?pcode=36793979&cate=112787,Satechi C1,Satechi,39490,D_metadata_only,,,,,,,,,,,,유선,,,,,N,,,,,,N,,N,,N,,,
17027600,https://prod.danawa.com/info/?pcode=17027600&cate=112787,아이리버 Medic-EM3 항균 무소음 버티컬 마우스,아이리버,39500,C_reviews_only,,108.91,,68.18,,AA,,108,,,기계식,무선,,,N,,N,오른손잡이용,4.74,34,"배터리,클릭감,손목편안함",디자인 맘에 들고 손이 작은편인데 많이 남지도 않고 적당한거 같아요. 처음 써봐서 그런지 불편한점은 없어요,N,,Y,,Y,,에르고,"[긍정] 아이리버 EV1 쓰고 있었는데, 꽤 오래 사용해서 낡기도 했고 조금 버벅대는거 같아 구경하다가 사이즈가 좀 더 작다고 해서 과감히 질러봤어요. 근데, 움직임도 좋고, 무소음에 (클릭소리 안 남) 여성분들 손에도 쏙 들어와서 손목/손바닥 부담도 EV1보다 적어요. (이게 남성분들께는 어떻게 적용될지는 모르겠음) 손목에 무리가는 작업 많이 하시는 여성분들, 손 [부정] 디자인 맘에 들고 손이 작은편인데 많이 남지도 않고 적당한거 같아요. 처음 써봐서 그런지 불편한점은 없어요"
7003276,https://prod.danawa.com/info/?pcode=7003276&cate=112787,CORSAIR M65 RGB ELITE,CORSAIR,39520,B_detail_only,97,116.5,76.6,39.2,PTFE,PMW-3391,18000,,,1000,광학,유선,1000,,,8,Y,,,,,,Y,,N,옴론,Y,,,
74338964,https://prod.danawa.com/info/?pcode=74338964&cate=112787,EWEADN S9 PRO 유무선,,39580,C_reviews_only,,123,,41.5,,PAW-3395,,3395,,8000,,유선,,,Y,,N,오른손잡이용,5,1,경량,,N,,N,,N,,,[긍정] 구매부터 배송까지 10일 걸림포장상태도 좋음기존 유선 마우스 보다 가벼워서 좋음
2475643,https://prod.danawa.com/info/?pcode=2475643&cate=112787,삼성전자 AA-SM8PWBB,삼성전자,39700,D_metadata_only,,97.6,,97.6,,,,33,,,기계식,무선,,,,,N,오른손잡이용,,,,,N,,N,,Y,,,
102881078,https://prod.danawa.com/info/?pcode=102881078&cate=112787,지클릭커 오피스프로 휠마스터 OP12 무선,지클릭커,39800,B_detail_only,110,124,,46,,,,,,,기계식,"2.4GHz무선,블루투스",45,,Y,3,N,오른손잡이용,,,,,N,,Y,,N,,에르고,
77282810,https://prod.danawa.com/info/?pcode=77282810&cate=112787,지클릭커 슈퍼히어로 OP200 르캄프2 8K 게이밍,지클릭커,39800,D_metadata_only,,120,,38,,PAW-3395,,120,,8000,,유선+무선,,,Y,,N,,,,,,N,,N,,Y,,,
94634087,https://prod.danawa.com/info/?pcode=94634087&cate=112787,ESR 자석부착 무선,ESR,39890,D_metadata_only,,108,,39,,,,,,,기계식,무선,6,,Y,,N,오른손잡이용,,,,,N,,Y,,Y,,,
20810816,https://prod.danawa.com/info/?pcode=20810816&cate=112787,Razer Cobra,Razer,39900,A_complete,58,119.6,,38.1,PTFE,8500 DPI,8500,1000,,1000,광학,유선,1000,,,2,Y,양손,4.62,144,,포장이 박스가 아닌것이 아쉽습니다 다행히 파손은 없었으나 비닐포장은 깊은 실망감을 줍니다소형 크기로 손 작은 사람에게 추천되는 마우스 입니다,Y,,N,Razer광학,Y,,대칭형,[긍정] 제가 남자지만 손이 작은 편인데 마우스가 조금만 커도 한손에 잘 안 들어와서 불편한데 레이저 코브라 는 한손에 들어오는 그립감이 정말 좋네요. 기존에 쓰고 있던 마우스가 다 좋은데 조금 커서 엄지쪽 2개 버튼 중 앞에 버튼이 잘 눌러지지 않아서(엄지손가락으로 누르기 조금 불편) 답답했는데 레이저 코브라는 옆에 엄지로 컨트롤하는 2개의 버튼이 정말 환상입니다 [부정] 포장이 박스가 아닌것이 아쉽습니다 다행히 파손은 없었으나 비닐포장은 깊은 실망감을 줍니다소형 크기로 손 작은 사람에게 추천되는 마우스 입니다
15580778,https://prod.danawa.com/info/?pcode=15580778&cate=112787,COX CM91W 유무선 RGB 게이밍 마우스,COX,39900,B_detail_only,20,114.5,,38,,PMW-3325,10000,100,20,1000,기계식,2.4GHz무선,1000,USB-C,Y,6,Y,오른손잡이용,,,,,Y,,N,옴론,N,"팜그립,클로그립","대칭형,에르고",
93698006,https://prod.danawa.com/info/?pcode=93698006&cate=112787,아이리버 GT300 무선,아이리버,39900,A_complete,108,115.97,,43.7,,,4800,300,,,기계식,"2.4GHz무선,블루투스",4,USB-C,Y,,N,오른손잡이용,4.57,7,"배터리,클릭감,가성비",,N,,Y,,Y,,에르고,"[긍정] 가성비 최고의 마우스라 생각 됩니다.스크롤, 클릭 전부 부드럽고 횡스크롤 기능도 생각보다 작동이 편리합니다.바탕화면 바로가기 버튼이 있는게 의외로 편리하네요!기존 사용하던 마우스 보다 그립감이 좋아 오래 사용해도 불편함이 적습니다!"
12851165,https://prod.danawa.com/info/?pcode=12851165&cate=112787,MAXTILL RATIO RWM20 유무선 게이밍 마우스,MAXTILL,39900,B_detail_only,98,122,,37,PTFE,MR,16000,400,40,1000,기계식,"유선,2.4GHz무선,블루투스",1000,USB-C,Y,6,Y,오른손잡이용,,3,,,Y,,N,옴론,N,"팜그립,클로그립,핑거그립","대칭형,에르고",
17795597,https://prod.danawa.com/info/?pcode=17795597&cate=112787,제닉스 STORMX VM3 왼손 무선 버티컬 마우스,제닉스,39900,D_metadata_only,,103,,69,,PMW-3320,,3320,,,기계식,무선,,,Y,,Y,오른손잡이용,,,,,N,,N,,Y,,에르고,
1089659,https://prod.danawa.com/info/?pcode=1089659&cate=112787,로지텍 M705,로지텍,39940,C_reviews_only,,,,,,,,,,,,무선,,,,,N,,4.52,21,,,N,,N,,N,,,[긍정] 주문 9일만에 도착했어요. 다 좋은데 너무 예민해서 검지로 왼쪽 버튼 누를 때 중지에도 약간 힘이 들어가니까 오른쪽 버튼도 종종 함께 눌러지는 게 단점이에요.
3388172,https://prod.danawa.com/info/?pcode=3388172&cate=112787,로지텍 G402 Hyperion Fury,로지텍,39960,A_complete,85,136,,41,,PMW-3320,,,,,기계식,"유선,2.4GHz무선,블루투스",402,USB-C,Y,2,Y,,4.75,69,가성비,재고가 없어서 못샀습니다.,N,,Y,,Y,,,[긍정] 실제로 보니 더 맘에 드네요정품 맞구요 상자에 멋지게 포장되어 왔어요다른곳보다 가격이 저렴해서 혹시나 했는데 쓸데없는 걱정을 했어요아들이 얼마나 기다리고 기다리는지 오늘만 현관문을 몇번을 열어 봤는지 몰라요여러분도 좋은물건 싸게 사세요~^^ [부정] 재고가 없어서 못샀습니다.
93862967,https://prod.danawa.com/info/?pcode=93862967&cate=112787,힐링쉴드 와콤 신티크 16 DTK168 액정보호필름,힐링쉴드,40320,D_metadata_only,,,,,,,,,,,,,,,,,N,,,,,,N,,N,,N,,,
2362208,https://prod.danawa.com/info/?pcode=2362208&cate=112787,켄싱턴 Orbit Optical Trackball Mouse,켄싱턴,40800,D_metadata_only,,,,,,,,,,,,,,,,,N,,,,,,N,,N,,N,,,
14966969,https://prod.danawa.com/info/?pcode=14966969&cate=112787,COX CTM100 어고노믹 무선 트랙볼 마우스,COX,40900,B_detail_only,135,,,,,PAW-3205,,3205,,,,2.4GHz무선,,,,5,N,오른손잡이용,,,,,N,,N,,N,,에르고,
75988724,https://prod.danawa.com/info/?pcode=75988724&cate=112787,MCHOSE M7 ULTRA 유무선,MCHOSE,41410,C_reviews_only,,123.4,,39.2,,PAW-3950,,3950,,8000,OMRON 스위치,유선,,,Y,,N,오른손잡이용,5,1,,,N,,N,,N,,,"[긍정] 마우스가 그립감도 좋고, 가볍습니다.PRO도 충분히 괜찮은 것 같아요배송도 빠르고 잘 쓸 것 같아요"
95985965,https://prod.danawa.com/info/?pcode=95985965&cate=112787,ATK U2 Pro 유무선,ATK,41410,D_metadata_only,,123.7,,39.1,,PAW-3395Ultra,,123,,,기계식,유선+무선,,,Y,,N,오른손잡이용,,,,,N,,N,후아노,Y,,,
6143401,https://prod.danawa.com/info/?pcode=6143401&cate=112787,로지텍 G304 LIGHTSPEED WIRELESS (정품),로지텍,41540,A_complete,99,116,62,38,UPE,HERO,12000,100,,1000,기계식,"유선,2.4GHz무선,블루투스",1000,,Y,3,Y,오른손잡이용,4.91,288,클릭감,,Y,,N,,N,,,"[긍정] 원7에서 로지텍 마우스만 3개 정도 쓰는거 같아요. 나름 만족도(그립감 좋음)가 높았던 VX Nano(AAA 2개) 는 좌측버튼 불량이 생기고 좌 사이드버튼 까짐이 생겨서 이제는 못쓸거 같고 , 블루투스 M557 는 동글이 사용으로 데탑에서 그런대로 사용했었는데 윈7에서 자주 끊어지고 프린터(usb) 와 충돌나서 끊기고 그래서 윈10가기전까지는 애물단지이고"
9504513,https://prod.danawa.com/info/?pcode=9504513&cate=112787,앱코 WM80 LED 무선 마우스,앱코,41610,B_detail_only,71,95,,95,,PAW3212,,,,500,기계식,"유선,2.4GHz무선,블루투스",500,USB-C,Y,6,Y,양손,,,,,Y,,Y,,N,,"대칭형,에르고",
19882979,https://prod.danawa.com/info/?pcode=19882979&cate=112787,삼성전자 SM-M1300Q 무선 블루투스,삼성전자,41900,A_complete,116,109,,73,,,4000,,,,기계식,"2.4GHz무선,블루투스",,,N,,N,,4.61,300,,가운데 휠버튼 설계 미스 같습니다. 휠버튼 스위치가 휠축 아랫쪽에 위치해서 휠을 당길때 수평으로 당겨지지 않고 검지 손가락을 당기면서 부득이하게 약간 사선으로 움직이게 되는데요. ,N,블루,N,,Y,,에르고,"[긍정] 이전에 쓰던 버티컬 마우스가 고장나서 새거 찾아서 바로 구매했어요. 배달도 하루만에 와서 빠르고 생긴것도 멋있게 생겼어요.전에 쓰던거보다 살짝 작아서 안 익숙하긴 한데, 손이 작아서 그런가 오히려 손에 쏙 들어오는게 마음에 드네요.손 큰 사람들은 사용하기 불편하게 느낄수도 있을 것 같아요.건전지 부분도 쉽게 뺄 수 있게 끈있고, 블루투스 동글이 두는 위치에 [부정] 가운데 휠버튼 설계 미스 같습니다. 휠버튼 스위치가 휠축 아랫쪽에 위치해서 휠을 당길때 수평으로 당겨지지 않고 검지 손가락을 당기면서 부득이하게 약간 사선으로 움직이게 되는데요. 이때 아랫쪽(사선방향)으로 힘이 들어가면서 휠버튼이 눌려 휠작동이 안되는 불편함이 생깁니다.휠만 휠축방향으로 아래로 내리면 눌리고 축방향 위로 올리면 안눌립니다.이러니 휠작동중에 "
13196105,https://prod.danawa.com/info/?pcode=13196105&cate=112787,MadCatz M.O.J.O M1,MadCatz,42000,A_complete,57,,,,,---,12000,100,20,2000,기계식,유선,1000,,,8,Y,오른손잡이용,4,2,"경량,배터리,디자인",,Y,,N,,N,"팜그립,클로그립",에르고,[긍정] 택배사 사정으로 걱정했는데 하루 정도? 늦게 와서다행이었습니다.매드 캣츠 그림의 떡 같은 브랜드였는데저가이긴 하지만 드디어 가져보네요 ㅎㅎ그립감은 그동안 사용하던 기가땡땡땡 6980 마우스와는 조금 다른 느낌이라 적응이 좀 필요할 것 같습니다.무게는 마우스뿐만 아니라 선도 엄청 가벼운 느낌이라손이 너무 편하네요 ㅎㅎ디자인도 멋지고 마우스 주변으로 음료만 쏟
29885999,https://prod.danawa.com/info/?pcode=29885999&cate=112787,MCHOSE A5 PRO 유무선,MCHOSE,42670,D_metadata_only,,121.6,,37.7,,"37.7mm
-",,,,,,유선+무선,,,Y,,N,,,,,,N,,N,,N,,,
108416441,https://prod.danawa.com/info/?pcode=108416441&cate=112787,지클릭커 휠마스터 매크로 OP175 LCD 무선,지클릭커,42780,B_detail_only,91,117.4,,42.6,,,1600,1000,,1000,기계식,"2.4GHz무선,블루투스",1000,USB-C,Y,4,N,,,,,,N,"블랙,화이트,핑크,그린",Y,,Y,,에르고,
93384050,https://prod.danawa.com/info/?pcode=93384050&cate=112787,다얼유 A950G 1K 유무선,다얼유,42880,A_complete,55,123,,39,,PAW3395,,950,,1000,기계식,"유선,블루투스",135,USB-C,Y,8,Y,오른손잡이용,4.2,6,,가격대비 별루에요ㅡㅡㅡㅡ,N,,N,후아노,Y,,에르고,[긍정] 유튜브 추천해서 샀는데 칭찬하는 이유가 있더군요. 성능 좋아요 [부정] 가격대비 별루에요ㅡㅡㅡㅡ
106748669,https://prod.danawa.com/info/?pcode=106748669&cate=112787,로지텍 G304 X,로지텍,43680,C_reviews_only,57,,,,,57g,,,40,,,유선+무선,,,Y,,N,오른손잡이용,4.46,84,"경량,클릭감,손목편안함",,N,,N,,N,,,[긍정] 304 몇 개를 수년간 써왔는데 조금 무겁다 느껴져 다른 비싸고 가벼운 마우스 3개 번갈아 쓰다가 그립감이 다 안맞아서 주문.기존 304와 비슷 하긴한데 폭이 좀 작아지고 클릭압이 살짝 높음.클릭음도 높고 조금 경박함.그래서 304잡다가 이거 집으면 좀 이질감이 느껴짐 304처럼 뭔가 편안한 파지가 조금 부족함.그리고 요즘 나오는 30-40그람대 마우스 잡
65302631,https://prod.danawa.com/info/?pcode=65302631&cate=112787,Pulsar X2H,Pulsar,43700,A_complete,50,120.4,,39,,PAW-3395,26000,650,50,1000,광학,유선,1000,USB-C,,,Y,오른손잡이용,5,1,,,N,,N,,N,팜그립,대칭형,[긍정] 선물로 샀는데 너무 맘에들어해요 가볍다고 좋다네요
9737679,https://prod.danawa.com/info/?pcode=9737679&cate=112787,ASUS TUF Gaming M3,ASUS,43900,C_reviews_only,,118,,40,,PMW-3325,,305,,,,유선,,,,,Y,,4.33,3,,,N,,N,,Y,,,[긍정] 배송 빠르고 에어캡 포장도 잘 되어서 왔습니다. 기존에 사용하던 앱코 마우스가 곧 망가질 것 같아서 예비로 구입했는데 아직 사용하기 전이긴 하지만 괜찮아보여요
17430062,https://prod.danawa.com/info/?pcode=17430062&cate=112787,프나틱 기어 볼트 무선 게이밍 마우스,프나틱,43970,D_metadata_only,,120.8,,38.5,,PMW-3370,,1000,,1000,Kailh 스위치,유선+무선,1000,,Y,,Y,오른손잡이용,,,,,N,,N,,Y,,,
60145214,https://prod.danawa.com/info/?pcode=60145214&cate=112787,MCHOSE G3 Pro 유무선,MCHOSE,44000,D_metadata_only,,116.5,,38.2,,PAW-3395,,,,,기계식,유선+무선,,,Y,,N,,,,,,N,,N,옴론,N,,,
4788169,https://prod.danawa.com/info/?pcode=4788169&cate=112787,로지텍 M720,로지텍,44250,A_complete,85,115,,45,,,,45,,,기계식,"유선,2.4GHz무선,블루투스",,USB-C,Y,2,Y,,4.67,99,"무선안정성,클릭감,손목편안함","새상품이 맞나요? 벌크제품이라 박스안에 들어가있는게 아니니까 아무래도 먼지가 묻어있는건 당연하고 닦아쓰면 된다고 생각은 하지만, 바닥면 고무패드에서 거의 수 개월 이상의 사용감이 ,마우스 하나로 데스크탑 노트북 태블릿에서 모두 사용할 수 있어서 편리합니다.하지만 휠 동작 선택을 일반모드로 하면 잘 되는데부드러운 모드로 하면 화면 스크롤이 위 아래로 튕깁니다.",N,,Y,,Y,,,"[긍정] 칼배송에 깔끔하게 무지막스에 내부 뽁뽁이(봉투형태)안에 비닐팩으로 벌크포장되어 안전하게 잘 받았습니다. 구성품은 본체+2.4무선 동글+건전지AA가 각각 비닐팩에 잘 들어있습니다. 직구 또는 병행제품의 경우, 짭 제품이나 대부분 말이 병행제품이지 리퍼에 상태는 묻지마입니다. 하지만, 이 제품은 확실하게 새재품의 벌크 제품이 맞네요. 2.4무선 + 블루투스3기 [부정] 새상품이 맞나요? 벌크제품이라 박스안에 들어가있는게 아니니까 아무래도 먼지가 묻어있는건 당연하고 닦아쓰면 된다고 생각은 하지만, 바닥면 고무패드에서 거의 수 개월 이상의 사용감이 느껴지는데다가 제품 좌측 고무패드에 지워지지도 않는 얼룩이 묻어있어요. 그리고 바닥면 플라스틱은 뭐에 긁힌건지 긁힌 자국이 지워지지도 않구요. 이거 사기 전에 g304 반년정도 쓰"
96653228,https://prod.danawa.com/info/?pcode=96653228&cate=112787,ProtoArc Index Finger 무선,,44390,D_metadata_only,,,,,,,,,,,기계식,,,,,,Y,,,,,,N,,N,,N,,,
71500481,https://prod.danawa.com/info/?pcode=71500481&cate=112787,Pulsar X2A 미디움,Pulsar,44500,B_detail_only,56,120.4,,38,,PAW3395,26000,650,50,1000,광학,유선,1000,USB-C,,,Y,오른손잡이용,,,,,N,,N,,Y,핑거그립,대칭형,
29885984,https://prod.danawa.com/info/?pcode=29885984&cate=112787,MCHOSE A5 PRO MAX 유무선,MCHOSE,44720,D_metadata_only,,121.6,,37.7,,"37.7mm
-",,,,,,유선+무선,,,Y,,N,,,,,,N,,N,,N,,,
9340524,https://prod.danawa.com/info/?pcode=9340524&cate=112787,Billionton RS-200WM 인체공학 무선 버티컬 마우스,Billionton,45000,A_complete,,91,,91,,,,80,,,기계식,"2.4GHz무선,블루투스",,,Y,,N,오른손잡이용,4.44,18,"클릭감,손목편안함",,N,,N,,N,,에르고,[긍정] 손목터널증후군으로 버티컬마우스를 여러개 사던중 유일하게 손목으로 좌우버튼 클릭이 가능한 이 제품을 발견하게 되었습니다.사용한지 1주일만에 갑자기 마우스가 움직이지 않는 증상이 나타나 교환요청 하였는데 아주 친절하게 대응해 주셔서 교환받은 것으로 계속 잘 쓰고 있습니다. 감사드립니다.
71500226,https://prod.danawa.com/info/?pcode=71500226&cate=112787,Pulsar X2 미디움,Pulsar,45000,D_metadata_only,,120.4,,38,,PAW-3395,,120,50,,옵티컬 스위치,유선,,,,,N,,5,1,,,N,,N,,N,,,[긍정] 최고예요
74248754,https://prod.danawa.com/info/?pcode=74248754&cate=112787,ATK VXE R1 PRO,ATK,45360,D_metadata_only,,120.6,,37.8,,PAW-3395,,3395,,,HUANO 스위치,유선,,,Y,,N,오른손잡이용,,,,,N,,N,,N,,,
101072417,https://prod.danawa.com/info/?pcode=101072417&cate=112787,VGN Y2 Pro Max 유무선,VGN,45400,C_reviews_only,50,119,,39.4,,PAW-3395,,39,50,,기계식,"유선,블루투스",,,Y,,N,오른손잡이용,4.8,5,"클릭감,가성비",,N,,N,,N,,비대칭,"[긍정] 같은회사 하이엔드중 하나인 A9울티메이트와 크기,높이, 무게 비슷하고 다른점은 비대칭 인거만 빼면 성능,무게는 둘다 체감이 힘들정도로 좋습니다차이는 같은회사인데 hub를 다른거쓰고 그립감이 잡았을때가로길이(엄지,약지손가락) 사이가 a9가좀더넓고 master+가 좁은 느낌이고 클릭높이(검지,중지)가 a9가 높은느낌 master+가 낮은 느낌입니다 휠,측면버튼"
14750021,https://prod.danawa.com/info/?pcode=14750021&cate=112787,쿨러마스터 MM730 Wired Mouse,쿨러마스터,45500,D_metadata_only,,122.3,,39.1,,PMW-3389,16000,,,,,유선,,,,,N,,,,,,N,레드,N,,N,,,
92674520,https://prod.danawa.com/info/?pcode=92674520&cate=112787,ROYCHE 산리오 무선,ROYCHE,45900,C_reviews_only,,121,,73,,121mm,,,,,,2.4GHz무선,,,Y,,N,오른손잡이용,3,2,,,N,,N,,N,,,
95985971,https://prod.danawa.com/info/?pcode=95985971&cate=112787,ATK U2 Pro Max 유무선,ATK,45950,D_metadata_only,,123.7,,39.1,,PAW-3395Ultra,,3395,,,기계식,유선,,,Y,,N,오른손잡이용,,,,,N,,N,옴론,N,,,
99289943,https://prod.danawa.com/info/?pcode=99289943&cate=112787,ATK F1 V2 Ultra Max 유무선,ATK,46310,C_reviews_only,,118.2,,38.8,,PAW-3395,,,,8000,기계식,유선+무선,,,Y,,N,,5,9,"배터리,가성비",,N,,N,,N,,,[긍정] 주문하고 걱정했는데 다행히 불량없는 제품으로 받았습니다. 가성비 좋아요.
100268684,https://prod.danawa.com/info/?pcode=100268684&cate=112787,아이리버 Air Lift 50 무선,아이리버,46500,C_reviews_only,,116,,56,,,,50,,,기계식,무선,,,Y,,N,오른손잡이용,3,4,,"사용하던 콘퓨어가..스크롤 오류가 생겨서...몇번 수리해 쓰다...납땜하기 지쳐 새 마우스를 구매하게 되었습니다.일단 설계일을 하는. 50대..사무원이고 마우스는 거의....분신입,사용하기 불편함. 기능이 왜 있는지 모르겠슴. 왠만하면 구매하지 말것.",N,,N,,N,,,[긍정] 편하고 좋아요. 잘 샀네요. [부정] 사용하던 콘퓨어가..스크롤 오류가 생겨서...몇번 수리해 쓰다...납땜하기 지쳐 새 마우스를 구매하게 되었습니다.일단 설계일을 하는. 50대..사무원이고 마우스는 거의....분신입니다.새로 구매해도 1년을 넘기기 어려울만큼 사용빈도가...어마?? 무시한대요...일단 아이리머 에어 리프트 50......걍 마우스 기능....됩니다....잘됩니다....단지 그
81062060,https://prod.danawa.com/info/?pcode=81062060&cate=112787,Samudgate 핑거 무선,,46560,D_metadata_only,,,,77,,,,,,,,무선,,,Y,,N,오른손잡이용,,,,,N,,N,,N,,,
16221932,https://prod.danawa.com/info/?pcode=16221932&cate=112787,로지텍 시그니처 M650 (정품),로지텍,47370,A_complete,101,107,,38,,,400,91,,,기계식,"유선,블루투스",,,Y,5,N,오른손잡이용,4.81,285,클릭감,,N,"화이트,핑크",Y,,N,,,"[긍정] 배송 매우 빠르게 왔고, 상품에 아무런 문제가 없습니다.휴대용, 사무용으로 사용하려고 구입했습니다. 로지텍 mx시리즈 제외하고 다른 모델들과 비교하면 그립감이 매우 좋고, 무한휠의 한종류라고 볼수있는 스마트휠이 탑재되어 있어서 사무용으로 좋습니다. 클릭음도 거의 무음이라 조용한 환경에서도 사용가능 합니다. 로지볼트 수신기도 동봉되어 있는 점 또한 장점입니다"
74253743,https://prod.danawa.com/info/?pcode=74253743&cate=112787,8bitdo Retro R8 유무선 Xbox 에디션,8bitdo,47432,C_reviews_only,,115,,39.4,,PAW-3395,,115,,,기계식,유선+무선,,,Y,,Y,오른손잡이용,5,2,,,N,,N,칼화,Y,,,[긍정] 직구인데 5일? 만에 와서 놀랬네요 빠른배송좋구요제품도 만족스럽습니다
93385958,https://prod.danawa.com/info/?pcode=93385958&cate=112787,8bitdo Retro R8 유무선 N 에디션 (해외구매),8bitdo,47500,C_reviews_only,,115,,39.4,,PAW-3395,,,,,,유선,,,Y,,N,양손,4.57,7,"무선안정성,가성비",,N,,N,,N,,대칭형,"[긍정] 쿠폰으로 싸게 샀네요.추석연휴 전에 샀는데 추석으로 인해 배송은 많이 늦게 오긴 한거 같습니다.게임용이라 좌우 사이드 버튼이 있는 마우스를 선호해서 레이저 바이퍼 울티메이트를 무선2개, 유선1개를 가지고 있는데, 유사한 좌우대칭형에 양쪽 사이드가 있어 구입해봤습니다.바이퍼 무선마우스보다 조금 더 무겁고 등이 더 높아서 첫날이라 적응이 아직 안되긴 했는데, "
2317225,https://prod.danawa.com/info/?pcode=2317225&cate=112787,Microsoft Sculpt Ergonomic Mouse,Microsoft,47590,A_complete,,98.2,,98.2,,AA,,,,,기계식,"2.4GHz무선,블루투스",,,Y,,N,,3.85,34,"배터리,클릭감,손목편안함","반품 방법에 대한 안내가 미비해서 신청을 못 했어요. 제품을 받아보니 리퍼브 상품인지 포장이 불량하고, 완전 방전된 배터리가 끼어져 있어요. 누군가 반품한 상품인 듯합니다. 배터리,사자마자 하루만에 휠 상하버튼이 고장 나네요 ㅜㅜ 정말 내구성은 최악인듯. 버리긴 아까워 스케이트 덥게 부분만 쓰고 버림. 다른 사이트도 알아보니 단종으로 대부분 중국산 박스제품이,3/11 결제해서 3/18 오늘 받았어요해외 배송이니 배송은 그렇다 쳐도방금 막 박스에서 꺼낸 새상품이누가 쓴거처럼 군데군데 기스 나있고....바닥 부분도 하얗게 뭐가 껴서 새상품",N,,Y,,Y,,에르고,"[긍정] 10년 넘게 사용해온 마우스 입니다. 이번에 고장난 마우스는 3년 보증기간이 지나서 AS를 받을 수가 없었습니다. 확실히 오래된 모델이라 무소음도 아니고 블루트랙 라이트 등 구세대 기술이 사용된 마우스 이지만 손목에 무리를 주지 않는 형태가 손에 익어 도저히 다른 마우스를 사용하기가 곤란하여 구매할 수 밖에는 없었습니다. 아무리 검색해봐도 이만한 마우스는  [부정] 반품 방법에 대한 안내가 미비해서 신청을 못 했어요. 제품을 받아보니 리퍼브 상품인지 포장이 불량하고, 완전 방전된 배터리가 끼어져 있어요. 누군가 반품한 상품인 듯합니다. 배터리 바꿔 켜보니, 중앙 마우스 휠이 불량입니다. 반품 신청하려니 반품할 주소도 안내가 없어요. 1점도 아깝습니다. 어쩐지 싸다했더니ㅜㅜ"
81061592,https://prod.danawa.com/info/?pcode=81061592&cate=112787,JOMAA 버티컬 무선,,47790,D_metadata_only,,,,,,,,,,,,,,,Y,,Y,,,,,,N,,N,,N,,에르고,
14241032,https://prod.danawa.com/info/?pcode=14241032&cate=112787,ASUS MW203 무선 마우스,ASUS,47900,D_metadata_only,,105.65,,40.61,,,,,,,기계식,무선,,,N,,N,,,,,,N,,Y,,N,,,
98185598,https://prod.danawa.com/info/?pcode=98185598&cate=112787,ATK A9 ULTRA MAX 유무선,ATK,48130,C_reviews_only,,125,,40,,PAW-3395Ultra,,3395,,,기계식,유선,,,Y,,N,오른손잡이용,4.72,18,"경량,디자인,가성비",,N,,N,,N,,,[긍정] 구매후 가격이 더 떨어졌지만 지마켓 제공 기간한정 이천원 쿠폰때문에 취고하지 않고 기다려 오늘 수령했네요...ALUA V9+ 울트라(레드) 쓰지만 크기 디자인은 도찐개찐이네요...
70614938,https://prod.danawa.com/info/?pcode=70614938&cate=112787,MCHOSE A7 유무선,MCHOSE,48312,D_metadata_only,56,,,,,PAW-3395,26000,26000,,,기계식,유선+무선,,,,,N,,,,,,N,,N,옴론,Y,,,
12544676,https://prod.danawa.com/info/?pcode=12544676&cate=112787,QSENN AULA H512 RGB 게이밍 마우스,QSENN,48350,D_metadata_only,,124,,43,,,,43,,,,유선,,,,,Y,오른손잡이용,,1,,,Y,,N,,N,,,
28923323,https://prod.danawa.com/info/?pcode=28923323&cate=112787,VGN F1 MOBA 유무선,VGN,48450,C_reviews_only,,121.2,,37.6,,PAW-3395,,3395,,4000,,유선,,,Y,4,N,오른손잡이용,4.63,78,"경량,에임정확도,배터리","흰색 시켰는데 한달만에 검은색 옴환불이나 교환은 또 한달걸리고 그냥 여기서 사는게 바보임제발 다른데서 사세요,11월7일 주문 12월1일 수령배송 느린거 못 참는분들여기서 사면 기다리다 지칠겁니다..",N,,N,,N,,,"[긍정] 이 가격에? 이걸? 하는 느낌 받는 상품. 지인짜 가볍다. 손목에 무리가 1도 안갈꺼 같은 느낌. 감도는 프로그램은 안깔았고 마우스 자체감도 조절은 4단계. 느린감도를 쓰는데 1을 쓰면 느리고 2를 쓰면 빠르다. 음. 그래서 일단 봉인. 실사용 한시간 정도 해봤는데, 진짜 가벼워서 무리가 하나도 안됨.4k수신기 없이도 반응이 빠르다. FPS 아니면 없어도  [부정] 흰색 시켰는데 한달만에 검은색 옴환불이나 교환은 또 한달걸리고 그냥 여기서 사는게 바보임제발 다른데서 사세요"
28132025,https://prod.danawa.com/info/?pcode=28132025&cate=112787,이지드로잉 지니,,48900,D_metadata_only,,,,,,,,8192,,,,,,,,,N,,,,,,N,,N,,N,,,
17976584,https://prod.danawa.com/info/?pcode=17976584&cate=112787,MOUNTAIN MAKALU 67,MOUNTAIN,49000,B_detail_only,67,127,,42.2,PTFE,---,19000,400,50,1000,기계식,유선,1000,,,4,Y,오른손잡이용,,,,,Y,,N,옴론,Y,"팜그립,클로그립",에르고,
79113110,https://prod.danawa.com/info/?pcode=79113110&cate=112787,레노버 Go 무선,레노버,49000,D_metadata_only,97,,,63,,,,,,,기계식,,,,N,,N,,,,,,N,,N,,N,,,
28187960,https://prod.danawa.com/info/?pcode=28187960&cate=112787,레노버 Go USB-C 무선,레노버,49000,D_metadata_only,,101,,34,,,,34,,,,무선,,USB-C,Y,,N,,,,,,N,,N,,Y,,,
12408881,https://prod.danawa.com/info/?pcode=12408881&cate=112787,CORSAIR KATAR PRO WIRELESS,CORSAIR,49571,A_complete,96,115.8,,37.8,,10,10000,,,1000,기계식,"2.4GHz무선,블루투스",1000,,Y,6,Y,오른손잡이용,4.5,4,"무선안정성,가성비",,Y,,N,,N,"클로그립,핑거그립",대칭형,[긍정] 배송이 빠르고 포장이 꼼꼼히 되어있어서 좋았습니다. 마우스 성능은 기대한거 이상이로 나와서 좋은 것 같습니다. 무선게이밍 마우스 입문하시려는 분은 한번 고민해봐도 좋을 것 같습니다
15707876,https://prod.danawa.com/info/?pcode=15707876&cate=112787,스틸시리즈 PRIME Mini,스틸시리즈,49840,D_metadata_only,61,120.3,,,,TrueMove Pro,,61,,,,유선,,,,,Y,오른손잡이용,,1,,,N,,N,,N,,,
101956004,https://prod.danawa.com/info/?pcode=101956004&cate=112787,MCHOSE L7 Ultra Plus 유무선,MCHOSE,49900,D_metadata_only,,119.6,,38.1,,PAW-3950,,38,,8000,기계식,유선,,,Y,,N,오른손잡이용,,,,,N,,N,,Y,,,
104949395,https://prod.danawa.com/info/?pcode=104949395&cate=112787,로이체 RX-860VD 무선,로이체,49900,D_metadata_only,,118,,,,PAW-3212,,51,,,,무선,,,Y,,N,오른손잡이용,,,,,N,,N,,N,,,
101072420,https://prod.danawa.com/info/?pcode=101072420&cate=112787,VGN Y2 Master 유무선,VGN,49950,D_metadata_only,,119,,39.4,,PAW-3395,,39,50,,기계식,유선,,,Y,,N,오른손잡이용,,,,,N,,N,,N,,,
28922759,https://prod.danawa.com/info/?pcode=28922759&cate=112787,VGN F1 PRO MAX 유무선,VGN,49960,C_reviews_only,,121.2,,37.6,,PAW-3395,,3395,,4000,,유선,,,Y,,Y,오른손잡이용,4.86,22,"경량,배터리,무선안정성",,N,,N,,N,,,"[긍정] 배송은 조금 답답했지만 그래도 평일기준 10일 지켜서 왔고, 제품이 매우 좋습니다.손가락과 손바닥 닿는 부분에 붙이는 스티커가 같이 와서 붙이니까 더 폭신하며 그립감이 좋아요.위생 관리도 편할 것 같고, 바닥면에 붙이는 스티커도 있어서 닳아도 스티커만 갈면 되니까 너무 좋네요.이번에 데스크탑이랑 주변 기기까지 싹 다 구매했는데게이밍 마우스를 처음 접했거든요"
77964029,https://prod.danawa.com/info/?pcode=77964029&cate=112787,Darmoshark GN1 유무선,Darmoshark,49980,D_metadata_only,40,128,,39,,PAW-3335,,3335,40,,기계식,유선,,,Y,,N,오른손잡이용,,,,,N,,N,,N,,,
96582092,https://prod.danawa.com/info/?pcode=96582092&cate=112787,VGN F2 Ultra+ 유무선 해외구매,VGN,50000,C_reviews_only,,,,38.3,,PAW-3950,,,,8000,기계식,유선,,,Y,,N,오른손잡이용,4.69,26,"배터리,클릭감",,N,,N,옴론,Y,,,"[긍정] 로지텍 G102 오래 쓰다가 더블 클릭 문제, 휠 문제 등등 더 이상 버틸 수 없게 되어 주문했습니다프로게이머가 아니라 엄청난 스펙은 필요 없지만 옴론 광축이라 더블클릭 같은 문제는 없다길래 골랐습니다이틀 정도 사용해 본 감상은1. 가볍다.2. 반응이 빠르다. 정도 입니다. 기존에 쓰던 마우스 대비 무게감에 엄청난 차이가 느껴집니다. 크기는 평균 성인 남성"
76873337,https://prod.danawa.com/info/?pcode=76873337&cate=112787,DELUX M618XSD 무선,DELUX,50860,D_metadata_only,,166,,82,,,,166,,,기계식,무선,,,Y,,Y,,,,,,N,,N,,Y,,,
18992411,https://prod.danawa.com/info/?pcode=18992411&cate=112787,로지텍 M325s 무선 (정품),로지텍,51472,B_detail_only,93,,,95,,,1000,,,,,2.4GHz무선,,,Y,5,N,,,,,,N,,N,,N,,,
103177400,https://prod.danawa.com/info/?pcode=103177400&cate=112787,ATK U2 V2 Mini,ATK,51500,C_reviews_only,,119.5,,38.5,,PAW-3950,,3950,,8000,,유선,,,Y,,N,오른손잡이용,4.75,4,,,N,,N,,N,,,"[긍정] 빠른 배송 감사합니다. 제품 문제 없고 실사용 전인데 가볍고 너무 좋네요. 비누 마우스에서 갈아탄건데 더 가볍네요. 색감도 이쁩니다. 지슈라2c 쉘 찾다가 산건데, 그립감은 손 전체가 착 감기고 엉덩이 손바닥에 닿는거 좋아하시면 만족하실듯요."
103177391,https://prod.danawa.com/info/?pcode=103177391&cate=112787,ATK U2 V2 Ultimate,ATK,51500,C_reviews_only,,123.7,,39.1,,PAW-3950 Ultra,,20000,,,,,,,Y,,N,,4.75,4,,,N,,N,,N,,,"[긍정] 빠른 배송 감사합니다. 제품 문제 없고 실사용 전인데 가볍고 너무 좋네요. 비누 마우스에서 갈아탄건데 더 가볍네요. 색감도 이쁩니다. 지슈라2c 쉘 찾다가 산건데, 그립감은 손 전체가 착 감기고 엉덩이 손바닥에 닿는거 좋아하시면 만족하실듯요."
102489638,https://prod.danawa.com/info/?pcode=102489638&cate=112787,AULA X9 MAX 유무선,AULA,51500,D_metadata_only,,120,,38,,PAW-3395,,,,,기계식,유선,,,Y,,N,오른손잡이용,,,,,N,,N,옴론,Y,,,
17360603,https://prod.danawa.com/info/?pcode=17360603&cate=112787,TG삼보 TG-MV301A 무선 버티컬 마우스,TG삼보,51900,B_detail_only,150,166,,97,PTFE,PAW-3212,4000,3212,,,기계식,"2.4GHz무선,블루투스",50,USB-C,Y,2,Y,오른손잡이용,,,,,Y,,N,,Y,,에르고,
43527296,https://prod.danawa.com/info/?pcode=43527296&cate=112787,NZXT LIFT 2 ERGO,NZXT,51990,B_detail_only,61,128.4,,41.4,PTFE,"128.4mm
-",26000,650,50,8000,광학,유선,,,,4,N,오른손잡이용,,,,,Y,,N,,N,팜그립,에르고,
67622513,https://prod.danawa.com/info/?pcode=67622513&cate=112787,엘레컴 M-XT4DRBK 왼손전용 무선,엘레컴,52500,C_reviews_only,,,,,,,,,,,,,,,,,N,왼손잡이용,3,1,,,N,,N,,Y,,,
99288896,https://prod.danawa.com/info/?pcode=99288896&cate=112787,COX Z1 OLED 디스플레이 3모드 게이밍 유무선,COX,52900,A_complete,127,121,,40,PTFE,121mm,36000,650,50,8000,광학,"유선,2.4GHz무선,블루투스",1000,USB-C,Y,7,Y,오른손잡이용,5,9,,,Y,,N,후아노,Y,"팜그립,클로그립,핑거그립",,[긍정] 아들 게임용으로 구매했습니다.이전에 사용하던 마우스보다 편하다고 하네요.마우스 자체에 off있어서 좋아요
72675815,https://prod.danawa.com/info/?pcode=72675815&cate=112787,앱코 APM02 저소음 3MODE 무선,앱코,53040,B_detail_only,69,114,,25,,,,,,125,기계식,"2.4GHz무선,블루투스",125,USB-C,Y,,Y,오른손잡이용,,,,,Y,"레드,블루,그린",Y,,Y,,,
91116191,https://prod.danawa.com/info/?pcode=91116191&cate=112787,스틸시리즈 Rival 3 Gen2,스틸시리즈,53250,B_detail_only,35,120.6,,38,PTFE,,500,300,35,1000,기계식,유선,,,,,Y,,,1,,,Y,,N,steelseries,Y,,대칭형,
64390661,https://prod.danawa.com/info/?pcode=64390661&cate=112787,CORSAIR M55 무선 게이밍,CORSAIR,53770,B_detail_only,59,118,,38,PTFE,PAW3311,24000,300,35,1000,기계식,"유선,2.4GHz무선,블루투스",1000,,Y,6,Y,양손,,19,,,N,,N,,Y,,대칭형,
89534867,https://prod.danawa.com/info/?pcode=89534867&cate=112787,지클릭커 슈퍼히어로 OP200 르캄프 MASTER 8K 무선,지클릭커,54800,B_detail_only,40,120,,38,UPE,PAW3395,26000,650,50,8000,기계식,"유선,2.4GHz무선,블루투스",1000,USB-C,Y,6,Y,오른손잡이용,,1,,,Y,,N,,N,,대칭형,
72419264,https://prod.danawa.com/info/?pcode=72419264&cate=112787,MSI VERSA 300 ELITE WIRELESS 유무선,MSI,54890,B_detail_only,65,125,,41,PTFE,PAW3395DM,26000,,,1000,광학,"유선,2.4GHz무선,블루투스",1000,USB-C,Y,,Y,오른손잡이용,,5,,,Y,,N,옴론,N,"팜그립,클로그립,핑거그립","대칭형,에르고",
27882881,https://prod.danawa.com/info/?pcode=27882881&cate=112787,HP 920 인체공학 버티컬 무선 블루투스,HP,54890,C_reviews_only,,121,,77,,,,77,,,기계식,"유선,블루투스",,USB-C,Y,,N,,4.25,4,디자인,,N,블루,N,,Y,,에르고,"[긍정] 처음에 USB-C 포트가 마우스 본체에 있어서 유선도 가능한 줄 알았는데, 제품 내에 동봉된 선으로 컴퓨터와 연결하는 건 충전을 위한 것이었고 마우스 인식이 되는 건 아니었습니다. 마우스를 컴퓨터에 연결하려면 이 마우스의 동글을 컴퓨터의 USB-A 포트에 끼우거나 블루투스 연결이 필요했고, 사용하려는 컴퓨터에 블루투스가 없었기 때문에 동글을 이용해 사용할 "
36834509,https://prod.danawa.com/info/?pcode=36834509&cate=112787,ROYCHE RX-900S 무선,ROYCHE,54900,C_reviews_only,,120,,85,,,,85,,,,무선,,,Y,,N,,4.6,25,"무선안정성,가성비",,N,,N,,N,,에르고,"[긍정] MX Master의 염가판입니다.성능 자체는 MX Master에 비해 부족한 부문이 많지만,세미 버티컬의 편아함, 좌우 스크롤/무한 스크롤 지원 등등 기본은 잘 갖춰져 있고.MX Master의 절반 정도의 가격을 가지고 있습니다.가성비 원하는 분들께 추천 합니다."
19507505,https://prod.danawa.com/info/?pcode=19507505&cate=112787,LG전자 AFP73948404 무선,LG전자,55250,D_metadata_only,,104,,29,,,,,,,,무선,,,,,N,,,,,,N,,N,,N,,,
80504405,https://prod.danawa.com/info/?pcode=80504405&cate=112787,DELUX M800 PRO 유무선,DELUX,55260,D_metadata_only,,124,,38,,PAW-3370,,3370,,1000,기계식,유선,,,Y,,N,오른손잡이용,,,,,N,,N,칼화,Y,,,
93863108,https://prod.danawa.com/info/?pcode=93863108&cate=112787,힐링쉴드 와콤 신티크 24 DTK246 액정보호필름,힐링쉴드,55320,D_metadata_only,,,,,,,,,,,,,,,,,N,,,,,,N,,N,,N,,,
98226740,https://prod.danawa.com/info/?pcode=98226740&cate=112787,ATTACK SHARK R11 ULTRA 유무선,ATTACK SHARK,55500,D_metadata_only,,124,,38,,PAW-3950MAX,,38,,,기계식,유선,,,Y,,N,오른손잡이용,,,,,N,,N,,N,,,
28442183,https://prod.danawa.com/info/?pcode=28442183&cate=112787,ZAOPIN Z1 PRO 유무선,,56430,C_reviews_only,,110,,38.5,,PAW-3395,,,,,기계식,,,,Y,,N,오른손잡이용,3.75,4,배터리,"9월 1일 구매, 9월 13일 수령+구성품 누락 문의, 10월 2일까지 처리 못 받음.ABC가 없다고 문의 보내면 며칠 뒤에 고객님 A만 없으신가요 답변 오기를 3차례, 이제 문의",N,,N,후아노,N,,,"[긍정] 오래걸렸지만 저같이 손작은 사람에게 딱맞아요 대만족 [부정] 9월 1일 구매, 9월 13일 수령+구성품 누락 문의, 10월 2일까지 처리 못 받음.ABC가 없다고 문의 보내면 며칠 뒤에 고객님 A만 없으신가요 답변 오기를 3차례, 이제 문의를 아예 씹는 중.무려 수신기가 누락돼서 배송받은 지 3주가 다 되어가지만 사용도 못 해봄. 5만 원 주고 마우스 피규어 삼."
20678999,https://prod.danawa.com/info/?pcode=20678999&cate=112787,HyperX PulseFire Haste 2,HyperX,57000,C_reviews_only,50,,,,,,,10,50,,기계식,유선,,,,,Y,오른손잡이용,5,1,,,N,,N,,N,,,[긍정] 아주좋습니다 고장나지말길
18369827,https://prod.danawa.com/info/?pcode=18369827&cate=112787,ASUS ROG STRIX IMPACT III,ASUS,58000,B_detail_only,59,126,,39,PTFE,,12000,300,35,1000,광학,유선,,,,4,Y,오른손잡이용,,1,,,Y,,N,,Y,"클로그립,핑거그립",에르고,
99289454,https://prod.danawa.com/info/?pcode=99289454&cate=112787,MCHOSE G7 Max 유무선,MCHOSE,58200,D_metadata_only,,129.4,,41.1,,PAW-3395,,129,,,HUANO 스위치,유선,,,Y,,N,오른손잡이용,,,,,N,,N,,N,,,
93863276,https://prod.danawa.com/info/?pcode=93863276&cate=112787,힐링쉴드 와콤 신티크 24 터치 DTH246 액정보호필름,힐링쉴드,58320,D_metadata_only,,,,,,,,,,,,,,,,,N,,,,,,N,,N,,N,,,
75076358,https://prod.danawa.com/info/?pcode=75076358&cate=112787,SPM GM10A 유무선,SPM,58900,A_complete,53,115,,37.8,PTFE,PIXART PAW3395,26000,650,50,8000,기계식,"유선,2.4GHz무선,블루투스",1000,USB-C,Y,5,Y,오른손잡이용,5,4,디자인,,N,,N,"후아노,TTC",N,핑거그립,대칭형,"[긍정] 고가의 마우스와 비교해도 뒤지지 않을 정도의 성능, 감도, 속도 다 좋습니다깔끔하고 아주 예뻐요고급져 보이지는 않지만 최근에 구입한 비싼 마우스와 견주어도 충분히 좋네요키보드와 깔맞춤하려 했는데 묘하게 어울리지 않아 선물로 줘야 할지도 모르겠어요물론 직접 사용하고픈 마음도 있구요"
106689032,https://prod.danawa.com/info/?pcode=106689032&cate=112787,VGN F2 Master 유무선,VGN,58900,C_reviews_only,50,122.4,,38.3,,PAW-3395 Extreme,,,50,,기계식,유선+무선,,,Y,,N,,5,1,,,N,,N,옴론,N,,,[긍정] 하루만에 배송오네요 제품은마감처리도 좋코 아주가볍네요 사용해보고 리뷰수정할깨요 사용설명서가 없는게 조금 아쉽네요
73948502,https://prod.danawa.com/info/?pcode=73948502&cate=112787,다얼유 A950 AIR 유무선,다얼유,59000,C_reviews_only,,119.5,,38,,PAW-3950,,950,,8000,기계식,유선+무선,,,Y,,Y,오른손잡이용,5,2,가성비,,N,,N,후아노,Y,,,[긍정] 객관적으로 이가격에서 겨루는 정발 제품은 싸이록스v6 말고는 없음 근데 독까지 준다 걍 이거 구매해라
94999919,https://prod.danawa.com/info/?pcode=94999919&cate=112787,제닉스 TITAN GT 8K 유무선,제닉스,59000,A_complete,59,118.4,69.4,39,PTFE,PAW 3395,26000,650,50,8000,기계식,"유선,2.4GHz무선,블루투스",90,USB-C,Y,,Y,오른손잡이용,3,1,,,N,,N,"후아노,TTC,칼화",N,"팜그립,클로그립,핑거그립",비대칭,[긍정] 좋네요ㅇㅇ
16947200,https://prod.danawa.com/info/?pcode=16947200&cate=112787,TG앤컴퍼니 TG&co TG-MV501A 무선 블루투스 버티컬 마우스,TG앤컴퍼니,59000,C_reviews_only,,166,,82,,PAW-3212,,82,,,기계식,"유선,블루투스",,,Y,,Y,오른손잡이용,5,2,,,N,블루,N,,Y,,에르고,[긍정] 외부실링에 뜯은자국 있었지만 내부 실링에는 문제없네요.기존에 이 제품을 2개 사용중인데 너무 좋아서 선물용으로 3개 더 구매했습니다.
14187815,https://prod.danawa.com/info/?pcode=14187815&cate=112787,Razer Viper,Razer,59790,D_metadata_only,,127,,38,,,,127,,1000,,유선,,,,,Y,오른손잡이용,,,,,N,,N,Razer,N,,,
96709514,https://prod.danawa.com/info/?pcode=96709514&cate=112787,ProtoArc EM01 무선,,59840,D_metadata_only,,,,,,,,,,,무소음 스위치,,,,Y,,N,,,,,,N,,N,,N,,,
15721307,https://prod.danawa.com/info/?pcode=15721307&cate=112787,Razer DeathAdder V2 X HyperSpeed,Razer,59900,A_complete,82,127,,42,PTFE,RAZER FOCUS,20000,1000,,1000,광학,"유선,블루투스",1000,,Y,8,Y,오른손잡이용,4.83,69,"배터리,클릭감",,Y,,N,Razer,Y,,"대칭형,에르고","[긍정] 수년전에 데스에더 유선 모델을 사용해보고 오랜만에 다시 데스에더를 구매했네요 잠깐 사용해봤는데, 그립감은 여전히 좋고, 클릭감은 개인적으로 생각했던 것보다 가볍네요 2.4G 연결했는데, 한번 잠깐 끊긴 현상이 있네요 일시적인 현상이길 바라고요 오래 사용할 수 있으면 좋겠네요"
23657219,https://prod.danawa.com/info/?pcode=23657219&cate=112787,Darmoshark N3 유무선 게이밍,Darmoshark,59900,D_metadata_only,,120,,40,,PMW-3395,,,,1000,,유선,1000,,Y,,N,오른손잡이용,,,,,N,,N,,Y,,,
7702471,https://prod.danawa.com/info/?pcode=7702471&cate=112787,로지텍 M510,로지텍,59900,D_metadata_only,,,,,,,,,,,기계식,무선,,,N,,N,,,,,,N,,N,,N,,,
67622261,https://prod.danawa.com/info/?pcode=67622261&cate=112787,엘레컴 M-XT4DRBK 무선,엘레컴,59920,C_reviews_only,,,,,,,,,,,기계식,,,,,,N,,5,2,,,N,,N,,N,,,[긍정] 25년 째 트랙볼만 쓰고 있습니다. 18년 쓰던 마이크로 소프트 트랙볼과 작별 이후 이것 저겄 써 봤는데...elecom 트랙볼이 가장 손에 맞네요
15753089,https://prod.danawa.com/info/?pcode=15753089&cate=112787,GAOMON M10K (해외구매),GAOMON,60290,D_metadata_only,,,,,,,,8192,,,,,,,,,N,,,,,,N,,N,,Y,,,
80569784,https://prod.danawa.com/info/?pcode=80569784&cate=112787,Razer Cobra Minecraft Edition,Razer,61000,C_reviews_only,,119.6,,38.1,,,,1000,,1000,광학,유선,1000,,,,Y,오른손잡이용,4.25,4,,,N,,N,Razer광학,N,,,[긍정] 화요일에 주문해 목요일에 받았습니다.택배 박스 아래 위로 네모지고 큰 에어캡이 놓여져 있어 제품 박스가 찌그러진 데 없이 잘 받았습니다.선물할 거라 개봉해서 제품의 상태를 확인할 수는 없지만 케이스의 색상이 참 고급스럽게 예쁘면서 재질의 촉감 마저 좋아 받는 사람도 아주 만족스러워할 것 같습니다..월말에 선물할 건데 부디 제품 성능에 이상이 없길 바랍니다.
93444050,https://prod.danawa.com/info/?pcode=93444050&cate=112787,VGN Y2 Ultra 유무선 해외구매,VGN,61000,D_metadata_only,,119,,39.4,,PAW-3950,,39,,,기계식,유선+무선,,,Y,,N,,,,,,N,,N,옴론,N,,,
30139895,https://prod.danawa.com/info/?pcode=30139895&cate=112787,Pulsar X2A 미디움 무선,Pulsar,61000,D_metadata_only,,120.4,,38,,PMW-3395,,38,50,,기계식,무선,,,Y,,N,오른손잡이용,,,,,N,,N,,N,,,
96709367,https://prod.danawa.com/info/?pcode=96709367&cate=112787,ProtoArc EM05 무선,,61050,D_metadata_only,,,,,,,,,,,무소음 스위치,,,,,,N,,,,,,N,,N,,N,,,
53418992,https://prod.danawa.com/info/?pcode=53418992&cate=112787,ATK X1 PRO,ATK,61430,D_metadata_only,,127,,40,,PAW-3950,,,,8000,기계식,유선,,,Y,,N,오른손잡이용,,,,,N,,N,,N,,,
72913928,https://prod.danawa.com/info/?pcode=72913928&cate=112787,ZAOPIN Z1 PRO MAX 유무선,,61430,C_reviews_only,,122.5,,42.4,,PAW-3950,,3950,,8000,,유선,,,Y,,N,오른손잡이용,4.69,26,"클릭감,가성비",배송이 너무 오래 걸리네요. 한달정도 걸린거 같네요.,N,,N,,N,,,"[긍정] 교체 한 그립테이프-펄X 슈퍼그립교체 한 마우스 피트-울X라브레이크 울트라브레이크 피트 미쳤네요... 쉘이 너무나 제 손에 편한히 쏙 들어옵니다. 다만 기본제공되는 그립테이프/피트 VGN시절부터 이어지는 ATK사의 전통적인 특으로 퀄이 애매합니다. 엄지 파지부에 지슈라쉘의 장점인 살짝 볼록 튀어나온 지지대를 그립테이프로 만들어주고(이거 강추), 마우스 좌우 [부정] 배송이 너무 오래 걸리네요. 한달정도 걸린거 같네요."
37925672,https://prod.danawa.com/info/?pcode=37925672&cate=112787,MACHENIKE L8PRO 유무선,MACHENIKE,63600,C_reviews_only,,122,,39,,39mm,,,,,기계식,블루투스,,,Y,,Y,,5,1,,,N,,N,칼화,N,,,[긍정] 배송은 느린데 마우스는 좋습니다. 블루투스 되는 것 중에서 성능좋고 가볍고 무한휠 되요
93858884,https://prod.danawa.com/info/?pcode=93858884&cate=112787,AULA SC800 유무선,AULA,64790,D_metadata_only,,116.5,,38.7,,PAW-3395,,38,,8000,기계식,유선,,,Y,,N,오른손잡이용,,,,,N,,N,,Y,,,
97564598,https://prod.danawa.com/info/?pcode=97564598&cate=112787,8bitdo Retro R8 유무선 N 에디션,8bitdo,64850,C_reviews_only,,115,,39.4,,PMW-3395,,,,,기계식,유선,,,,,N,오른손잡이용,5,2,"손목편안함,디자인",,N,,N,,N,,에르고,[긍정] 만족합니다 빠른 배송과 레트로한 디자인에 많은 부가 버튼들 그리고 여러 기능들 까지 인체공학적인 디자인은 아니지만 이정도면 실용적이네요
104750435,https://prod.danawa.com/info/?pcode=104750435&cate=112787,VGN F2 Ultra+ 유무선,VGN,64860,D_metadata_only,,122.4,,38.3,,PAW-3950,,,,8000,기계식,유선,,,Y,,N,오른손잡이용,,,,,N,,N,,N,,,
12737462,https://prod.danawa.com/info/?pcode=12737462&cate=112787,Microsoft Bluetooth Ergonomic Mouse,Microsoft,64900,B_detail_only,90,118.2,,42.4,,,,42,,,,"유선,2.4GHz무선,블루투스",10,,Y,2,N,,,3,,,N,블루,N,,N,,에르고,
95986007,https://prod.danawa.com/info/?pcode=95986007&cate=112787,ATK U2 Ultra 유무선,ATK,65060,D_metadata_only,,123.7,,39.1,,PAW-3950,,39,,,기계식,유선+무선,,,Y,,N,,,,,,N,,N,후아노,N,,,
13151805,https://prod.danawa.com/info/?pcode=13151805&cate=112787,쿨러마스터 MM711,쿨러마스터,65100,D_metadata_only,,116.5,,38.3,,PMW-3389,,116,,1000,기계식,유선,,,,,N,오른손잡이용,,,,,N,,N,,N,,,
14288264,https://prod.danawa.com/info/?pcode=14288264&cate=112787,Razer Orochi V2,Razer,65390,D_metadata_only,,108,,38,,108mm,,,40,,기계식,2.4GHz무선,,,N,,N,오른손잡이용,,,,,N,,N,Razer,Y,,,
102489653,https://prod.danawa.com/info/?pcode=102489653&cate=112787,AULA X9 ULTRA 유무선,AULA,65420,D_metadata_only,,120,,38,,PAW-3950,,,,,기계식,유선+무선,,,Y,,N,,,,,,N,,N,옴론,N,,,
99289535,https://prod.danawa.com/info/?pcode=99289535&cate=112787,ATK A9 ULTIMATE 유무선 해외구매,ATK,65450,C_reviews_only,,125,,40,,PAW-3950 Ultra,,125,,,,유선+무선,,,Y,4,N,,4.71,97,"경량,배터리,가성비","고장나서 문의했지만 대답없음.,배송 느림 취소도 안해줌",N,,N,,N,,,[긍정] 좋네요 부드럽고 손에도 잘맞음 기존 g304랑 비슷한.. dpi버튼이 아래에 있는데 4가지 모드고 윈도우 옵션셋팅 안해도 이것만으로도 간단히 자신에게 맞는 속도를 조절하기 좋음. 여분의 바닥 스티커말고 다른 스티커?는 용도가 어떻게 되는지 설명이없어 인터넷 찾아봐야할듯. 글구 단점이라기보단 좀 애매한데 그냥 일반 aa배터리나 aaa배터리를 사용해도 되지 않 [부정] 고장나서 문의했지만 대답없음.
7096894,https://prod.danawa.com/info/?pcode=7096894&cate=112787,CORSAIR HARPOON RGB WIRELESS,CORSAIR,65470,A_complete,99,115.5,68.3,40.4,PTFE,"115.5mm
-",10000,,,1000,기계식,"유선,2.4GHz무선,블루투스",1000,,Y,6,Y,오른손잡이용,4.19,16,손목편안함,"분명 블루투스 된다길래 아이패드에 쓸려고 샀는데 연결안됨환불은 호환성 문제는 당사에서 책임안진다고 환불해줄 생각도 없어보임 왜산건지 모르겠네...마우스는 질은 3만원도 못한걸 블루,아이패드는 연결조차 안대고컴퓨터,안드로이드폰은 반응속도느리고 끈낍니다연결도 엄청안대서 몇번씩해야합니다좌클릭할때 딸깍소리 굉장히 큽니다",Y,,N,옴론,N,"팜그립,클로그립",에르고,[긍정] 제가 작은 손인데(중지부터 손목까지 17cm정도) 클로그립이라 쓸만한 마우스가 별로 없어요. 그래서 찾던 중에 이 마우스가 작은 편이라고 해서 사봤는데 클로그립으로는 못쓸 거 같아요. 길이가 클로그립으로는 못쓰고 팜그립으로는 딱맞고 그러네요. 더 짧은 거로 알아봐야 겠어요. 그리고 이 마우스 소프트 웨어 깔고 dpi 200단위로 조정 가능한 것 같아요. 참 [부정] 분명 블루투스 된다길래 아이패드에 쓸려고 샀는데 연결안됨환불은 호환성 문제는 당사에서 책임안진다고 환불해줄 생각도 없어보임 왜산건지 모르겠네...마우스는 질은 3만원도 못한걸 블루투스라서 샀는데 괜히삼
7692241,https://prod.danawa.com/info/?pcode=7692241&cate=112787,로지텍 MX Anywhere 2S,로지텍,65970,C_reviews_only,,100.3,,34.4,,다크필드,,,,,기계식,무선,,,Y,,N,오른손잡이용,4.9,10,"에임정확도,배터리,클릭감",,N,,N,,N,,,[긍정] 배송 정확하게 왔고요. 사용감 좋습니다. 아직 옆 면의 클릭버튼 사용이 서툴지만. 그냥 백 back되는 것만으로도 상당히 편하다는 생각이 듭니다. 충전식이라 배터리 갈아 끼울 필요도 없고. 좋습니다.
97903760,https://prod.danawa.com/info/?pcode=97903760&cate=112787,앱코 H140R 4K-R 미니 유무선 게이밍 중고,앱코,66430,D_metadata_only,,115,,35.7,,115mm,,,,4000,기계식,유선+무선,,,Y,,N,오른손잡이용,,,,,N,,N,후아노,N,,,
99288497,https://prod.danawa.com/info/?pcode=99288497&cate=112787,ATK Z1 PRO MAX 유무선,ATK,66880,D_metadata_only,,122.5,,42.4,,PAW-3950,,,,,,,,,Y,,N,,,,,,N,,N,,N,,,
91766600,https://prod.danawa.com/info/?pcode=91766600&cate=112787,COUGAR AIRBLADER TOURNAMENT,COUGAR,67000,D_metadata_only,,117,,37.8,,117mm,,,,2000,기계식,유선,,,,,N,오른손잡이용,,,,,N,,N,,N,,,
96709577,https://prod.danawa.com/info/?pcode=96709577&cate=112787,ProtoArc EM13 무선,,67000,D_metadata_only,,,,,,,,,,,,무선,,,Y,,N,,,,,,N,,N,,N,,,
15166589,https://prod.danawa.com/info/?pcode=15166589&cate=112787,로지텍 G703 HERO WIRELESS,로지텍,67790,A_complete,85,124,,43,UPE,124mm,1000,100,,1000,기계식,"유선,2.4GHz무선,블루투스",1000,,Y,5,Y,오른손잡이용,5,3,무선안정성,,Y,,N,,N,,,[긍정] 구성품 전부 잘 도착했고 그립감 좋아요. 무선 사용도 잘 됩니다.
78611159,https://prod.danawa.com/info/?pcode=78611159&cate=112787,ATK A9 ULTRA 유무선 해외구매,ATK,67970,C_reviews_only,,125,,40,,PAW-3950ULTRA,,125,,8000,기계식,유선+무선,,,Y,,N,오른손잡이용,4.8,25,,제품 자체의 성능은 좋은데요 배송때문에 별점은 높게 못드리겠네요이 판매자 제품은 믿고 거르세요재고 없이 주문만 받아놓고 배송은 몇번을 미루는지블랙 주문해서 다행이지 핑크 주문하신 ,N,,N,옴론,N,,,"[긍정] 그동안 무거운 마우스가 취향이라고 쓰던 친구녀석이요즘 마우스 무거운거 같은데 파워플레이 포기를 못하겠어서 고민하고 있는 모습을 보고 하난 사용하고 하난 충전하는 식으로 교대로 사용하게 하기위해 흰색,하얀색 샀습니다.매우 만족하네요 ㅋㅋ [부정] 제품 자체의 성능은 좋은데요 배송때문에 별점은 높게 못드리겠네요이 판매자 제품은 믿고 거르세요재고 없이 주문만 받아놓고 배송은 몇번을 미루는지블랙 주문해서 다행이지 핑크 주문하신 분들은 한달 반 기다리고 주문 취소 됐다네요"
8176222,https://prod.danawa.com/info/?pcode=8176222&cate=112787,CORSAIR M55 RGB PRO,CORSAIR,68890,B_detail_only,86,124,68,40,PTFE,124mm,12400,3327,,1000,광학,유선,1000,,,8,Y,양손,,,,,Y,,N,옴론,Y,,대칭형,
106688993,https://prod.danawa.com/info/?pcode=106688993&cate=112787,VGN F2 Master+ 유무선,VGN,68900,D_metadata_only,50,122.4,,38.3,,PAW-3950,,,50,,기계식,유선+무선,,,Y,,N,,,,,,N,,N,칼화,N,,,
33988874,https://prod.danawa.com/info/?pcode=33988874&cate=112787,몬스타 가츠 익스트림엑스 M4K 8K 유무선,몬스타,68990,D_metadata_only,,122.7,,37.8,,PAW-3395,,,,8000,기계식,유선,,,Y,,N,오른손잡이용,,1,,,N,,N,,Y,,,
19663817,https://prod.danawa.com/info/?pcode=19663817&cate=112787,한성컴퓨터 VM330 OfficeMaster OLED 유무선,한성컴퓨터,69390,D_metadata_only,,87.6,,87.6,,PAW-3212,,1000,,1000,기계식,유선+무선,1000,,Y,,N,,,4,,,N,,N,칼화,N,,,
93444149,https://prod.danawa.com/info/?pcode=93444149&cate=112787,VGN Y2 Ultra+ 유무선 해외구매,VGN,69450,C_reviews_only,,119,,39.4,,PAW-3950,,,,,기계식,,,,Y,,N,오른손잡이용,5,1,,,N,,N,옴론,N,,,[긍정] 빠른배송 감사합니다겁나빨리왔네요
13616738,https://prod.danawa.com/info/?pcode=13616738&cate=112787,ASUS ROG KERIS,ASUS,69500,B_detail_only,62,116,,39,PTFE,PMW3389 Optical Sensor,16000,400,50,1000,광학,"유선,2.4GHz무선,블루투스",1000,USB-C,,7,Y,오른손잡이용,,3,,,Y,,N,"옴론,TTC",N,"클로그립,핑거그립",에르고,
97309250,https://prod.danawa.com/info/?pcode=97309250&cate=112787,발키리 VK M1 PRO 유무선,발키리,69590,D_metadata_only,,119.5,,40,,PAW-3950,,40,,8000,기계식,유선,,,Y,,N,오른손잡이용,,,,,N,,N,,N,,,
101628779,https://prod.danawa.com/info/?pcode=101628779&cate=112787,ATK Y9 Ultimate 유무선,ATK,70170,C_reviews_only,,,,43.3,,PAW-3950,,,,8000,기계식,유선+무선,,,Y,,N,오른손잡이용,5,2,가성비,,N,,N,후아노,Y,,,[긍정] 양품으로 잘 받았습니다. 가성비 정말 좋다고 생각해요.
76338446,https://prod.danawa.com/info/?pcode=76338446&cate=112787,MACHENIKE L8 Max 유무선,MACHENIKE,70480,D_metadata_only,,128.7,,43.5,,PAW-3950,,128,,8000,,유선,,,Y,,N,오른손잡이용,,,,,N,,N,,N,,,
16420436,https://prod.danawa.com/info/?pcode=16420436&cate=112787,ASUS TUF M4 AIR,ASUS,70710,D_metadata_only,,126,,39.6,,,,39,,1000,,유선,,,,,N,오른손잡이용,,,,,N,,N,,N,,,
70768910,https://prod.danawa.com/info/?pcode=70768910&cate=112787,Scyrox V8 8K 유무선 해외구매,,71800,C_reviews_only,,118,,38,,PAW-3950,,3950,,8000,OMRON 스위치,유선,,,Y,,N,오른손잡이용,5,1,,,N,,N,,N,,,"[긍정] 확인해보니 yunzii 키보드를 구매했던 판매자였다. 배송은 많이 느리지만, 정직한 제품을 저렴하게 판매하는 멋진 大俠. 大哥"
65425895,https://prod.danawa.com/info/?pcode=65425895&cate=112787,Nulea M505B 무선,,72200,D_metadata_only,,,,,,,,,,,,,,,,,Y,,,,,,N,,N,,N,,,
122628683,https://prod.danawa.com/info/?pcode=122628683&cate=112787,HP 715 무선,HP,72890,D_metadata_only,,102.1,,36.2,,,,,,,기계식,무선,,,Y,,N,,,,,,N,,N,,N,,,
43526987,https://prod.danawa.com/info/?pcode=43526987&cate=112787,NZXT LIFT 2 SYMM,NZXT,73470,D_metadata_only,,126.8,,38.3,,"126.8mm
-",26000,,,8000,기계식,유선,,,,,N,오른손잡이용,,1,,,N,,N,,N,,,
8332941,https://prod.danawa.com/info/?pcode=8332941&cate=112787,로지텍 G403 HERO (정품),로지텍,73500,A_complete,87,124,72,43,UPE,HERO 16K,12000,400,40,1000,기계식,"유선,2.4GHz무선,블루투스",1000,,Y,8,Y,오른손잡이용,4.56,25,,택배상자 상태 실화인가유,Y,,N,,Y,,에르고,[긍정] 맥스틸 TRON G10 PRO Reborn 3330 RGB 게이밍 마우스2만원따리 쓰다가 3개 다 고장나서큰 마음먹고 로지텍으로 바꿨습니다마침 추석명절 할인까지 껴서 저렴하게 샀습니다.안그래도 손이 커서 큰 마우스 사야되는데 크기도 좋고게임할때도 편하고 그립감도 좋네요.잘샀습니다. 정품이라 2년as 보장이라고 했으니 소모품이지만 고장 없이 오랫동안 잘 이용 [부정] 택배상자 상태 실화인가유
8676998,https://prod.danawa.com/info/?pcode=8676998&cate=112787,글로리어스 MODEL O 마우스,글로리어스,73820,B_detail_only,50,128,,37.5,PTFE,Pixart 3360,12000,250,50,1000,기계식,유선,1000,,,,N,오른손잡이용,,,,,Y,,N,"옴론,후아노",N,,"허니컴,대칭형",
9558744,https://prod.danawa.com/info/?pcode=9558744&cate=112787,글로리어스 MODEL O- 마우스,글로리어스,73820,A_complete,58,120,,36,PTFE,PIXART 3360,12000,36,50,1000,기계식,유선,,USB-C,,6,Y,오른손잡이용,4.82,17,"경량,가성비",,Y,"블랙,화이트",N,옴론,Y,,"허니컴,대칭형",[긍정] 마우스가 바꿀때가 돼서 이걸로 샀는데 가격에 비해 성능이 너무나도 좋았습니다 불빛도 예쁘게 들어오고여 문제 있는 부분 도 1도 없었습니다. 드레그도 잘 되고여. 앞으로 게이밍 마우스는 이걸로 맞추겠습니다. 강추합니다
17874794,https://prod.danawa.com/info/?pcode=17874794&cate=112787,로지텍 G502 X (정품),로지텍,73830,A_complete,89,131.4,79.2,79.2,PTFE,HERO 25,600,131,40,1000,광학,"유선,2.4GHz무선",33,,Y,4,Y,오른손잡이용,4.83,294,"경량,클릭감",,Y,,N,LIGHTFORCE,Y,,,"[긍정] 제 인생마우스 G502 14년도 초기판과 비교해보면장점1) 전작처럼 마감과 재질이 좋네요.2) 경량화된게 너무 좋아요(168g->89g); 9년 전엔 육중해도 문제없었지만, 9년지나고 제 손에 맞는 모델이 가볍게 나와서 진짜 행복해요.단점1)좌우클릭소리가 팅팅팅 거슬리네요2)케이블 재질이 너프되었어요. 파라코드케이블은 해주셔야...3)무한휠 버튼을 비활성화"
25641167,https://prod.danawa.com/info/?pcode=25641167&cate=112787,Darmoshark M3 S 유무선,Darmoshark,74990,D_metadata_only,,122.7,,37.8,,PAW-3395,,,,2000,기계식,유선,,,Y,,N,오른손잡이용,,,,,N,,N,,N,,,
72914399,https://prod.danawa.com/info/?pcode=72914399&cate=112787,SCYROX V6 유무선,,75080,C_reviews_only,50,119,,40,,,,,50,,,무선,,,Y,,N,오른손잡이용,5,2,,,N,,N,,N,,,[긍정] 품질 정말 좋아요. 중국 상품 이잰 안심하고 구매해도 좋을 듯 하네요. 로지텍 같은 쓰레기는 잊어버려야겠습니다.
7003147,https://prod.danawa.com/info/?pcode=7003147&cate=112787,CORSAIR IRONCLAW RGB,CORSAIR,75630,A_complete,105,130,80,45,PTFE,130mm,18000,,,1000,광학,유선,1000,,,7,Y,,4.8,5,,,Y,,N,옴론,Y,팜그립,,"[긍정] 같은 C사에 더 좋은 모델이 나온 지금에 와서는 마우스계의 기성 품이 아닐까 싶습니다. 제가 이 마우스를 고른건 특유의 중량감. 아직까진 이렇게 안정감있는 마우스를 찾지 못했기에, 버튼 내구도는 아쉽지만 주로 에이밍이 중요한 게임을 할때 애용하고있습니다."
72914285,https://prod.danawa.com/info/?pcode=72914285&cate=112787,ATK X1 ULTIMATE,ATK,75990,C_reviews_only,,127,,40,,PAW-3950,,127,,8000,,유선+무선,,,Y,,N,,3.4,5,가성비,"작동은 잘 됩니다만, QC 만족도는 떨어집니다 딱 가격에 맞는 수준인 것 같네요 20만원대 레이저 바이퍼V3 쉘 카피 제품이라고 레이저 정품 품질 생각하지면 안되고요 가성비 대체재",N,,N,,Y,,,"[긍정] 해외직구제품이지만 포장 꼼꼼하게 물건 잘 받았고 제품도 문제없이 잘 사용하고 있습니다. 진짜 장난감 마우스마냥 가볍고 가성비 좋네요. 단점은 물건이 해외직구라 좀 걸린다는 점과 중국 소프트웨어라 번역기 써야되는 단점 말곤 괜찮은 제품 [부정] 작동은 잘 됩니다만, QC 만족도는 떨어집니다 딱 가격에 맞는 수준인 것 같네요 20만원대 레이저 바이퍼V3 쉘 카피 제품이라고 레이저 정품 품질 생각하지면 안되고요 가성비 대체재로써 사용하기엔 낫 베드 입니다."
12616082,https://prod.danawa.com/info/?pcode=12616082&cate=112787,ROCCAT BURST PRO,ROCCAT,76000,A_complete,66,120,,39,,PMW3381,,39,50,1000,광학,"유선,2.4GHz무선",,,,,Y,오른손잡이용,4.6,10,클릭감,,Y,,N,,N,,"대칭형,에르고",[긍정] 게이머로 무럭무럭 자라고 있는 울집 초딩 크리스마스 선물... 산타가 세상에서 제일 좋은 마우스를 갖다준 줄 알아요~ 너무 좋다네요~
95986025,https://prod.danawa.com/info/?pcode=95986025&cate=112787,ATK U2 Ultimate 유무선,ATK,76890,D_metadata_only,,123.7,,39.1,,PAW-3950Ultra,,,,8000,기계식,유선,,,Y,,N,오른손잡이용,,,,,N,,N,옴론,N,,,
91871984,https://prod.danawa.com/info/?pcode=91871984&cate=112787,ATK X1 ULTIMATE 유무선,ATK,79000,A_complete,54,127,,40,,PixArt PAW3950 Ultra,42000,,,8000,광학,"유선,2.4GHz무선",150,USB-C,Y,,Y,오른손잡이용,5,8,,,N,,N,옴론,Y,,"대칭형,에르고","[긍정] 포장이 엄청 꼼꼼하고, 마우스 본체가 엄청 가볍습니다.다만 해상도 기본값이 1K로 설정되어있고 ATK HUB 프로그램으로 8K 변경가능하니 참고하시길."
13856150,https://prod.danawa.com/info/?pcode=13856150&cate=112787,CORSAIR SABRE RGB PRO,CORSAIR,79000,B_detail_only,74,129,,43,PTFE,PixArt PMW3392,18000,450,50,8000,기계식,유선,,,,6,Y,오른손잡이용,,1,,,Y,,N,옴론,Y,,,
17510906,https://prod.danawa.com/info/?pcode=17510906&cate=112787,BenQ ZOWIE FK2-B 화이트 V2,BenQ,79000,B_detail_only,86,125,,36,PTFE,PMW-3360,3200,3200,,1000,,유선,1000,,,,Y,오른손잡이용,,,,,N,화이트,N,,N,"팜그립,클로그립","대칭형,에르고",
5893132,https://prod.danawa.com/info/?pcode=5893132&cate=112787,BenQ ZOWIE FK1 PLUS 스페셜 에디션 화이트,BenQ ZOWIE,79000,B_detail_only,95,128,64,38,,,3200,,,1000,,유선,1000,,,,Y,오른손잡이용,,,,,N,화이트,N,,N,"팜그립,클로그립","대칭형,에르고",
17511362,https://prod.danawa.com/info/?pcode=17511362&cate=112787,BenQ ZOWIE S1 레드 V2,BenQ,79000,B_detail_only,87,,,40,PTFE,PIXART PMW,3200,,,1000,기계식,유선,1000,,,,Y,오른손잡이용,,,,,N,레드,N,,N,"팜그립,클로그립","대칭형,에르고",
17511305,https://prod.danawa.com/info/?pcode=17511305&cate=112787,BenQ ZOWIE S1 화이트 V2,BenQ,79000,B_detail_only,87,,,40,PTFE,PIXART PMW,3200,,,1000,기계식,유선,1000,,,,Y,오른손잡이용,,,,,N,화이트,N,,N,"팜그립,클로그립","대칭형,에르고",
17511191,https://prod.danawa.com/info/?pcode=17511191&cate=112787,BenQ ZOWIE EC1 화이트 V2,BenQ,79000,D_metadata_only,,,,42,,PMW-3360,,,,,기계식,유선,,,,,N,,,,,,N,화이트,N,,N,,,
17951681,https://prod.danawa.com/info/?pcode=17951681&cate=112787,로지텍 LIFT VERTICAL For Mac (정품),로지텍,79000,C_reviews_only,,108,,71,,AA,,71,,,기계식,무선,,,N,,N,오른손잡이용,4.85,13,"무선안정성,손목편안함,디자인",,N,,N,,N,,에르고,[긍정] 직업 특성상 마우스로 작업할 일이 많았는데 최근 손목의 인대에 손상이 자주 갈 정도까지 되어 버티컬 마우스를 알아보다 맥에 최적화된 리프트 마우스를 알게 되었고 구매하게 되었는데 왜 진작에 쓰지 않았는지 후회가 될 정도로 손목이 편하고 좋네요! 그리고 3개의 디바이스를 옮겨 다니며 쓸 수 있고 연결도 잘되어 그 점도 마음에 듭니다! 추천합니다 :)
29884946,https://prod.danawa.com/info/?pcode=29884946&cate=112787,ROCCAT PURE AIR 유무선,ROCCAT,79100,C_reviews_only,50,121.1,,38.3,,,,38,50,,기계식,블루투스,,,Y,,N,,5,7,"경량,무선안정성,클릭감",,N,,N,,N,,,"[긍정] 현재 로지 마우스를 쓰고있고 더블클릭 현상때문에 상당한 스트레스를 받고있던중, 눈여겨 보고있던 로캣제품들 중에서 퓨어에어 제품이 엄청난 가격으로 행사 하는거 같아 무지성으로 지르게 됫슴다..가벼운 마우스를 찾고있었는데 이제품 스펙이 저랑 딱 맞는거 같아서 너무 좋았고 실제로 손에 들어보니 생각보댜 더 가볍게 느껴져서 만족만족!! 그립도 손에 착 붙는 느낌이"
14688413,https://prod.danawa.com/info/?pcode=14688413&cate=112787,로지텍 G502 HERO K/DA 게이밍 마우스,로지텍,79500,B_detail_only,85,132,,40,UPE,HERO 25,1000,100,40,,,"유선,2.4GHz무선,블루투스",502,,Y,5,Y,오른손잡이용,,,,,Y,,N,,N,,,
86903051,https://prod.danawa.com/info/?pcode=86903051&cate=112787,앱코 MG10A 3모드 마그네슘 합금 초경량 게이밍,앱코,79800,B_detail_only,60,113,,40,UPE,PIXART PAW3395,26000,650,50,4000,기계식,"유선,2.4GHz무선,블루투스",1000,USB-C,Y,6,Y,오른손잡이용,,100,,,Y,,N,후아노,N,,에르고,
67372340,https://prod.danawa.com/info/?pcode=67372340&cate=112787,프리플로우 Scyrox V8 8K 유무선,프리플로우,79900,B_detail_only,36,118,,38,PTFE,PAW-3950,30000,750,50,8000,광학,"유선,2.4GHz무선,블루투스",1000,USB-A,Y,6,Y,양손,,9,,,N,,N,옴론,N,"팜그립,클로그립",대칭형,
16909604,https://prod.danawa.com/info/?pcode=16909604&cate=112787,로지텍 LIFT VERTICAL (정품),로지텍,80890,C_reviews_only,,108,,71,,,,108,,,기계식,무선,,,N,,N,오른손잡이용,4.83,300,손목편안함,짭입니다 지허브 연결안됨,N,,Y,,N,,에르고,"[긍정] 타사 버티컬을 사용해보니, 확실히 손목에 부담도 줄고 편하긴 한데 그 제품은 그립감이 좋지 않아서 손에서 자꾸 미끄러지는 불편함이 있었습니다.그래서 다른 제품을 알아보던 중 마우스는 로지텍이 평이 좋아서 로지텍 버티컬 MX를 알아봤습니다. 그렇게 MX를 알아보다보니 LIFT 제품이 손이 작은 아시아인에게 적합하다고 해서 최종 LIFT 제품을 구입하게 되었습 [부정] 짭입니다 지허브 연결안됨"
15315128,https://prod.danawa.com/info/?pcode=15315128&cate=112787,CORSAIR M65 RGB ULTRA,CORSAIR,80960,B_detail_only,97,117,,39,PTFE,OPTICLA CORSAIR MARKSMAN,26000,26000,50,8000,광학,유선,,,,8,Y,오른손잡이용,,3,,,Y,,N,옴론,N,,,
101721347,https://prod.danawa.com/info/?pcode=101721347&cate=112787&adinflow=Y,ATK A9 ULTIMATE 유무선 (핑크),ATK,81000,A_complete,50,125,63.5,40,PTFE,PAW-3950 Ultra,32000,750,50,8000,광학,"유선,2.4GHz무선,블루투스",1000,USB-C,Y,2,Y,오른손잡이용,4.83,108,,,N,핑크,N,"후아노,TTC",N,"팜그립,클로그립,핑거그립",에르고,"[긍정] 민감도 작동 매우 뛰어납니다, 단 크기가 좀 둔탁한 쪼금 큼니다, 조금만 전체적으로 작았으면 최상일텐데 아쉽읍니다,"
36792437,https://prod.danawa.com/info/?pcode=36792437&cate=112787,ZAOPIN Z2 유무선,,81400,C_reviews_only,,123,,39.5,,PAW-3395,,3395,,4000,기계식,유선,,,Y,,N,오른손잡이용,3,1,,,N,,N,,N,,,
39911246,https://prod.danawa.com/info/?pcode=39911246&cate=112787,CORSAIR M75 RGB 초경량 게이밍,CORSAIR,82110,D_metadata_only,,128,,42,,MARKSMAN,,,,8000,기계식,유선,,,,,N,오른손잡이용,,,,,Y,,N,,Y,,,
5254653,https://prod.danawa.com/info/?pcode=5254653&cate=112787,Microsoft Surface Mouse,Microsoft,82150,D_metadata_only,,,,,,AAA,,,,,,무선,,,N,,N,오른손잡이용,,,,,N,,N,,N,,,
12117956,https://prod.danawa.com/info/?pcode=12117956&cate=112787,글로리어스 MODEL D- 유선 마우스,글로리어스,84000,B_detail_only,68,120,,40,PTFE,120mm,12000,250,50,1000,기계식,유선,1000,,,,N,오른손잡이용,,,,,Y,,N,"옴론,후아노",N,,"허니컴,대칭형,에르고",
103177295,https://prod.danawa.com/info/?pcode=103177295&cate=112787,ATK Z1 V2 Ultimate,ATK,84500,C_reviews_only,,122.5,,42.4,,PAW-3950 Ultra,,,,8000,,유선+무선,,,Y,,N,,4.75,4,,,N,,N,,Y,,,[긍정] 이쁘기는 한데요. 약간 밀리는 기분이 들어요전용 소프트웨어를 설치해야 하는지좀더 길게 사용해봐야 알것 같습니다
19473206,https://prod.danawa.com/info/?pcode=19473206&cate=112787,글로리어스 MODEL O 2,글로리어스,84550,B_detail_only,59,126,,38,PTFE,650 IPS,26000,650,50,1000,기계식,유선,1000,USB-C,,,N,오른손잡이용,,,,,Y,,N,,Y,,대칭형,
74248793,https://prod.danawa.com/info/?pcode=74248793&cate=112787,ATK X1 PRO MAX,ATK,84660,C_reviews_only,,127,,40,,PAW-3950,,40,,8000,OMRON 스위치,유선,,,Y,,N,오른손잡이용,5,2,클릭감,,N,,N,,N,,,[긍정] 마우스 사용 그립감및 클릭감 최고 입니다.
28476986,https://prod.danawa.com/info/?pcode=28476986&cate=112787,다얼유 A955 유무선,다얼유,86311,D_metadata_only,,125,,41,,,,125,35,,,유선,,,Y,,N,오른손잡이용,,,,,N,,N,,N,,,
71423474,https://prod.danawa.com/info/?pcode=71423474&cate=112787,Pulsar X2A 미디움 무선 귀멸의칼날,Pulsar,87000,D_metadata_only,,120.4,,38,,"120.4mm
-",,,50,,광학,유선+무선,,,Y,,N,,,,,,N,,N,,Y,,,
3135998,https://prod.danawa.com/info/?pcode=3135998&cate=112787,ASUS STRIX CLAW,ASUS,87890,B_detail_only,110,122.55,,45.25,,PMW-3310,5000,130,30,1000,기계식,유선,1000,,,3,Y,오른손잡이용,,,,,N,,N,옴론,N,,에르고,
99912455,https://prod.danawa.com/info/?pcode=99912455&cate=112787,Razer Cobra Zenless Zone Zero Edition,Razer,88000,D_metadata_only,,119.6,,38.1,,"38.1mm
-",,119,,1000,기계식,유선,1000,,,,N,,,,,,N,,N,Razer,N,,,
6540504,https://prod.danawa.com/info/?pcode=6540504&cate=112787,로지텍 G502 HERO (정품),로지텍,88000,B_detail_only,85,132,,40,UPE,HERO 25,1000,100,40,,,"유선,2.4GHz무선,블루투스",502,,Y,5,Y,오른손잡이용,,2,,,Y,,N,,N,,,
5403538,https://prod.danawa.com/info/?pcode=5403538&cate=112787,로지텍 MX MASTER 2S,로지텍,88410,A_complete,85,126,,48.4,,126mm,,,,,기계식,"유선,2.4GHz무선,블루투스",,USB-C,Y,2,Y,오른손잡이용,4.8,74,"배터리,클릭감,손목편안함",,N,,Y,,Y,,,"[긍정] ★★★★장 점★★★★1. 배송은 전일 오전12시 이전에 주문 넣으심 담날 오후에 칼 배송 받을수 있습니다!(이점따봉)2. 박스 포장 상태가 견고합니다. 종이 box에 에어캡으로 단단히 포장되어 배송되었습니다.☆☆☆단 점☆☆☆1. 중국 내수 제품으로 중국에서 온듯합니다.2. 설명서가 중국어로 돼있어 읽기가 힘듭니다. ㅡ,.ㅡ 니췌팔로마?3. 포장을 제거한후 "
10467870,https://prod.danawa.com/info/?pcode=10467870&cate=112787,앱코 HACKER A800 3389 초경량 RGB 게이밍 마우스,앱코,88840,B_detail_only,85,125,,42.7,,PMW-3389,10000,100,20,1000,기계식,유선,1000,,Y,7,Y,오른손잡이용,,,,,Y,,N,후아노,N,,"대칭형,에르고",
18139547,https://prod.danawa.com/info/?pcode=18139547&cate=112787,CORSAIR KATAR ELITE WIRELESS 게이밍 마우스,CORSAIR,88870,A_complete,69,115.8,,37.8,PTFE,1 DPI,26000,650,50,2000,,"유선,2.4GHz무선,블루투스",110,USB-C,Y,6,Y,오른손잡이용,5,1,,,Y,,N,,N,,,[긍정] 다크코어 -> 사브르 -> 카타르 3번째만에 드디어 제손에 맞는걸 찾았네요ㅠㅠ
60146642,https://prod.danawa.com/info/?pcode=60146642&cate=112787,다얼유 A980 PRO MAX 유무선,다얼유,88990,C_reviews_only,50,129,,40,,,,,50,,Kailh 스위치,유선,,,Y,,Y,,1,1,,구입한지 한달도 안되서 먹통되는 현상 발생함 절대사지마세요,N,,N,,N,,,[부정] 구입한지 한달도 안되서 먹통되는 현상 발생함 절대사지마세요
62163446,https://prod.danawa.com/info/?pcode=62163446&cate=112787,글로리어스 MODEL D 2,글로리어스,89000,B_detail_only,58,127,,43,PTFE,127mm,26000,650,50,1000,기계식,유선,1000,,,,Y,오른손잡이용,,,,,Y,,N,,Y,"팜그립,클로그립,핑거그립","대칭형,에르고",
19474250,https://prod.danawa.com/info/?pcode=19474250&cate=112787,글로리어스 MODEL O 2 무선 블루투스,글로리어스,89000,A_complete,68,126,,38,PTFE,126mm,26000,650,50,1000,기계식,"2.4GHz무선,블루투스",1000,USB-C,Y,6,N,오른손잡이용,4.5,8,,,Y,블루,N,,N,,대칭형,[긍정] 맘에 들어요 완존 내스타일요
17114690,https://prod.danawa.com/info/?pcode=17114690&cate=112787,Ducky Feather RGB,Ducky,89000,B_detail_only,65,124,,36,PTFE,PixArt PMW3389DM,16000,400,50,1000,기계식,유선,1000,,,4,Y,오른손잡이용,,,,,Y,,N,"후아노,칼화",N,,대칭형,
10502859,https://prod.danawa.com/info/?pcode=10502859&cate=112787,Microsoft Arc Mouse,Microsoft,89000,B_detail_only,82,131.3,,14.2,,,,14,,,,"유선,2.4GHz무선,블루투스",10,,Y,,N,,,,,,N,,N,,N,,,
76509185,https://prod.danawa.com/info/?pcode=76509185&cate=112787,켄싱턴 TB550 무선,켄싱턴,89000,D_metadata_only,,,,,,,,,,,기계식,,,,,,N,,,,,,N,,N,,N,,,
91116245,https://prod.danawa.com/info/?pcode=91116245&cate=112787,스틸시리즈 Rival 3 Gen2 무선,스틸시리즈,89000,B_detail_only,40,120.6,,38,PTFE,---,18000,400,40,1000,기계식,"2.4GHz무선,블루투스",450,,N,,Y,오른손잡이용,,,,,N,,N,steelseries,Y,,대칭형,
14380064,https://prod.danawa.com/info/?pcode=14380064&cate=112787,스틸시리즈 RIVAL 5,스틸시리즈,89000,B_detail_only,85,128.8,,42,UPE,,,400,,1000,기계식,유선,1000,,,5,Y,오른손잡이용,,,,,Y,,N,SteelSeries,N,핑거그립,에르고,
12560720,https://prod.danawa.com/info/?pcode=12560720&cate=112787,스틸시리즈 Rival 3 Wireless,스틸시리즈,89000,B_detail_only,40,120.6,,37.9,,"120.6mm
- DPI",,400,40,1000,기계식,"유선,2.4GHz무선,블루투스",1000,,N,,N,오른손잡이용,,1,,,Y,,N,steelseries,N,핑거그립,에르고,
4519546,https://prod.danawa.com/info/?pcode=4519546&cate=112787,로지텍 G403 PRODIGY (정품),로지텍,89000,C_reviews_only,,124,,43,,PMW-3366,,124,,,기계식,유선,,,,,Y,오른손잡이용,5,1,"부드러운움직임,디자인",,N,,N,,Y,,,[긍정] 게이밍 마우스는 디자인이 너무 과해서 사무실에서 쓰기 좀 부담되는데 g403은 단순하면서도 보고 있으면 흐뭇해지는 수려한 디자인이 마음에 드네요 마감도 훌륭하고 미끄러지듯 부드러운 움직임이 최고입니다.
146746,https://prod.danawa.com/info/?pcode=146746&cate=112787,로지텍 G1,로지텍,89730,C_reviews_only,,,,,,,,,,,,유선,,,,,N,,4.5,2,,,N,,N,,N,,,[긍정] 작업하기 편해서 이것만 쓰게되네요
13990154,https://prod.danawa.com/info/?pcode=13990154&cate=112787,켄싱턴 Orbit Fusion Wireless Trackball,켄싱턴,90000,C_reviews_only,,,,,,,,,,,기계식,,,,,,N,,4,3,디자인,,N,,N,,N,,,[긍정] 켄싱턴 사각형 트랙볼을 전에도 썼던 사람으로써 본 모델은 해당 모델보단 적응에 좀 더 시간이 필요해 보입니다. 손에 딱 붙는 디자인이라 쥐었을 때 편하긴 한데 트랙볼을 검지나 중지 혹은 둘을 이용해 콘트롤 하는게 약간 힘이 들어가야 해서 그게 살짝 불편. 켄싱턴 제품은 이 볼 회전이 아주 매끄럽게 잘 되면 좋겠는데 약간 뻑뻑한 감이 있어 좀 아쉽. 회전형 
14270198,https://prod.danawa.com/info/?pcode=14270198&cate=112787,엘레컴 DEFT Pro 트랙볼 마우스 (해외구매),엘레컴,90990,C_reviews_only,,,,,,,1500,1500,,,기계식,블루투스,,,,,N,오른손잡이용,4,2,,,N,,N,옴론,N,,,[긍정] 트랙볼 처음 쓰는데 좋네요.배송도 맘에 들어요
99289973,https://prod.danawa.com/info/?pcode=99289973&cate=112787,ATK F1 V2 Extreme 유무선,ATK,91810,C_reviews_only,,118.2,,38.8,,PAW-3950,,38,,8000,기계식,유선,,,Y,2,N,오른손잡이용,4.67,6,배터리,,N,,N,,Y,,,[긍정] 크기도 딱 맞고 사이드 버튼도 누르기 좋은 위치에 성능도 대만족하네요 배터리 작은데 고속충전되서 몇일에 한번 10분정도 충전하면 무난함 웹설정에서 성능 최소로 올리고 폴링레이트는 주로1k 쓰다가 fps 게임할때만 2k로 변경합니다
93383768,https://prod.danawa.com/info/?pcode=93383768&cate=112787,ROYCHE 다이노탱 무선,ROYCHE,92070,D_metadata_only,,121,,73,,,,348,,,기계식,무선,,,Y,,N,오른손잡이용,,,,,N,,N,,N,,,
7702489,https://prod.danawa.com/info/?pcode=7702489&cate=112787,로지텍 MX ERGO,로지텍,92770,A_complete,164,132.5,,132.5,,,440,,,,기계식,"유선,2.4GHz무선,블루투스",,Micro USB,Y,8,N,오른손잡이용,4.33,3,,,N,,N,,N,,에르고,[긍정] 배송도 빠르고 잘받았습니다. 리버비시라 박스가 없고 살짝 사용감이 있긴하지만 동작도 이상없으니 문제 없습니다.
18252206,https://prod.danawa.com/info/?pcode=18252206&cate=112787,엑스트리파이 M4 Wireless,엑스트리파이,92900,D_metadata_only,,120,,39,,PAW-3370,,,,,기계식,무선,,,Y,,Y,오른손잡이용,,,,,Y,,N,칼화,N,,,
18750617,https://prod.danawa.com/info/?pcode=18750617&cate=112787,Razer Basilisk X HyperSpeed,Razer,93000,C_reviews_only,40,130,,42,,,,,40,,기계식,무선,,,,,N,오른손잡이용,5,4,가성비,,N,,N,Razer,Y,,,[긍정] 빠른배송 빠짐없는 내용물 매뉴얼. 스티커 모두 동봉되어있네요작동상태도 이상무. 레이저시냅시스에서도 잘인식됩니다2.4G & BT모두 작동 이상무더군다나 제품박스는없어도 포장박스가 레이저네요.
77860787,https://prod.danawa.com/info/?pcode=77860787&cate=112787,Darmoshark M5 PRO 유무선,Darmoshark,93600,D_metadata_only,,91.7,,91.7,,PAW-3950,,,,,기계식,유선,,,Y,,N,오른손잡이용,,,,,N,,N,,N,,,
17864795,https://prod.danawa.com/info/?pcode=17864795&cate=112787,로지텍 G502 X LIGHTSPEED,로지텍,95530,C_reviews_only,,131.4,,79.2,,HERO 25K,,131,40,,,2.4GHz무선,,,Y,,N,,4.8,10,,,N,,N,,N,,,[긍정] 키보드랑 달리 마우스는 정발이랑 생긴건 똑같고 박스 문구만 중국어로 된 차이 밖에 없고 똑같아요.정발판도 많이 싸져서 정발보다 2만원 정도 더 싸게 샀네요.무한휠은 너무 잘 움직이고 끄면 훨이 좀 맘에 안 들게 따라라락 드르륵 거리는 거 빼고는 만족하는 마우스입니다.
20437625,https://prod.danawa.com/info/?pcode=20437625&cate=112787,로지텍 MX Anywhere 3S (정품),로지텍,95640,C_reviews_only,,101,,34,,다크필드,,101,,,기계식,무선,,,Y,,N,오른손잡이용,4.94,243,"경량,배터리","리시버 없는 제품입니다. 리시버 추가구매하면 가격적으로 메리트없고 귀찮음만 늘어납니다. 제품설명에 제대로 설명 해주시길… 리시버 추가구매하러 가시갑니다 ㅡ.,ㅡ",N,,Y,,N,,,"[긍정] 구매 후 며칠동안 아주 만족하며 사용하고 있습니다 사무용 마우스 중 최고의 성능이라고 생각합니다 이름대로 유리판이던 어디던 마우스 이동 잘 되구요 가벼운데 배터리도 짱짱합니다 버튼 하나로 조작기기 바꾸는 것도 굉장히 편하고 로지옵션+의 각종 기능도 만족합니다 다만 가로스크롤이 존재하는것까진 좋은데 버튼+휠로 조작하는게 적응이 쉽지않네요 휠 자체도 무한휠 모 [부정] 리시버 없는 제품입니다. 리시버 추가구매하면 가격적으로 메리트없고 귀찮음만 늘어납니다. 제품설명에 제대로 설명 해주시길… 리시버 추가구매하러 가시갑니다 ㅡ.,ㅡ"
15706250,https://prod.danawa.com/info/?pcode=15706250&cate=112787,스틸시리즈 Aerox 3 Wireless Snow,스틸시리즈,96950,D_metadata_only,,120.55,,37.98,,,,120,,1000,마이크로 스위치,무선,,,Y,,N,오른손잡이용,,,,,N,,N,,N,,,
62163521,https://prod.danawa.com/info/?pcode=62163521&cate=112787,글로리어스 MODEL D 2 유무선,글로리어스,97300,B_detail_only,66,127,,43,PTFE,"Glorious BAMF 2.0
- DPI",26000,650,50,1000,기계식,"2.4GHz무선,블루투스",1000,USB-C,Y,6,Y,양손,,,,,Y,,N,,N,"팜그립,클로그립,핑거그립","대칭형,에르고",
107770952,https://prod.danawa.com/info/?pcode=107770952&cate=112787,ATK GHOST Ultimate,ATK,97500,C_reviews_only,,121,,38,,PAW-3950,,,,8000,기계식,유선+무선,,,Y,,N,,5,2,,,N,,N,,N,,,[긍정] 근데 왜 실버가 왔는지는 모르겠지만 익스트림 라인업이라 그냥 배송도 번거롭고 쓰겠습니다..
74007827,https://prod.danawa.com/info/?pcode=74007827&cate=112787,ENDGAME GEAR XM2,ENDGAME GEAR,98990,C_reviews_only,,122,,38,,PAW-3395,26000,26000,,8000,기계식,유선,,,,,N,오른손잡이용,4.5,2,에임정확도,,N,,N,칼화,N,,,[긍정] 제목이 뭔 소리냐면 FPS 게임을 할 때저희가 어디를 가장 많이 봅니까?맵이나 캐릭터 주변 체킹 등 여러 가지를 볼 수 있겠지만화면 정중앙 크로스헤어 찍힌 곳을 가장 많이 보겠죠그럴 때 적이 눈에 보이면 먼저 크로스헤어를적에게 맞추어서 에이밍을 한다는 기분이 강했는데XM2 8K는 그러한 잘못 된 부분들을 지적해주는 선생님 같은 마우스 입니다.눈으로 쫒는 게
17423195,https://prod.danawa.com/info/?pcode=17423195&cate=112787,BenQ ZOWIE FK1-C,BenQ,99000,B_detail_only,70,129,,37,,129mm,,,,1000,기계식,유선,1000,,,5,Y,오른손잡이용,,,,,N,,N,,N,"팜그립,클로그립","대칭형,에르고",
17422913,https://prod.danawa.com/info/?pcode=17422913&cate=112787,BenQ ZOWIE ZA11-C,BenQ,99000,B_detail_only,72,129,,42,PTFE,PMW-3360,3200,,,1000,,유선,1000,,,,Y,오른손잡이용,,,,,N,,N,,N,"팜그립,클로그립","대칭형,에르고",
17423147,https://prod.danawa.com/info/?pcode=17423147&cate=112787,BenQ ZOWIE FK1+-C,BenQ,99000,B_detail_only,,129,,39,,PMW-3360,3200,,,1000,,유선,1000,,,5,Y,오른손잡이용,,,,,N,,N,,N,"팜그립,클로그립",대칭형,
68686763,https://prod.danawa.com/info/?pcode=68686763&cate=112787,터틀비치 KONE II,터틀비치,99000,B_detail_only,90,130.2,,43.6,PTFE,- 650 IPS,26,650,50,1000,광학,유선,1000,USB-A,,7,Y,오른손잡이용,,1,,,Y,,N,,Y,,에르고,
99912896,https://prod.danawa.com/info/?pcode=99912896&cate=112787,HP 925 무선,HP,99000,D_metadata_only,,121,,77,,,,77,,,,무선,,,Y,,N,오른손잡이용,,,,,N,,N,,N,,,
72719672,https://prod.danawa.com/info/?pcode=72719672&cate=112787,Pulsar X2A v3 미디움 무선,Pulsar,99000,D_metadata_only,,120.4,,38,,,,,,8000,광학,무선,,,Y,,N,,,,,,N,,N,,Y,,,
66134882,https://prod.danawa.com/info/?pcode=66134882&cate=112787,Pulsar X2H v3 미디움 무선,Pulsar,99000,D_metadata_only,,120.4,,39,,,,,,8000,기계식,무선,2,,Y,,N,,,,,,N,,N,,Y,,,
5790891,https://prod.danawa.com/info/?pcode=5790891&cate=112787,로지텍 M337,로지텍,99900,D_metadata_only,,100.5,,33,,AA,,,,,기계식,무선,,,N,,N,,,,,,N,,N,,Y,,,
63482024,https://prod.danawa.com/info/?pcode=63482024&cate=112787,로지텍 MX Anywhere 3S for Mac (정품),로지텍,99930,C_reviews_only,,101,,34,,다크필드,,34,,,기계식,무선,,,Y,,N,오른손잡이용,5,25,부드러운움직임,,N,,Y,,Y,,,"[긍정] 좌측이 3, 우측이 3s for mac입니다. 개인적으로는 3 색상이 더 마음에 들지만 마우스를 쳐다볼 일은 잘 없으니 괜찮습니다. 수많은 마우스 거쳐왔지만, 로지텍 anywhere 마우스 시리즈가 적당히 가볍고, 그립감이 좋아 사용하기 편리합니다. 돈이 안 아까운 모델입니다."
54317741,https://prod.danawa.com/info/?pcode=54317741&cate=112787,터틀비치 Burst II Air 유무선,터틀비치,100690,C_reviews_only,50,122.2,,39.2,,,,122,50,,TITAN 스위치,유선,,,Y,,N,오른손잡이용,5,1,무선안정성,,N,,N,,N,,,"[긍정] 일단 가볍고, 무선도 잘되요. 충전시켜야하는 번거로움이 있긴한데..잘 쓰고있어요."
77860682,https://prod.danawa.com/info/?pcode=77860682&cate=112787,Darmoshark M1,Darmoshark,102590,D_metadata_only,50,117,,39,,PMW-3389,,,50,,기계식,유선,,,,,N,오른손잡이용,,,,,N,,N,,Y,,,
68686814,https://prod.danawa.com/info/?pcode=68686814&cate=112787,터틀비치 KONE II Air 무선,터틀비치,103500,D_metadata_only,50,130.2,,44.1,,,,,50,,기계식,무선,,,Y,,Y,오른손잡이용,,,,,N,,N,,Y,,,
30030350,https://prod.danawa.com/info/?pcode=30030350&cate=112787,앱코 H140R 4K-R 미니 유무선 게이밍,앱코,103550,B_detail_only,60,115,,35.7,,115mm,26000,650,50,4000,기계식,"유선,2.4GHz무선,블루투스",1000,USB-C,Y,,Y,오른손잡이용,,,,,Y,,N,후아노,N,"팜그립,클로그립,핑거그립",대칭형,
82473914,https://prod.danawa.com/info/?pcode=82473914&cate=112787,켄싱턴 K72359 무선,켄싱턴,103580,D_metadata_only,,,,,,,,,,,기계식,,,,,,N,,,,,,N,,N,,N,,,
14313428,https://prod.danawa.com/info/?pcode=14313428&cate=112787,엘레컴 M-CCP1BB 캡클립 PRO,엘레컴,104250,D_metadata_only,,102,,34.2,,,,102,,,기계식,무선,,,Y,,N,오른손잡이용,,,,,N,,Y,,N,,,
30030158,https://prod.danawa.com/info/?pcode=30030158&cate=112787,앱코 H140A 미니 유무선 게이밍,앱코,104840,B_detail_only,47,115,,35.7,PTFE,115mm,26000,650,50,1000,기계식,"유선,2.4GHz무선",1000,USB-C,Y,4,Y,오른손잡이용,,2,,,Y,,N,"후아노,칼화",N,"팜그립,클로그립,핑거그립",대칭형,
10630401,https://prod.danawa.com/info/?pcode=10630401&cate=112787,CORSAIR SCIMITAR RGB ELITE,CORSAIR,105196,C_reviews_only,,120,,42,,120mm,18000,,,,기계식,유선,,,,,Y,,5,1,"무선안정성,클릭감",,Y,,N,옴론,Y,,,[긍정] 엄지쪽 매크로로 단축키 쓸 수 있는 마우스가 편해서 사게됐습니다.무선마우스 쓰고 있긴 한데 자꾸 사용 후 충전 도크에 두는걸 깜박해서 방전을 자주해서 유선마우스도 같이 쓰기로 했구요.그 전에는 로지텍 G602 마우스 썼는데 스위치가 망가져서 사설 수리하는 곳에서도 어려울거 같다고 해서 그거 쓰는건 관두기로 했습니다. (매일같이 쓴건 아니지만 4년을 썼으니.
14467802,https://prod.danawa.com/info/?pcode=14467802&cate=112787,스틸시리즈 PRIME+,스틸시리즈,105730,B_detail_only,69,125.3,,42.4,PTFE,TrueMove Pro+,,450,,1000,광학,유선,,,,,Y,오른손잡이용,,,,,Y,,N,SteelSeries,Y,"팜그립,클로그립,핑거그립",에르고,
60168311,https://prod.danawa.com/info/?pcode=60168311&cate=112787,Pulsar X2H 무선 클리어블랙 에디션,Pulsar,107000,D_metadata_only,50,120,,39,,PAW-3395,,,50,,기계식,무선,2,,Y,,N,,,,,,N,블랙,N,,Y,,,
95932073,https://prod.danawa.com/info/?pcode=95932073&cate=112787,Keychron M5 유무선,Keychron,108500,C_reviews_only,,117.8,,71.7,,PAW-3950,,,,8000,기계식,무선,,,Y,,N,,5,2,,,N,,N,후아노,N,,에르고,[긍정] 버티컬 마우스 중에 고사양 마우스 찾고 있었는데 좋습니다.
29654993,https://prod.danawa.com/info/?pcode=29654993&cate=112787,로지텍 로지텍G G435 SE + G304 SE 무선 게이밍 콤보 (정품),로지텍,108980,C_reviews_only,,116.6,,38.2,,"116.6mm
- DPI",,,,,,2.4GHz무선,,,N,,N,오른손잡이용,5,1,,,N,,N,,N,,,[긍정] 안전하고 빠른배송감사합니다.
45786581,https://prod.danawa.com/info/?pcode=45786581&cate=112787,ENDGAME GEAR OP1 8K,ENDGAME GEAR,108990,C_reviews_only,,118.2,,38,,"118.2mm
-",26000,,,,기계식,유선,,,,,N,오른손잡이용,4.88,24,"경량,무선안정성,부드러운움직임",,N,,N,칼화,N,,,[긍정] 데브삼 유선 버전을 사용하고 있었는데서서히 마우스가 멈추기 시작하더니 맛이 갔습니다.그래서 이젠 무선 가야지 하고 신나서 정보를 찾는데유선의 가성비의 매력을 벗어나기 힘들더라고요.현존 마우스 거의 최상위 스펙인데 이 가격으로 구매할 수 있다는 점이 메리트였어요.주문 다음날 바로 와서 너무 기분이 좋았어요. 요즘은 일반 택배도 참 빠르네요.바로 데브삼 유선 
28370540,https://prod.danawa.com/info/?pcode=28370540&cate=112787,Razer Orochi V2 Roblox Edition,Razer,109000,D_metadata_only,,108,,38,,Razer 5G,,,40,,기계식,무선,,,N,,N,,,1,,,N,,N,Razer,Y,,,
73561028,https://prod.danawa.com/info/?pcode=73561028&cate=112787,Pulsar X3 미니 무선,Pulsar,109000,D_metadata_only,,119.6,,41,,,,750,,8000,광학,,,,Y,,N,오른손잡이용,,,,,N,,N,칼화,Y,,,
17679053,https://prod.danawa.com/info/?pcode=17679053&cate=112787,Pulsar X2 무선 마우스,Pulsar,110000,D_metadata_only,,120,,38,,PAW-3395,,38,50,,기계식,유선,,,Y,,N,오른손잡이용,,,,,N,,N,,Y,,,
15734180,https://prod.danawa.com/info/?pcode=15734180&cate=112787,Razer Pro Click Mini,Razer,111500,B_detail_only,82,100.2,,34.2,,,20000,100,,1000,,"유선,2.4GHz무선,블루투스",,,Y,,Y,오른손잡이용,,1,,,Y,,N,Razer,Y,,에르고,
13746464,https://prod.danawa.com/info/?pcode=13746464&cate=112787,로지텍 MX Anywhere 3,로지텍,112100,A_complete,85,100,,35,,다크필드,,,,,기계식,"유선,2.4GHz무선,블루투스",,USB-C,Y,2,Y,오른손잡이용,4.77,26,,,N,,Y,,Y,,,[긍정] 손이 작은편이라 m650구입하려다가 anywhere3로 구매하게 됐는데 너무나 만족합니다.배송은 엄청 빨랐어요. 보통 다른제품은 1-2주 걸리던데 주문하고 다음날 도착했어요.
6517390,https://prod.danawa.com/info/?pcode=6517390&cate=112787,로지텍 MX VERTICAL (정품),로지텍,112420,A_complete,135,120,,78.5,,,1000,,,,기계식,블루투스,3,USB-C,Y,4,N,,4.56,200,"배터리,손목편안함,부드러운움직임","이 제품 좀 써 보니, 여러 미사 여구를 동원한다 해도 별로입니다. 적응이 안되고 (묵직해서 빠르게 이동도 되지 않고), 마우스에 올려진 손은 계속 흘러 내리고, 결국에 손은 책상,먼저 가격대비 포장상태가 엉망 완전 꽝입니다. 파손방지 에어캡포장을 2,000원을 더주고 했는데 포장이 100원 주고 한것보다 못합니다. 이런 성의 없는 포장은 보다보다 첨입니다,",N,,N,,Y,,에르고,"[긍정] 컴퓨터를 오래 사용한다면 손목 통증이 익숙할 겁니다.저도 하루 종일 마우스를 잡고 있다 보면 손목이 뻐근해지는 느낌을 자주 겪었는데, 이를 해결하고자 로지텍 버티컬 마우스를 사용해보게 됐습니다.로지텍 버티컬 마우스는 처음 보면 일반 마우스와 확연히 다른 모습에 살짝 당황스러울 수 있습니다.손을 수직으로 세운 듯한 57도 각도의 그립은 마치 누군가와 악수하는 [부정] 이 제품 좀 써 보니, 여러 미사 여구를 동원한다 해도 별로입니다. 적응이 안되고 (묵직해서 빠르게 이동도 되지 않고), 마우스에 올려진 손은 계속 흘러 내리고, 결국에 손은 책상 바닥에 닿고, 오른손 검지는 왼쪽 버튼이 아닌 롤러에 올려져 있습니다. 그래서 왼쪽 버튼을 누르기 위해서는 다시 검지를 위로 약간 이동하거나 손을 올려 잡아서 눌러야 합니다. 기"
92627582,https://prod.danawa.com/info/?pcode=92627582&cate=112787,Razer Basilisk Mobile,Razer,113990,D_metadata_only,35,111.5,,41.4,,,,,35,,광학,유선+무선,,,Y,,Y,,,1,,,N,,N,Razer,Y,,,
68538380,https://prod.danawa.com/info/?pcode=68538380&cate=112787,Razer Basilisk V3 35K (정품),Razer,114730,C_reviews_only,70,130,,42.5,,130mm,,,70,,기계식,유선,,,Y,,Y,오른손잡이용,5,1,,,N,,N,Razer,Y,,,[긍정] 아들에게 선물했는데 아주 좋다고 잘 사용하겠다네요
16918811,https://prod.danawa.com/info/?pcode=16918811&cate=112787,스틸시리즈 Aerox 5,스틸시리즈,114900,D_metadata_only,,128.8,,42.1,,,,,,1000,기계식,유선,,,,,Y,오른손잡이용,,,,,N,,N,,N,,,
21570266,https://prod.danawa.com/info/?pcode=21570266&cate=112787,로지텍 G502 X Plus,로지텍,115520,C_reviews_only,40,131.4,,79.2,,MR,,79,40,,기계식,"유선,2.4GHz무선",,,Y,,Y,오른손잡이용,3,2,클릭감,G502x plus를 샀는데G502x lightspeed 를 보내주네요소비자를 개 병호신구로 압니까??,N,,N,,Y,,,[긍정] 아들이 게임용으로 구입한 건데 튼튼해보입니다. 마구 클릭하고 들었다 놨다 하는데도 멀쩡하네요. [부정] G502x plus를 샀는데G502x lightspeed 를 보내주네요소비자를 개 병호신구로 압니까??
98181575,https://prod.danawa.com/info/?pcode=98181575&cate=112787,ENDGAME GEAR OP1w 4K,ENDGAME GEAR,117300,D_metadata_only,,118.2,,37.2,,PAW-3395,,,,4000,기계식,유선,,,Y,,N,오른손잡이용,,,,,N,,N,TTC,N,,,
29816753,https://prod.danawa.com/info/?pcode=29816753&cate=112787,로지텍 G305 K/DA LIGHTSPEED,로지텍,117900,D_metadata_only,,,,,,,,,,,,2.4GHz무선,,,N,,N,,,,,,N,,N,,N,,,
27895265,https://prod.danawa.com/info/?pcode=27895265&cate=112787,CORSAIR 시미터 RGB 엘리트 무선 게이밍,CORSAIR,118000,A_complete,114,119.23,,42.17,PTFE,CORSAIR MARKSMAN,26000,650,50,2000,광학,"유선,2.4GHz무선,블루투스",150,,Y,16,Y,오른손잡이용,5,1,,,Y,,N,,Y,,,[긍정] 고급스럽고 센서도 좋고커스터마이징하기 좋은 마우스네요게임용 사무용 둘 다 괜찮네요
9253338,https://prod.danawa.com/info/?pcode=9253338&cate=112787,로지텍 G903 HERO WIRELESS,로지텍,118110,A_complete,85,,,40,UPE,HERO 25,1000,100,,,기계식,"유선,2.4GHz무선,블루투스",903,,Y,5,Y,오른손잡이용,4.4,10,가성비,"Havent used it yet, thank you",Y,,N,,Y,,,"[긍정] 좋은 제품 잘 받았습니다. 지허브에 접속 잘되고 포장도 잘 되어있습니다. hero 센서에 25g 까지 최신제품 맞구요 감사합니다. [부정] Havent used it yet, thank you"
19969850,https://prod.danawa.com/info/?pcode=19969850&cate=112787,Razer Basilisk V3 X Hyperspeed 무선 블루투스,Razer,118990,A_complete,110,130.1,,42.5,PTFE,RAZER,,,,1000,기계식,"유선,2.4GHz무선,블루투스",535,,Y,9,Y,오른손잡이용,4.67,18,"경량,에임정확도,무선안정성",,Y,블루,N,Razer광학,Y,,에르고,[긍정] 기존에 로지텍 G304 사용중인데요클릭감과 감도등등 좋아서 잘쓰는동안 이번 11번가 바실리스크 v3 x가 눈에들어와 구매클릭감 감도는 비슷하나 약간 더좋은 느낌약간 가볍지만 확실히 눌려지는 정확한 느낌또 그립감이 확실히 편하고 로지텍 대비 편합니다.엄지를 거치할수 있어서 편합니다.단. 건전지 AA 넣고 약간 묵직한느낌경량화 추세에 쫌...
15956666,https://prod.danawa.com/info/?pcode=15956666&cate=112787,글로리어스 MODEL O- 무선,글로리어스,119000,A_complete,65,120,,35,PTFE,,19000,400,50,1000,기계식,"유선,2.4GHz무선",71,USB-C,Y,6,Y,오른손잡이용,5,8,,,Y,,N,옴론,Y,,"허니컴,대칭형",[긍정] 아이가 골라서 사줬는데 led도 멋지고 부드럽다고 아주 만족해 하네요. 게임을 위한거지만 ㅋㅋㅋㅋ
37988201,https://prod.danawa.com/info/?pcode=37988201&cate=112787,GIGABYTE AORUS M6 유무선,GIGABYTE,119000,D_metadata_only,,126.6,,38.3,,"126.6mm
-",,,,1000,기계식,유선,1000,,Y,,N,,,2,,,N,,N,옴론,N,,,
95341850,https://prod.danawa.com/info/?pcode=95341850&cate=112787,Razer Cobra HyperSpeed 유무선,Razer,119000,C_reviews_only,,119.6,,38.1,,,,,,8000,기계식,유선,,,Y,,N,오른손잡이용,4.67,6,무선안정성,,N,,N,Razer,Y,,,[긍정] 기존에 바이퍼 미니 쓰다가 무선을 맛보고 바이퍼미니 쉘만 찾는 방랑자가 되었는데코브라 프로도 한번 쥐어보고 그랬지만 정작 맞는 건 결국 바미니의 그 손맛...찾다 찾다 이것저것 주문해봤는데 드디어 정착할만한 마우스가 나왔네요코브라 하이퍼스피드 미쳤습니다손에 땀이 많은 편이라 그립테이프 나오기만을 기다리고 있으면서 매일 조금씩 사용 중인데 정말 사용감 너무 
16903148,https://prod.danawa.com/info/?pcode=16903148&cate=112787,ROCCAT BURST PRO AIR,ROCCAT,119000,B_detail_only,81,120,,39,PTFE,PAW3370,19,400,50,,광학,"유선,2.4GHz무선,블루투스",100,USB-C,Y,,Y,오른손잡이용,,1,,,Y,,N,,N,,대칭형,
17640446,https://prod.danawa.com/info/?pcode=17640446&cate=112787,로지텍 G705 오로라 컬렉션 (정품),로지텍,119000,C_reviews_only,,105.8,,39.4,,,,,,,,유선,,,Y,,N,오른손잡이용,4.84,31,"무선안정성,디자인,가성비",마우스 밑에 부분 스크레치 심하고 안에 로지텍 스티커도 없네요...그냥 싸게 잘샀다고 생각하고 쓰겠습니다...,Y,,N,,N,,,"[긍정] 항상 유선만 사용하다가 검정색 선이 갑자기 너무 보기가 싫어져서 예쁜 무선마우스 찾다가 구매하게 되었어요! 게임용 무선 마우스는 처음인데 넘 좋아요,,, 마우스가 작다는 얘기가 많아서 손이 큰편이라 걱정했는데 하나도 안불편해요! 무엇보다 rgb 커스텀이 가능해서 볼 때마다 예뻐서 기분이 좋아요 다른 곳보다 저렴한 가격에 잘 구매했어요 [부정] 마우스 밑에 부분 스크레치 심하고 안에 로지텍 스티커도 없네요...그냥 싸게 잘샀다고 생각하고 쓰겠습니다..."
27948143,https://prod.danawa.com/info/?pcode=27948143&cate=112787,ENDGAME GEAR OP1WE 유무선,ENDGAME GEAR,119990,B_detail_only,58,118.2,60.5,37.2,PTFE,PixArt PAW3395,,650,50,1000,광학,"유선,2.4GHz무선",1000,USB-C,Y,8,Y,오른손잡이용,,,,,N,,N,"옴론,TTC,칼화",N,"팜그립,클로그립,핑거그립",,
7808275,https://prod.danawa.com/info/?pcode=7808275&cate=112787,CORSAIR IRONCLAW RGB WIRELESS,CORSAIR,122000,A_complete,130,130,45,45,,PMW-3391,18000,45,,1000,광학,"유선,2.4GHz무선,블루투스",1000,,,9,Y,오른손잡이용,4.55,11,,,Y,,N,옴론,Y,팜그립,,[긍정] 장점 : 손이 클 경우 그립감이 매우 좋음. 기능키가 많아 사용할 경우 매우 좋음 무거워서 섬새하게 움직일 때 좋음(무거운거 싫어하면 비추) 단점 : 동글을 따로 들고 다녀야함. 블루투스 가끔 버벅임. 동글을 선이 아닌 기계에 직접 꽂을 경우 끊김 현상 발생 마우스를 잡는 엄지 손가락 부분(미끄럼방지)에 때가 낄 경우 닦기 힘듬 직접 경험은 아니지만 휠키 
13149305,https://prod.danawa.com/info/?pcode=13149305&cate=112787,글로리어스 MODEL O 무선,글로리어스,122550,C_reviews_only,,128,,37.5,,,,,,1000,기계식,유선,,,Y,,N,오른손잡이용,4.86,7,,,N,,N,옴론,N,,,[긍정] 아이가 골라서 사줬는데 led도 멋지고 부드럽다고 아주 만족해 하네요. 게임을 위한거지만 ㅋㅋㅋㅋ
54696533,https://prod.danawa.com/info/?pcode=54696533&cate=112787,ninjutso 소라 V2 유무선 해외구매,ninjutso,122750,C_reviews_only,,119.2,,37.3,,PAW-3395,,3395,,8000,기계식,유선,,,Y,,N,오른손잡이용,4,1,,,N,,N,,Y,,,[긍정] 아이 선물인데 맘에 들어합니다~
4830967,https://prod.danawa.com/info/?pcode=4830967&cate=112787,로지텍 G302 DAEDALUS PRIME,로지텍,122760,A_complete,85,115,,37,,,,,,,기계식,"유선,2.4GHz무선,블루투스",,USB-C,Y,2,Y,오른손잡이용,4.75,4,"디자인,가성비",,N,,Y,,Y,,,[긍정] 배송도 빠르고 가격도 저렴하게 구매했습니다 마침 필요한 마우스패드를 사은품으로 보내주셨습니다감사합니다
78099719,https://prod.danawa.com/info/?pcode=78099719&cate=112787,ATTACK SHARK R2 PRO 유무선,ATTACK SHARK,123900,D_metadata_only,,117.6,,38.9,,PAW-3950,,3950,,8000,기계식,유선,,,,,N,오른손잡이용,,,,,N,,N,옴론,N,,,
28644107,https://prod.danawa.com/info/?pcode=28644107&cate=112787,CORSAIR M75 AIR 초경량 유무선 게이밍,CORSAIR,124520,B_detail_only,60,128,,41.6,PTFE,MARKSMAN,26000,650,,2000,광학,"유선,2.4GHz무선,블루투스",100,USB-C,Y,5,Y,오른손잡이용,,,,,Y,,N,,N,,대칭형,
7913164,https://prod.danawa.com/info/?pcode=7913164&cate=112787,로지텍 G502 LIGHTSPEED WIRELESS,로지텍,125120,A_complete,85,132,,40,UPE,HERO 25,1000,100,40,,기계식,"유선,2.4GHz무선,블루투스",,,Y,5,Y,오른손잡이용,4.88,26,디자인,,Y,,N,,Y,,,"[긍정] 26일 주문한것치곤 배송이 좀 느렸던것 빼곤 다 만족합니다. 3월2일 주문한 동일 제품이랑 같은 날짜에 도착했네요 . 역시 선이 없다보니 마우스번지도 필요 없고, 그로인해 마우스 움직일때 선의 간섭이 없다는게 정말 베리베리 만족합니다."
99477566,https://prod.danawa.com/info/?pcode=99477566&cate=112787,로지텍 PRO X SUPERLIGHT 2 SE 해외구매,로지텍,125550,D_metadata_only,,125,,40,UPE,HERO 2,,1000,,1000,하이브리드,무선,1000,,Y,,N,오른손잡이용,,,,,N,,N,LIGHTFORCE,N,,,
5450663,https://prod.danawa.com/info/?pcode=5450663&cate=112787,로지텍 G703 LIGHTSPEED WIRELESS (정품),로지텍,127000,D_metadata_only,,124,,43,,PMW-3366,,63,,1000,,2.4GHz무선,,,Y,,Y,,,3,,,N,,N,,Y,,,
28887509,https://prod.danawa.com/info/?pcode=28887509&cate=112787,글로리어스 MODEL O 2 PRO 유무선,글로리어스,127880,B_detail_only,59,128,,38,세라믹,,26000,650,4,1000,광학,"유선,2.4GHz무선",1000,USB-C,Y,,Y,오른손잡이용,,,,,N,,N,,N,,대칭형,
107770961,https://prod.danawa.com/info/?pcode=107770961&cate=112787,ATK GHOST Extreme,ATK,128000,D_metadata_only,,121,,38,,PAW-3950,,,,8000,기계식,유선+무선,,,Y,,N,오른손잡이용,,,,,N,,N,,Y,,,
78710333,https://prod.danawa.com/info/?pcode=78710333&cate=112787,HITSCAN HYPERLIGHT 유무선,,128980,C_reviews_only,,118,,38,,118mm,,,,8000,기계식,유선,,,Y,,N,오른손잡이용,5,4,,,N,,N,옴론,Y,클로그립,,[긍정] 바미니는 안써봤지만 작은 마우스를 선호 하는 편이여서 한번 구매 해봤는데 손에 촥 감기네요! 손 크기는 17.5 이고 클로 그립 유저입니다!!
15485003,https://prod.danawa.com/info/?pcode=15485003&cate=112787,글로리어스 MODEL D 무선,글로리어스,129000,B_detail_only,69,128,,42,PTFE,"Glorious BAMF Sensor
-",,400,,1000,기계식,"유선,2.4GHz무선",1000,USB-C,Y,8,Y,오른손잡이용,,,,,Y,,N,,N,"팜그립,핑거그립","허니컴,대칭형,에르고",
12006329,https://prod.danawa.com/info/?pcode=12006329&cate=112787,로지텍 MX MASTER 3 for Mac (정품),로지텍,129000,B_detail_only,141,125,,51,,4000DPI,4000,51,,,기계식,"유선,2.4GHz무선,블루투스",3,USB-C,Y,7,Y,오른손잡이용,,,,,N,,Y,,N,,"대칭형,에르고",
27952946,https://prod.danawa.com/info/?pcode=27952946&cate=112787,ASUS ROG HARPE ACE AIM LAB 유무선,ASUS,130650,B_detail_only,54,127.5,,39.6,PTFE,ROG AIMPOINT,2000,650,50,1000,기계식,"유선,2.4GHz무선,블루투스",1000,,Y,5,Y,오른손잡이용,,1,,,Y,,N,,N,"팜그립,클로그립,핑거그립","대칭형,에르고",
74248439,https://prod.danawa.com/info/?pcode=74248439&cate=112787,글로리어스 SERIES 2 PRO 유무선,글로리어스,132300,B_detail_only,55,119,,38,PTFE,,26000,650,50,8000,광학,"유선,2.4GHz무선",1000,USB-C,Y,6,N,오른손잡이용,,1,,,Y,,N,,Y,핑거그립,에르고,
97875020,https://prod.danawa.com/info/?pcode=97875020&cate=112787,Pulsar X2 CrazyLight 무선 서울 에디션 중고,Pulsar,134100,D_metadata_only,,115.6,,36.6,,,,8000,,8000,광학,무선,,,Y,,N,,,,,,N,,N,,Y,,,
77379395,https://prod.danawa.com/info/?pcode=77379395&cate=112787,NZXT Lift Elite 유무선,NZXT,135000,B_detail_only,57,118.8,,38.3,PTFE,PAW-3395,26000,650,50,8000,광학,"유선,2.4GHz무선",70,USB-C,Y,6,Y,오른손잡이용,,1,,,Y,,N,"후아노,TTC",Y,"클로그립,핑거그립","대칭형,에르고",
93700214,https://prod.danawa.com/info/?pcode=93700214&cate=112787,Pulsar Xlite CrazyLight 무선,Pulsar,135700,B_detail_only,41,115.6,,40.7,,,32000,750,50,8000,광학,무선,1000,USB-C,Y,,Y,,,16,,,N,,N,TTC,Y,팜그립,"대칭형,에르고",
102754769,https://prod.danawa.com/info/?pcode=102754769&cate=112787,Pulsar Xlite CrazyLight 무선 미디엄,Pulsar,135700,B_detail_only,44,122,66,43,,,32000,750,50,8000,광학,무선,1000,USB-C,Y,,Y,오른손잡이용,,16,,,N,,N,TTC,N,팜그립,에르고,
20727998,https://prod.danawa.com/info/?pcode=20727998&cate=112787,Razer Naga V2 HyperSpeed 무선 블루투스,Razer,135780,A_complete,95,119.5,,43.5,PTFE,FOCUS PRO 30K,,,50,,기계식,"2.4GHz무선,블루투스",480,,Y,19,Y,오른손잡이용,4.75,4,,,N,블루,N,Razer광학,Y,,에르고,[긍정] 잘 받았습니다. 생각보다 좀 무겁지만 쓸만하네요.
17423228,https://prod.danawa.com/info/?pcode=17423228&cate=112787,BenQ ZOWIE FK2-C,BenQ,135830,B_detail_only,,125,,36,PTFE,PIXART PMW,3200,,,1000,기계식,유선,1000,,,,Y,오른손잡이용,,,,,N,,N,,N,"팜그립,클로그립","대칭형,에르고",
17171645,https://prod.danawa.com/info/?pcode=17171645&cate=112787,로지텍 MX Master 3S (정품),로지텍,136280,A_complete,141,124.9,,51,,다크필드,1000,,,,기계식,블루투스,3,USB-C,Y,7,N,오른손잡이용,4.97,90,,,N,,Y,,Y,,,[긍정] 이틀째 영 불편하다가 삼일째인 오늘 겨우 조금 적응된듯합니다 옆에 휠은 어케사용한지몰라 안하고 윗쪽휠 사용중인데 스크롤 내릴때 가끔 손피부가 약간 틈으로 끼어 불편하지만 그외엔 적응중입니다 데스크용인것 같네요 노트북엔 좀 아닌듯해요 사용하다가 불편하면 다시 로지텍 아래단계인 애니훼어3 다시구매할지도 ..; 암튼 기대가 커서인지 아직은 그럭저럭 사용중입니다
74053382,https://prod.danawa.com/info/?pcode=74053382&cate=112787,LAMZU 아틀란티스 미니 유무선 챔피언 에디션,LAMZU,137470,C_reviews_only,,117,,37,,37mm,,,,,기계식,,,,Y,,N,오른손잡이용,5,4,디자인,,N,,N,옴론,N,,,"[긍정] 손이 작은 와이프 선물로 사줬는데 디자인, 무게, 그립감 다 너무 만족스러워해요!!손이 작으신 핑크색 좋아하시는 분들 강추입니다👍"
54813059,https://prod.danawa.com/info/?pcode=54813059&cate=112787,그라바스타 머큐리 M1 PRO 유무선,그라바스타,137890,D_metadata_only,,124,,39.5,,PAW-3395,,124,,4000,광학,유선+무선,,,Y,,Y,오른손잡이용,,,,,N,,N,,N,,,
92153870,https://prod.danawa.com/info/?pcode=92153870&cate=112787,Pulsar ZywOo The Chosen 미니 무선,Pulsar,137970,B_detail_only,55,115.6,63.4,40.7,,"40.7mm
-",32000,750,50,8000,기계식,무선,1000,USB-C,Y,,Y,,,1,,,N,,N,후아노,N,팜그립,에르고,
92153882,https://prod.danawa.com/info/?pcode=92153882&cate=112787,Pulsar ZywOo The Chosen 미디움 무선,Pulsar,137990,D_metadata_only,,122,,43,,,,122,,8000,,무선,,,Y,,Y,오른손잡이용,,1,,,N,,N,,N,,,
62868386,https://prod.danawa.com/info/?pcode=62868386&cate=112787,켄싱턴 SlimBlade Trackball Mouse,켄싱턴,138000,C_reviews_only,,,,,,,,1400,,,기계식,유선,,,,,N,,4.87,15,"무선안정성,손목편안함,디자인",,N,,N,,N,,,"[긍정] 세번째 구매입니다.집에서는 슬림블레이드 프로를 쓰고 있는데, 배송 시간이 많이 걸릴것 ？아 유선으로 주문했는데, 예상 배송일보다 이틀이나 먼저 배달되었습니다.손목이 편해서 슬림블레이드만 쓰고 있어요.박스디자인은 바뀌었지만, 제품자체 디자인은 그대로네요.사진상으로는 트랙볼 주변의 색이 어두운 색인것처럼 되었는데, 광택있는 은빛이네요. 기능은 같고 디자인은 무"
28887899,https://prod.danawa.com/info/?pcode=28887899&cate=112787,글로리어스 MODEL D 2 PRO 유무선,글로리어스,138990,B_detail_only,59,127,,42,세라믹,,26000,650,4,1000,광학,"유선,2.4GHz무선",1000,USB-C,Y,,Y,오른손잡이용,,,,,N,,N,,N,,대칭형,
27806564,https://prod.danawa.com/info/?pcode=27806564&cate=112787,글로리어스 MODEL I 2 유무선,글로리어스,139000,B_detail_only,59,129,,42,PTFE,,26000,650,50,1000,기계식,"유선,2.4GHz무선,블루투스",210,USB-C,Y,2,Y,오른손잡이용,,9,,,Y,,N,,N,,"대칭형,에르고",
69867458,https://prod.danawa.com/info/?pcode=69867458&cate=112787,글로리어스 MODEL O 2 Mini 유무선,글로리어스,139000,B_detail_only,57,120,,36,PTFE,,26000,650,50,1000,기계식,"유선,2.4GHz무선,블루투스",1000,USB-C,Y,6,N,오른손잡이용,,30,,,Y,,N,,Y,"팜그립,클로그립,핑거그립","대칭형,에르고",
72978722,https://prod.danawa.com/info/?pcode=72978722&cate=112787,프리플로우 archon MAGNOX SL PRO MINI 유무선,프리플로우,139000,B_detail_only,39,115.8,60.4,36.1,,PAW-3950,30000,3950,50,8000,기계식,"유선,2.4GHz무선,블루투스",1000,,Y,7,Y,,,6,,,N,,N,TTC,Y,"클로그립,핑거그립",에르고,
98766323,https://prod.danawa.com/info/?pcode=98766323&cate=112787,로지텍 MX Master 3S Bluetooth Edition (정품),로지텍,139000,C_reviews_only,,125,,51,,다크필드,,51,,,기계식,블루투스,,,Y,,N,오른손잡이용,5,1,,,N,블루,Y,,Y,,,[긍정] 컴터 연결에 애 좀 먹었으나 만족합니디
66047333,https://prod.danawa.com/info/?pcode=66047333&cate=112787,로지텍 MX ERGO S 무선 (정품),로지텍,141390,C_reviews_only,,,,,,,,,,,기계식,,,USB-C,,,N,오른손잡이용,4.8,10,"클릭감,가성비",,N,,Y,,N,,,[긍정] 일단 무소음이라 좋습니다 소음도 안나고 클릭감도 좋네요다만 휠은 무소음이 아닙니다 일반휠보다는 소리가좀 덜나긴하는데 소리가 나는편이에요유니파잉 지원 안합니다 1동글로 사용하시는분들 참고하세요 mx ergo는 지원하는데 s는 없네요각도 조절은 중간단계는 안됩니다충전 타입이 C인것도 마음에 듭니다 키보드랑 1동글로 사용하려고 k860제품이랑 같이 구매하였는데결
21574769,https://prod.danawa.com/info/?pcode=21574769&cate=112787,제닉스 TITAN GC WIRELESS 유무선,제닉스,141550,D_metadata_only,,120,,38.3,,PAW-3395,,1000,,1000,기계식,유선+무선,1000,,Y,,Y,오른손잡이용,,2,,,N,,N,칼화,Y,,,
32885231,https://prod.danawa.com/info/?pcode=32885231&cate=112787,Pulsar X2H eS 유무선,Pulsar,141550,D_metadata_only,,120,,39.5,,PAW-3395,,120,50,,,유선+무선,2,,Y,,N,,,,,,N,,N,,Y,,,
17679143,https://prod.danawa.com/info/?pcode=17679143&cate=112787,Pulsar X2 미니 무선 마우스,Pulsar,143000,B_detail_only,52,116,,36,,PAW-3395,26000,650,50,1000,기계식,"유선,2.4GHz무선",1000,USB-C,Y,6,Y,오른손잡이용,,,,,N,,N,"TTC,칼화",Y,핑거그립,대칭형,
15315590,https://prod.danawa.com/info/?pcode=15315590&cate=112787,CORSAIR M65 RGB ULTRA WIRELESS,CORSAIR,143510,B_detail_only,110,117,,39,PTFE,OPTICAL CORSAIR MARKSMAN,26000,39,50,2000,광학,"유선,2.4GHz무선,블루투스",120,USB-C,Y,8,Y,오른손잡이용,,3,,,Y,,N,옴론,N,,,
91766396,https://prod.danawa.com/info/?pcode=91766396&cate=112787,ASUS TUF Gaming MINI 하츠네 미쿠 에디션,ASUS,144000,D_metadata_only,,115,,37.5,,,,37,,,,유선,,,Y,,N,,,,,,N,,N,,N,,,
28079951,https://prod.danawa.com/info/?pcode=28079951&cate=112787,DELL MS900 무선,DELL,144260,D_metadata_only,,126.7,,45.8,,,,126,,,,무선,,,Y,,N,오른손잡이용,,,,,N,,N,,N,,,
95286548,https://prod.danawa.com/info/?pcode=95286548&cate=112787,CORSAIR 나이트세이버 RGB 무선 게이밍 중고,CORSAIR,144770,D_metadata_only,,129.41,,40.41,,MARKSMAN,,2000,,2000,기계식,유선+무선,,,Y,,Y,,,,,,Y,,N,,Y,,,
79112888,https://prod.danawa.com/info/?pcode=79112888&cate=112787,Evoluent VM4S Vertical Mouse,Evoluent,146360,B_detail_only,,,,,,,,57,,,,"유선,2.4GHz무선,블루투스",,,Y,,N,오른손잡이용,,,,,N,,N,,N,,에르고,
74999120,https://prod.danawa.com/info/?pcode=74999120&cate=112787,애플 Magic Trackpad MXK93KH/A,애플,147310,C_reviews_only,,114.9,,10.9,,,,,,,,유선,,,,,N,,4.92,12,,,N,,N,,N,,,"[긍정] 와, 배송이 엄청 빠르네요. 어젯밤 11시 넘어서 주문한 게 오늘 오전에 도착했네요@_@ 실제로 보니까 작고 귀여워서 너무 앙증 맞습니다>.<乃"
99732452,https://prod.danawa.com/info/?pcode=99732452&cate=112787,Pulsar X2 CrazyLight 무선 미디움,Pulsar,147420,B_detail_only,39,120.4,,38,,,32000,750,,8000,광학,무선,1000,USB-C,Y,,Y,오른손잡이용,,16,,,N,,N,TTC,N,"클로그립,핑거그립","대칭형,에르고",
15906449,https://prod.danawa.com/info/?pcode=15906449&cate=112787,로지텍 G303 SHROUD 에디션 (정품),로지텍,147870,D_metadata_only,40,125,,40,,HERO 25,,40,40,,,유선,,,Y,,N,오른손잡이용,,2,,,N,,N,,N,,,
75854975,https://prod.danawa.com/info/?pcode=75854975&cate=112787,Pulsar X2 CrazyLight 무선,Pulsar,148000,B_detail_only,35,115.6,,36.6,,,32000,750,,1000,광학,무선,1000,USB-C,Y,,Y,오른손잡이용,,16,,,N,,N,,Y,"클로그립,핑거그립","대칭형,에르고",
99289271,https://prod.danawa.com/info/?pcode=99289271&cate=112787,Pulsar X3 CrazyLight 무선 RHD,Pulsar,148000,B_detail_only,43,119.6,,41,,,32000,750,50,8000,광학,무선,1000,USB-C,Y,,Y,오른손잡이용,,16,,,N,,N,TTC,Y,"팜그립,클로그립","대칭형,에르고",
106720994,https://prod.danawa.com/info/?pcode=106720994&cate=112787,Pulsar X2N CrazyLight 무선 미니,Pulsar,148000,B_detail_only,43,118.4,,38.2,,,32000,750,,8000,광학,,1000,USB-C,Y,6,Y,양손,,16,,,N,,N,TTC,Y,클로그립,대칭형,
98411243,https://prod.danawa.com/info/?pcode=98411243&cate=112787,Pulsar X2H CrazyLight,Pulsar,148000,B_detail_only,37,115.6,62,38,,,32000,750,50,8000,광학,,1000,USB-C,Y,,Y,오른손잡이용,,16,,,N,,N,,Y,클로그립,"대칭형,에르고",
99289349,https://prod.danawa.com/info/?pcode=99289349&cate=112787,Pulsar X3 CrazyLight 무선 LHD,Pulsar,148000,D_metadata_only,,119.6,,41,,,,,,8000,기계식,무선,,,Y,,N,오른손잡이용,,,,,N,,N,,N,,,
14919836,https://prod.danawa.com/info/?pcode=14919836&cate=112787,로지텍 G304 LIGHTSPEED WIRELESS K/DA,로지텍,148800,C_reviews_only,,116,,38,,HERO,,,,,기계식,2.4GHz무선,,,N,,N,오른손잡이용,4.6,5,디자인,,N,,N,,N,,,[긍정] M585 마우스를 만족하며 사용중이라 노트북에 사용하기 위해 G304 제품을 추가 구매했는데 괜찮은거 같습니다
17673140,https://prod.danawa.com/info/?pcode=17673140&cate=112787,Razer DeathAdder V3 Pro,Razer,149000,C_reviews_only,70,128,,44,,Focus Pro 30K,,,70,,기계식,유선+무선,,,Y,,N,오른손잡이용,4.68,31,"경량,클릭감,손목편안함",휠 굴리면 휠이 자꾸 반대로 튀어서 불편함문의 해도 씹고 답이 없음,N,,N,Razer,N,팜그립,,[긍정] 라지 사이즈 (손목부터 중지 끝까지 19.5cm) 손 보유자에 팜그립 유저로서 사무실에서 로지텍 MX Master 3S 를 만족하면서 쓰다가 집에서는 게임도 해야 하니 게임용으로 좋은 제품 원픽으로 찜해 놓고 기회만 엿보다 드디어 구매경쟁 제품인 로지택 지슈라보다 훨씬 고급스러운 외관에 그립 만족도 최상이고 무게도 너무 가벼워서 놀람 (아무래도 회사에서 M [부정] 휠 굴리면 휠이 자꾸 반대로 튀어서 불편함문의 해도 씹고 답이 없음
17673209,https://prod.danawa.com/info/?pcode=17673209&cate=112787,Razer DeathAdder V3 Pro White Edition,Razer,149000,A_complete,63,128,68,44,PTFE,"Focus Pro 30K Optical Sensor
-",30000,750,70,4000,광학,"유선,2.4GHz무선",1000,USB-C,Y,5,Y,오른손잡이용,4.88,40,"배터리,무선안정성",,N,화이트,N,Razer광학,N,,"대칭형,에르고",[긍정] 배송은 무난하게 이틀만에 왔구요나름 할인받아서 샀는데 10만원 극 후반대.. 성능도 더 좋다는 유선살까했는데 흰색유선이 없어서 그냥 무선 샀습니다어차피 한번 주고 오래쓸꺼 비싼거 사실분들은 나쁘지않은 것 같아요지슈라? 도 유명하던데 기존에 쓰던 로지텍 g102가 좀 작기도하고 손에 안맞는 느낌이라 비대칭 마우스 선택했는데 만족합니다
17024780,https://prod.danawa.com/info/?pcode=17024780&cate=112787,Razer Viper V2 PRO Black,Razer,149000,A_complete,58,126.7,,37.8,PTFE,"Focus Pro 30K Optical Sensor
-",30000,750,70,1000,광학,"유선,2.4GHz무선",1000,USB-C,Y,5,Y,오른손잡이용,4.69,16,"에임정확도,무선안정성,클릭감",어떻게 뽁뽁이 하나 안감아주고 달랑 제품 박스 안에 넣고 보내주시나요? 정말 팔고 싶은 마음이 있으시긴 하신건지 할 말이 없네요. 뭐 중고거래도 이렇게 보내면 바로 환불해달라고 합,N,블랙,N,Razer광학,N,,대칭형,"[긍정] 일단 배송 상태는 굉장히 좋지 않습니다.기름 종이 같은걸 싸놓고 박스 안에 그대로 넣어서 배송 시켜주는 시스템입니다.2번째 사진 우상단 좌하단에 구겨진거 확인해주시고요세번째 사진은 박스 열자마자 찍은 사진입니다. 세월의 흔적이 있어서 그런가 박스 외부, 내부에도 먼지도 그대로 들어있습니다.2022년 3월 제품입니다. 레이저 AS는 워낙 만족도가 높은 회사다 [부정] 어떻게 뽁뽁이 하나 안감아주고 달랑 제품 박스 안에 넣고 보내주시나요? 정말 팔고 싶은 마음이 있으시긴 하신건지 할 말이 없네요. 뭐 중고거래도 이렇게 보내면 바로 환불해달라고 합니다. 당장 사용해야해서 그냥 사용하겠습니다만 다음에도 이런 식으로 보내시면 여기 상점에서 특가로 최저가로 팔든 뭐하든 여기서는 다시 안살 생각입니다."
122627307,https://prod.danawa.com/info/?pcode=122627307&cate=112787,Pulsar X3 CrazyLight 미디움 무선,Pulsar,149000,D_metadata_only,,124.7,,43.1,,,,43,,8000,기계식,무선,,,Y,,N,오른손잡이용,,,,,N,,N,,N,,,
103878176,https://prod.danawa.com/info/?pcode=103878176&cate=112787,Pulsar X2H CrazyLight 미디움 무선,Pulsar,149000,B_detail_only,43,120.4,,39,,,32000,750,50,8000,광학,무선,1000,USB-C,Y,,Y,양손,,16,,,N,,N,TTC,N,클로그립,"대칭형,에르고",
17158853,https://prod.danawa.com/info/?pcode=17158853&cate=112787,스틸시리즈 Aerox 3 Wireless ONYX,스틸시리즈,149000,D_metadata_only,,120.55,,37.98,,TrueMove Air,,,,1000,기계식,무선,,,Y,,Y,오른손잡이용,,,,,N,,N,,N,,,
15707186,https://prod.danawa.com/info/?pcode=15707186&cate=112787,스틸시리즈 Aerox 3 Wireless Ghost,스틸시리즈,149000,D_metadata_only,,120.55,,37.98,,"120.55mm
-",,,,1000,기계식,무선,,,Y,,N,오른손잡이용,,,,,N,,N,,N,,,
89529548,https://prod.danawa.com/info/?pcode=89529548&cate=112787,HyperX Pulsefire Saga Pro 무선,HyperX,149260,D_metadata_only,50,119.7,,39.8,,,,,50,,기계식,무선,,,Y,,Y,,,,,,N,,N,,N,,,
18453749,https://prod.danawa.com/info/?pcode=18453749&cate=112787,Razer Basilisk V3 Pro White Edition,Razer,149460,A_complete,112,130.4,,42.8,,---,,,70,4000,광학,"유선,2.4GHz무선,블루투스",1000,USB-C,Y,,Y,오른손잡이용,4.75,4,"디자인,가성비",,Y,화이트,N,Razer광학,Y,,에르고,[긍정] 영롱합니다. 영상편집용으로 묵직하니 딱이네요
39904625,https://prod.danawa.com/info/?pcode=39904625&cate=112787,CORSAIR M75 RGB 초경량 유무선 게이밍,CORSAIR,149890,C_reviews_only,,128,,42,,MARKSMAN,,2000,,2000,,유선+무선,,,,,Y,오른손잡이용,5,1,,,Y,,N,,Y,,,[긍정] 커세어 화이트 컨셉을 위해 또 쟁여놓으려고 무지성 구매네요 ㅠㅠ 잘 쓸게요~~
73761584,https://prod.danawa.com/info/?pcode=73761584&cate=112787,LAMZU MAYA X 8K 유무선,LAMZU,150000,A_complete,47,124,,40,,PAW3950,30000,124,50,8000,광학,"유선,2.4GHz무선",1000,,Y,6,Y,오른손잡이용,5,9,"경량,클릭감",,N,,N,옴론,Y,"팜그립,클로그립,핑거그립","대칭형,에르고",[긍정] 기존에 사용하던 지슈라가 고장이나면서 새로 주문하게 되었는데요 여러가지 알아보다가 람주 마야X 를 선택했습니다. 구입해본결과 마감이나 포장에 신경을 잘쓴것은 물론 그립 테이프나 하부에 먼지가 들어가지 않게 해주는 스티커도 챙겨줘서 마음에 들었습니다. 잘 사용할게요 ㅎㅎ
97121585,https://prod.danawa.com/info/?pcode=97121585&cate=112787,LAMZU MAYA CHAMPIONS 유무선,LAMZU,150000,A_complete,45,119,,38,,PAW-3950,30000,3950,50,8000,기계식,"유선,2.4GHz무선",1000,USB-C,Y,6,Y,오른손잡이용,5,1,,,N,,N,TTC,Y,"팜그립,클로그립,핑거그립",에르고,[긍정] 전자랜드가서 실물 보고 온라인 구매했는데 더 저렴하게 구매했어요!
3543589,https://prod.danawa.com/info/?pcode=3543589&cate=112787,APPLE Magic Mouse 2 MLA02KH/A,APPLE,150000,D_metadata_only,,113.5,,21.6,,,,113,,,,무선,,,Y,,N,오른손잡이용,,,,,N,,N,,N,,,
13520726,https://prod.danawa.com/info/?pcode=13520726&cate=112787,MAXTILL RATIO RWM20 마우스+ MAXPOT 무선충전패드,MAXTILL,150000,D_metadata_only,,122,,37,,PAW-3335,,,,1000,기계식,유선,,,Y,,N,오른손잡이용,,,,,N,,N,,N,,,
101542376,https://prod.danawa.com/info/?pcode=101542376&cate=112787,CORSAIR M75 RGB 유무선 애플 에디션,CORSAIR,151270,B_detail_only,89,128,,42,PTFE,MARKSMAN,26000,650,50,1000,기계식,"유선,2.4GHz무선,블루투스",1000,USB-C,Y,6,Y,오른손잡이용,,,,,Y,,N,,Y,,,
106703741,https://prod.danawa.com/info/?pcode=106703741&cate=112787,로지텍 MX MASTER 4 해외구매,로지텍,154660,C_reviews_only,,128.2,,50.8,,다크필드,,,,,기계식,,,,Y,,N,,4.67,3,,,N,,Y,,Y,,,[긍정] Well received with thanks a lot. I am glad to have them for myself.
95422997,https://prod.danawa.com/info/?pcode=95422997&cate=112787,로프리 HYPACE 유무선,로프리,155310,D_metadata_only,,121.41,,37.94,,PAW-3950,,121,,8000,기계식,유선+무선,,,Y,,N,,,1,,,N,,N,칼화,Y,,,
95929817,https://prod.danawa.com/info/?pcode=95929817&cate=112787,Pulsar X2 CrazyLight 무선 RFP 에디션,Pulsar,155500,D_metadata_only,,115.6,,36.6,,,,750,,8000,광학,,,,Y,,N,오른손잡이용,,,,,N,,N,,Y,,,
71161829,https://prod.danawa.com/info/?pcode=71161829&cate=112787,로지텍 G PRO X SUPERLIGHT 2,로지텍,157290,C_reviews_only,88,125,,40,UPE,HERO 2,,,88,,하이브리드,,,,Y,,N,,5,2,,,N,,N,LIGHTFORCE,Y,,,[긍정] 유명한 마우스 라길래 사봤습니다.. 매우 가볍고 그립감이 좋네요.. 잘 쓰겠습니다
15870815,https://prod.danawa.com/info/?pcode=15870815&cate=112787,로지텍 G PRO WIRELESS LOL 에디션 (정품),로지텍,157510,D_metadata_only,,125,,40,,HERO 25,,125,,,기계식,무선,,,Y,,N,오른손잡이용,,,,,N,,N,,Y,,,
104042381,https://prod.danawa.com/info/?pcode=104042381&cate=112787,Razer Viper V3 Pro SE,Razer,158000,C_reviews_only,,127.1,,39.9,,Focus Pro 35K,,,70,,,유선,,,Y,,Y,오른손잡이용,5,9,가성비,,N,,N,Razer,N,,,[긍정] 좋은 가격에 잘 구매했습니다.애가 너무좋아하네요.많이파세요.가성비좋은 제품 입니다
93015689,https://prod.danawa.com/info/?pcode=93015689&cate=112787,Pulsar X2 CrazyLight 무선 T1 에디션,Pulsar,158000,B_detail_only,36,115.6,,36.6,,,32000,750,50,8000,광학,무선,1000,USB-C,Y,,Y,오른손잡이용,,16,,,N,,N,,N,"클로그립,핑거그립","대칭형,에르고",
93015947,https://prod.danawa.com/info/?pcode=93015947&cate=112787,Pulsar X2 CrazyLight 무선 PRX 에디션,Pulsar,158000,D_metadata_only,,115.6,,36.6,,,,8000,,8000,펄사 옵티컬 스위치,무선,,,Y,,N,,,,,,N,,N,,Y,,,
122626949,https://prod.danawa.com/info/?pcode=122626949&cate=112787,스틸시리즈 Aerox 3 Wireless Gen 2,스틸시리즈,159000,D_metadata_only,,120.5,,37.6,,,,37,,4000,기계식,유선,,,Y,,Y,,,,,,N,,N,,Y,,,
15852782,https://prod.danawa.com/info/?pcode=15852782&cate=112787,BenQ ZOWIE EC2-C 유선 마우스,BenQ,159400,B_detail_only,,124,,42,PTFE,PMW-3360,3200,,,1000,,유선,1000,,,,Y,오른손잡이용,,,,,N,,N,,N,"팜그립,클로그립","대칭형,에르고",
98766227,https://prod.danawa.com/info/?pcode=98766227&cate=112787,로지텍 MX MASTER 4 For Mac (정품),로지텍,161610,A_complete,150,128.2,,50.8,,다크필드,8000,,,,기계식,블루투스,3,USB-C,Y,8,N,오른손잡이용,4.26,19,"부드러운움직임,디자인",mx 마스터3s 보다 미묘하게 조금 큰데 불편함.맥써도 맥용 살 필요가 없는듯 맥용은 블루투스만 있음,N,,Y,,Y,,,[긍정] 저는 MX 애니웨어만 쓰다가.새로 나온 MX 마스터를 한번 적응해보려고 노력하기 위해 구입했습니다. 그런데 역시나 손에 사이즈가 문제인지 적응이 너무 힘드네요. 전체적으로 새로운 기능이나 디자인 만듦새가 좋지만 저는 아무래도 애니웨어로 돌아가야 될 것 같아요. 애니웨어 4는 언제 나올까요? [부정] mx 마스터3s 보다 미묘하게 조금 큰데 불편함.맥써도 맥용 살 필요가 없는듯 맥용은 블루투스만 있음
70006496,https://prod.danawa.com/info/?pcode=70006496&cate=112787,로지텍 G PRO X SUPERLIGHT 2 DEX,로지텍,163940,D_metadata_only,,125.8,,43.9,UPE,HERO 2,,,88,,하이브리드,유선,,,Y,,N,오른손잡이용,,1,,,N,,N,LIGHTFORCE,Y,,,
16702565,https://prod.danawa.com/info/?pcode=16702565&cate=112787,APPLE Magic Mouse 2 MMMQ3KH/A,APPLE,164890,D_metadata_only,,113.5,,21.6,,,,,,,,무선,,,Y,,N,오른손잡이용,,,,,N,,N,,N,,,
34816811,https://prod.danawa.com/info/?pcode=34816811&cate=112787,Razer DeathAdder V3 Pro HyperPolling Dongle 번들팩,Razer,164900,D_metadata_only,70,128,,44,,Focus Pro 30K,,,70,,기계식,유선,,,Y,,N,오른손잡이용,,2,,,N,,N,Razer,Y,,,
99287795,https://prod.danawa.com/info/?pcode=99287795&cate=112787,ASUS ROG KERIS II ORIGIN 유무선,ASUS,167210,B_detail_only,65,121,,42,,,42000,,50,8000,기계식,"2.4GHz무선,블루투스",,USB-C,Y,,Y,,,,,,Y,,N,,Y,,에르고,
93443069,https://prod.danawa.com/info/?pcode=93443069&cate=112787,Pulsar X2F 무선,Pulsar,168000,B_detail_only,38,87.5,61.1,87.5,PTFE,"31.6mm
-",32000,750,50,1000,기계식,무선,1000,USB-C,Y,,Y,양손,,,,,N,,N,후아노,N,핑거그립,대칭형,
28481684,https://prod.danawa.com/info/?pcode=28481684&cate=112787&adinflow=Y,로지텍 G PRO X SUPERLIGHT 2 (정품) (블랙),로지텍,169000,A_complete,60,125,63.5,40,PTFE,HERO 2,32000,,50,2000,광학,"유선,2.4GHz무선",95,USB-C,Y,5,Y,오른손잡이용,4.79,420,"경량,에임정확도,배터리",센서 접촉 불량이 잦습니다. 제품마다 케바케일 순 있으나 제가 주문한 지슈라2 핑크 제품은 극세사 밥패드 브레이킹 패드 위에서 LOD 높음 상태로도 인식이 되었다 안되었다 난리칩니,N,블랙,N,LIGHTFORCE,N,,,"[긍정] 일단 배송은 엄청 빨리 보내주셨어요전에쓰던 마우스가 로지텍g1마우스였습니다 디자인도화이트 색상이라 디자인이 정말 깔끔하고 예뻐요실제로 써보니 무게가 엄청 가벼워서 손목 부담이 거의 없고, 마우스 움직임도 굉장히 부드러워요. FPS 게임할 때 에임이 안정적으로 따라와서 만족스럽습니다.무선인데도 끊김 전혀 없고, 배터리도 엄청 오래 가서 자주 충전 안 해도 되 [부정] 센서 접촉 불량이 잦습니다. 제품마다 케바케일 순 있으나 제가 주문한 지슈라2 핑크 제품은 극세사 밥패드 브레이킹 패드 위에서 LOD 높음 상태로도 인식이 되었다 안되었다 난리칩니다.마우스를 좌우로 왔다갔다하면 0.몇초씩 뇌정지 상태가 됩니다"
20207012,https://prod.danawa.com/info/?pcode=20207012&cate=112787,글로리어스 MODEL D PRO 유무선,글로리어스,169000,A_complete,58,128,,42,PTFE,,19000,400,50,1000,기계식,유선,80,USB-C,Y,6,N,오른손잡이용,5,1,,,Y,,N,,N,핑거그립,"대칭형,에르고",[긍정] 중학생 아이 컴퓨터 마우스로 구매했어요 너무 좋아하네요
104591885,https://prod.danawa.com/info/?pcode=104591885&cate=112787,Pulsar X2 CrazyLight 블루아카이브 에디션,Pulsar,169000,B_detail_only,39,120.4,63,38,,,32000,750,50,1000,광학,무선,1000,USB-C,Y,4,Y,오른손잡이용,5,2,,,N,블루,N,TTC,Y,"클로그립,핑거그립","대칭형,에르고",[긍정] 최고예요
104591888,https://prod.danawa.com/info/?pcode=104591888&cate=112787,Pulsar X2 CrazyLight 블루아카이브 에디션,Pulsar,169000,B_detail_only,39,120.4,63,38,,Pulsar XS-1,32000,750,50,1000,광학,무선,1000,USB-C,Y,4,Y,양손,5,1,,,N,블루,N,TTC,N,"클로그립,핑거그립","대칭형,에르고",[긍정] 최고예요
95200385,https://prod.danawa.com/info/?pcode=95200385&cate=112787,Pulsar PRO Series JV-X 무선,Pulsar,169000,B_detail_only,56,121,62,40.6,,,32000,750,50,1000,광학,무선,1000,USB-C,Y,,Y,,,16,,,N,,N,,N,"팜그립,클로그립",에르고,
101187059,https://prod.danawa.com/info/?pcode=101187059&cate=112787,Pulsar X2 CrazyLight 무선 미니 Bruce Lee 85th Edition,Pulsar,169000,D_metadata_only,,115.6,,36.6,,,,8000,,8000,펄사 옵티컬 스위치,무선,,,Y,,N,,,,,,N,,N,,Y,,,
74251007,https://prod.danawa.com/info/?pcode=74251007&cate=112787,그라바스타 머큐리 M1 PRO 유무선 배틀원,그라바스타,169100,D_metadata_only,,124,,39.5,,PAW-3395,,124,,4000,기계식,유선,,,Y,,Y,오른손잡이용,,,,,N,,N,,N,,,
99477470,https://prod.danawa.com/info/?pcode=99477470&cate=112787,로지텍 PRO X SUPERLIGHT 2c,로지텍,169880,D_metadata_only,88,118.4,,38.6,UPE,HERO 2,,,88,,LIGHTFORCE 스위치,무선,,,Y,,N,오른손잡이용,,,,,N,,N,,N,,,
98766185,https://prod.danawa.com/info/?pcode=98766185&cate=112787,로지텍 MX MASTER 4 (정품),로지텍,170050,C_reviews_only,,128.2,,50.8,,다크필드,,128,,,기계식,무선,,,Y,,N,오른손잡이용,4.81,141,,구입후 신청하면 네이버포인트 1만원 지급 이벤트 있었는데한달이 넘도록 안들어오네요연락을 몇번을 했는데 기만당했네요,N,,Y,,N,,,"[긍정] 이번에 맥북을 구매하면서 이 로지텍 MX MASTER 4도 구매했습니다. 맥북의 트랙패드도 좋지만 제 손가락 지문은 아무래도 무리일 듯 싶습니다. 지금도 쓰고 있는 로지텍 미니 키보드도 정말 만족하면서 사용하고 있는 터라 이 MX MASTER 4도 기대감이 큽니다. 그립감도 좋고 맥북이 실버라, 'FOR MAC의 실버 VS 페이그레이'에서 많이 고민했는데  [부정] 구입후 신청하면 네이버포인트 1만원 지급 이벤트 있었는데한달이 넘도록 안들어오네요연락을 몇번을 했는데 기만당했네요"
20572301,https://prod.danawa.com/info/?pcode=20572301&cate=112787,CORSAIR DARKSTAR RGB 무선 게이밍,CORSAIR,171960,A_complete,96,129.05,,43.64,PTFE,CORSAIR MARKSMAN,26000,650,50,2000,광학,"유선,2.4GHz무선,블루투스",80,USB-A,Y,6,Y,오른손잡이용,4,3,,손작은 사람은 절대비추팜그립 아닌사람도 비추손크고 팜그립이면 개 좋을거 같지만본인은 그러지 못한 관계로 처분예정 ㅠ,Y,,N,,Y,팜그립,,[긍정] 가볍고 반응도 빠른 것 같습니다. icue를 이용해서 여러가지 작업이 가능한 것이 좋습니다. 기울기 제스쳐기능은 신박하긴 하네요. [부정] 손작은 사람은 절대비추팜그립 아닌사람도 비추손크고 팜그립이면 개 좋을거 같지만본인은 그러지 못한 관계로 처분예정 ㅠ
17951693,https://prod.danawa.com/info/?pcode=17951693&cate=112787,로지텍 MX Master 3S For Mac (정품),로지텍,172000,C_reviews_only,,124.9,,51,,다크필드,,51,,,무소음 스위치,블루투스,,,Y,,N,오른손잡이용,4.91,11,"클릭감,손목편안함,디자인",,N,,N,,Y,,에르고,[긍정] 로지텍 MX MECHANICAL MIN for mac 기계식 키보드를 구매하면서처음엔 LIFT 블루투스 버티컬 마우스를 구매하려 했으나 버티컬 마우스를 사용해 본 적 없었고 손목 통증도 없었고MX master 3 사용하고 있어서 익숙한 디자인에 기능을 가지고 있는 로지텍 MX Master 3S for Mac 마우스를 함께 구매했습니다.제품 상세설명 외의 사
79550486,https://prod.danawa.com/info/?pcode=79550486&cate=112787,Angry Miao AM Infinity 유무선,Angry Miao,172800,C_reviews_only,,118,,39.5,,PAW-3950,,118,,8000,기계식,유선+무선,,,Y,,N,,5,3,,,N,,N,TTC,Y,,,[긍정] 싸게 삿지만 배송기간도 길엇고 무엇보다 내손에 맞아 애용하고 있엇습니다. 쓴지 한달 됬는데 베터리에 부착된 자석 부분이 떨어져 나가 충전포트에서 떨어지질 안내요. 고증
13168031,https://prod.danawa.com/info/?pcode=13168031&cate=112787,Razer Basilisk Ultimate,Razer,173000,D_metadata_only,50,130,,42,,Focus+,,42,50,,기계식,유선,,,Y,,Y,오른손잡이용,,,,,N,,N,Razer,Y,,,
28865003,https://prod.danawa.com/info/?pcode=28865003&cate=112787,글로리어스 MODEL O 2 PRO 8KHz 유무선,글로리어스,173880,A_complete,59,128,,38,세라믹,Glorious Optical 100M,26000,650,50,8000,광학,"유선,2.4GHz무선",1000,USB-C,Y,6,Y,오른손잡이용,5,1,클릭감,,N,,N,,Y,,대칭형,"[긍정] 많이 가볍고, 클릭 감이 조금 별루네요.무빙 감도는 좋은것 같고요. 일반 모델 O가 더 나은듯요."
13172862,https://prod.danawa.com/info/?pcode=13172862&cate=112787,로지텍 G502 X LIGHTSPEED (정품),로지텍,175990,C_reviews_only,40,131.4,,79.2,,HERO 25,,79,40,,하이브리드,"유선,2.4GHz무선",,USB-C,Y,3,Y,,4.77,100,"배터리,무선안정성,부드러운움직임",,Y,,N,LIGHTFORCE,Y,,,"[긍정] 우선 저는 무선 마우스를 처음 사용하며, 여태까지 마우스는 유선 게이밍 마우스만 사용했습니다.그리고 손은 평균보다 조금 큰편이라 일반적인 게이밍 마우스를 사용하면 바닥에 손바닥이 계속 걸려서 마우스 움직임에 제한이 많았습니다.하지만 이 마우스를 사용하고 나서 일주일정도 테스트하고 있습니다만, 큰 손이신 분들에게는 적극적으로 추천하고 싶습니다.거기다가 무선마"
6401910,https://prod.danawa.com/info/?pcode=6401910&cate=112787,로지텍 G PRO WIRELESS (정품),로지텍,176990,A_complete,80,125,,40,PTFE,HERO 25,25600,400,40,1000,기계식,"유선,2.4GHz무선",,,Y,2,Y,양손,5,1,,,Y,,N,,N,,,[긍정] good good~~
17080967,https://prod.danawa.com/info/?pcode=17080967&cate=112787,스틸시리즈 Aerox 5 Wireless,스틸시리즈,178700,B_detail_only,74,128.8,,42.1,PTFE,TrueMove Air,,400,,1000,기계식,"2.4GHz무선,블루투스",1000,USB-C,Y,5,Y,오른손잡이용,,,,,Y,,N,SteelSeries,Y,"팜그립,클로그립",에르고,
100697765,https://prod.danawa.com/info/?pcode=100697765&cate=112787,로지텍 PRO X SUPERLIGHT 2 SE (정품),로지텍,179000,C_reviews_only,88,125,,40,UPE,HERO 2,,,88,,하이브리드,,,,Y,,Y,,5,1,,,N,,N,LIGHTFORCE,N,,,[긍정] 적당한 쉘에 적절한 그립감으로 게임할때 효율이 좋아지는 것만 같은 아주 좋은게이밍 마우스에요
80354432,https://prod.danawa.com/info/?pcode=80354432&cate=112787,CHERRY XTRFY M68 PRO 유무선,CHERRY,179000,D_metadata_only,55,,,61,,PAW-3395,,,,8000,기계식,유선,,,Y,,N,오른손잡이용,,,,,N,,N,후아노,N,,,
18307304,https://prod.danawa.com/info/?pcode=18307304&cate=112787,ASUS ROG GLADIUS III WIRELESS AIMPOINT,ASUS,179590,B_detail_only,79,123,,44,,2,36000,650,50,1000,광학,"2.4GHz무선,블루투스",1000,USB-C,Y,,Y,,,3,,,Y,,N,,N,핑거그립,비대칭,
16419296,https://prod.danawa.com/info/?pcode=16419296&cate=112787,3Dconnexion 3DX-700080 유선 캐드 설계 마우스,3Dconnexion,179990,C_reviews_only,,126,,44,,,,,,1000,기계식,유선,,,,,N,,5,2,손목편안함,,N,,N,,Y,,,[긍정] 기존의 캐드마우스 구형은 편하고 묵직하게 잡히는 느낌이 좋았는데 이번에 구매한 캐드마우스프로는 뭐랄까 묵직한 느낌은 많이 사라졌네요. 다이어트가 되어서 캐드용 보다는 게이밍용 마우스에 더 적합한 그립인 것 같아요. 손목 받침대를 빼고 써야 할 듯 하네요. 그리고 측면 고무 코팅만 재질이 다른지 하얗게 일어났네요.
99711773,https://prod.danawa.com/info/?pcode=99711773&cate=112787,로지텍 PRO X SUPERLIGHT 2c (정품),로지텍,183010,C_reviews_only,88,118.4,,38.6,UPE,HERO 2,,,88,,LIGHTFORCE 스위치,무선,,,Y,,N,오른손잡이용,4.96,72,클릭감,,N,,N,,Y,,,[긍정] 지슈라가 저한텐 좀 커서 불편했는데 이번에 미니버전 작은게 나와서 너무 좋네요 그립감이 손에 딱 맞고 너무 좋아요 클릭감이 좀 아쉬운데 클릭감이 좀 무겁다고 해야하나 (기존에 사용하던게 클릭감이 가볍고 살짝만 눌러도 눌려지는 느낌인지라) 장시간 사용하기엔 손가락이랑 손등이 좀 무리가 갈듯해요 그것말곤 엄청 그립감 좋고 부드럽고 만족합니다
91039475,https://prod.danawa.com/info/?pcode=91039475&cate=112787,CORSAIR SCIMITAR RGB 엘리트 무선 SE,CORSAIR,183450,B_detail_only,114,119.23,,42.17,PTFE,MARKSMAN S,33000,750,4,1000,광학,"유선,2.4GHz무선,블루투스",1000,USB-C,Y,16,Y,,,4,,,Y,,N,,Y,,에르고,
71901665,https://prod.danawa.com/info/?pcode=71901665&cate=112787,CORSAIR M75 RGB 유무선 콜오브듀티 블랙옵스6 에디션,CORSAIR,188180,D_metadata_only,,128,,42,,MARKSMAN,,,,2000,기계식,유선,,,Y,,Y,오른손잡이용,,,,,Y,블랙,N,,Y,,,
90697697,https://prod.danawa.com/info/?pcode=90697697&cate=112787,Razer Pro Click V2 Vertical Edition,Razer,188990,C_reviews_only,40,111,,79,,Focus Pro 30K,,,40,,기계식,유선,,,Y,,Y,오른손잡이용,4.88,8,"클릭감,손목편안함",,N,,N,Razer,Y,,에르고,"[긍정] 초기버전인 프로클릭과 프로클릭 미니, 그리고 프로클릭 v2 일반버전과 이 버티컬 버전까지 모두 다 사봤다. 이전의 프로클릭부터 프로클릭 v2까지는 사무용 마우스라 하나 거의 게이밍 마우스와 차이가 없었다. 그러나 이번 제품은 확실하게 사무용으로 내놓은 제품이다.우선 평소의 마우스를 썼다면 익숙하지 않은 그립감에 당황할 수 있다. 내가 손이 조금 작은 편이긴"
97221533,https://prod.danawa.com/info/?pcode=97221533&cate=112787,스틸시리즈 CS2 Dragon Lore 유무선,스틸시리즈,189000,D_metadata_only,40,120.55,,37.98,,,,,40,,기계식,유선+무선,,,Y,,N,,,,,,N,,N,,N,,,
98084132,https://prod.danawa.com/info/?pcode=98084132&cate=112787,ASUS ROG HARPE II ACE 유무선,ASUS,191200,B_detail_only,48,126.1,,39.7,PTFE,,42000,750,50,8000,광학,"유선,2.4GHz무선,블루투스",114,USB-C,Y,,Y,오른손잡이용,,,,,Y,,N,,N,"클로그립,핑거그립",대칭,
60009266,https://prod.danawa.com/info/?pcode=60009266&cate=112787,Razer DeathAdder V3 HyperSpeed HyperPolling Dongle 번들팩,Razer,194000,B_detail_only,55,122,,41.3,PTFE,99.6,26000,500,,8000,광학,"유선,2.4GHz무선",100,USB-C,Y,,N,오른손잡이용,,,,,Y,,N,Razer광학,Y,,"대칭형,에르고",
106749503,https://prod.danawa.com/info/?pcode=106749503&cate=112787,Pulsar ZywOo The Chosen 미니 무선 GEN2,Pulsar,198000,B_detail_only,59,114.5,,41.8,,"114.5mm
-",32000,750,50,8000,광학,2.4GHz무선,1000,USB-C,Y,,Y,오른손잡이용,,,,,N,,N,,Y,팜그립,에르고,
11237262,https://prod.danawa.com/info/?pcode=11237262&cate=112787,MadCatz R.A.T AIR,MadCatz,199000,D_metadata_only,100,,,,,100g,,,,1000,기계식,유선+무선,,,,,N,오른손잡이용,,1,,,N,,N,옴론,N,,,
35393978,https://prod.danawa.com/info/?pcode=35393978&cate=112787,BenQ ZOWIE U2 무선,BenQ,199000,B_detail_only,60,124,,38,,PAW-3395,1600,,,1000,기계식,유선,1000,USB-C,Y,,Y,오른손잡이용,,1,,,N,,N,,N,클로그립,"대칭형,에르고",
16917233,https://prod.danawa.com/info/?pcode=16917233&cate=112787,스틸시리즈 Aerox 9 Wireless,스틸시리즈,199000,B_detail_only,89,128.8,,42.1,PTFE,TrueMove Air,,400,,1000,기계식,"2.4GHz무선,블루투스",1000,USB-C,Y,12,Y,오른손잡이용,,,,,Y,,N,SteelSeries,N,팜그립,에르고,
5443569,https://prod.danawa.com/info/?pcode=5443569&cate=112787,로지텍 G903 LIGHTSPEED WIRELESS (정품),로지텍,199000,D_metadata_only,,130.3,,40.4,,"40.4mm
- DPI",,,,,,2.4GHz무선,,,Y,,N,,,,,,N,,N,,N,,,
12065678,https://prod.danawa.com/info/?pcode=12065678&cate=112787,MadCatz R.A.T 8 Plus ADV,MadCatz,200490,B_detail_only,57,,,,,PIXART PMW3205,20000,100,20,2000,기계식,유선,1000,,,11,Y,오른손잡이용,,,,,Y,,N,,N,,,
103517336,https://prod.danawa.com/info/?pcode=103517336&cate=112787,CORSAIR 세이버 v2 PRO MG 무선 게이밍,CORSAIR,202990,B_detail_only,56,122.9,64.1,38.8,UPE,MARKSMAN S,33000,750,50,8000,기계식,"유선,2.4GHz무선,블루투스",170,USB-C,Y,6,Y,,,,,,N,,N,,Y,,,
17816501,https://prod.danawa.com/info/?pcode=17816501&cate=112787,ROCCAT KONE XP AIR,ROCCAT,204000,C_reviews_only,50,126,,40,,,,,50,,기계식,유선+무선,,,Y,,Y,,5,1,경량,,N,,N,,Y,,,[긍정] 잘 작동하고 가벼워요 ㅎㅎ
29860898,https://prod.danawa.com/info/?pcode=29860898&cate=112787,로지텍 G PRO X SUPERLIGHT 2 + 호환 충전 독,로지텍,206550,C_reviews_only,,125,,40,UPE,40mm,,,88,,하이브리드,,,,Y,,Y,오른손잡이용,4.75,8,"무선안정성,클릭감",,N,,N,LIGHTFORCE,N,,에르고,[긍정] 세번째 로지텍 마우스다.. 버티컬 -> G102 -> G pro x 버티컬 10개월 사용하니 플라스틱이 ？아서 손에 묻는다 그지 같다..G102 6개월 사용하니 휠이 잘 안된다.. 짜증 지대루다.. Gprox 무지 비싸다.. 아직 문제 없어 보인다.. 1년안에 문제 생기면 다신 로지텍 안쓸꺼다.
77859428,https://prod.danawa.com/info/?pcode=77859428&cate=112787,로지텍 G PRO X SUPERLIGHT 2 DEX + 호환 충전 독,로지텍,206570,B_detail_only,60,125.8,,43.9,PTFE,HERO 2,44000,888,88,8000,광학,2.4GHz무선,95,USB-C,Y,,Y,오른손잡이용,,1,,,Y,,N,LIGHTFORCE,Y,,"대칭형,에르고",
7956556,https://prod.danawa.com/info/?pcode=7956556&cate=112787,로지텍 G502 LIGHTSPEED WIRELESS (정품),로지텍,211370,A_complete,85,132,,40,UPE,HERO 25K,1000,100,40,,기계식,"유선,2.4GHz무선,블루투스",,,Y,5,Y,,5,1,,,Y,,N,,N,,,[긍정] 빠른 배송에 기존 502유선보다 가볍내요
92045156,https://prod.danawa.com/info/?pcode=92045156&cate=112787,WLmouse Beast X Mini Pro 유무선,WLmouse,218000,D_metadata_only,,116,,35,,PAW-3950HS,,,,,기계식,유선,,,Y,,N,오른손잡이용,,,,,N,,N,옴론,Y,,,
92045192,https://prod.danawa.com/info/?pcode=92045192&cate=112787,WLmouse Beast X Medium Pro 유무선,WLmouse,218000,D_metadata_only,,122,,37,,PAW-3950HS,,,,,기계식,유선,,,Y,,N,오른손잡이용,,,,,N,,N,옴론,Y,,,
92045126,https://prod.danawa.com/info/?pcode=92045126&cate=112787,WLmouse Beast Miao 유무선,WLmouse,218000,D_metadata_only,,,,91,,PAW-3950HS,,,,,기계식,유선,,,Y,,N,,,1,,,N,,N,옴론,Y,,,
27946670,https://prod.danawa.com/info/?pcode=27946670&cate=112787,로지텍 G502 X LIGHTSPEED + 호환 충전 독,로지텍,218900,D_metadata_only,40,131.4,,79.2,,HERO 25,,,40,,기계식,2.4GHz무선,,,Y,,N,오른손잡이용,,,,,N,,N,,Y,,,
94444616,https://prod.danawa.com/info/?pcode=94444616&cate=112787,Razer DeathAdder V4 Pro 화이트,Razer,219000,A_complete,57,128,,44,PTFE,Focus Pro 45K,45000,900,,8000,광학,유선,500,USB-C,Y,8,Y,오른손잡이용,4.43,7,"경량,클릭감",제품 = 성능 너무 좋음,N,화이트,N,Razer광학,N,,에르고,[긍정] 1주일 정도 사용했습니다.우클릭 좌클릭 스위치가 바뀌었는데 소리가 불호입니다.키보드로 치면 청축같은 소리가벼워진것은 너무 좋습니다. 가벼운건 무조건 좋습니다.그외에도 센서도 좋아져서 그런지 kda가 조금 오른 느낌입니다 ^-^ [부정] 제품 = 성능 너무 좋음
10433283,https://prod.danawa.com/info/?pcode=10433283&cate=112787,CORSAIR DARK CORE RGB PRO,CORSAIR,219560,B_detail_only,133,127,89,43,,127mm,18000,,,2000,기계식,"유선,2.4GHz무선,블루투스",36,USB-C,Y,8,Y,,,,,,Y,,N,옴론,N,,,
27947291,https://prod.danawa.com/info/?pcode=27947291&cate=112787,로지텍 G903 HERO WIRELESS + 호환 충전 독,로지텍,220270,D_metadata_only,,130,,40,,HERO 25K,,130,,1000,LIGHTFORCE 스위치,무선,903,,Y,,N,오른손잡이용,,,,,N,,N,,N,,,
56061776,https://prod.danawa.com/info/?pcode=56061776&cate=112787,WLmouse Beast X Mini 유무선 해외구매,WLmouse,220690,D_metadata_only,,116,,35,,PAW-3395,,,,8000,기계식,유선,,,,,N,오른손잡이용,,,,,N,,N,,Y,,,
100691807,https://prod.danawa.com/info/?pcode=100691807&cate=112787,SONY INZONE Mouse A 유무선,SONY,224000,C_reviews_only,,119.8,,40.8,,,,750,,8000,,유선+무선,,,Y,,Y,오른손잡이용,4.5,2,,,N,,N,,N,,,[긍정] 일단 배송이 빨라서 좋고 마우스도 너무 좋아용 게이밍 마우스로 적극추천
27947183,https://prod.danawa.com/info/?pcode=27947183&cate=112787,로지텍 G502 X PLUS + 호환 충전 독 (정품),로지텍,228990,D_metadata_only,40,131.4,,79.2,,HERO 25,,25,40,,기계식,유선,,,Y,,Y,오른손잡이용,,,,,N,,N,,N,,,
71777171,https://prod.danawa.com/info/?pcode=71777171&cate=112787,WLmouse Sword X 8K 유무선,WLmouse,229000,D_metadata_only,,123,,42,,PAW-3950HS,,3950,,,OMRON 스위치,유선,,,,,N,오른손잡이용,,,,,N,,N,,N,,,
8176444,https://prod.danawa.com/info/?pcode=8176444&cate=112787,CORSAIR NIGHTSWORD RGB,CORSAIR,229405,B_detail_only,119,129,86,43.8,PTFE,PMW-3391,18000,,,1000,광학,유선,1000,,,10,Y,,,,,,Y,,N,옴론,Y,,에르고,
77855519,https://prod.danawa.com/info/?pcode=77855519&cate=112787,Razer Viper V3 Pro Faker Edition,Razer,230000,C_reviews_only,,127.1,,39.9,,"39.9mm
-",,,70,,기계식,,,,Y,,N,오른손잡이용,5,6,경량,,N,,N,Razer,N,,,"[긍정] 제가 원래 가벼운 마우스를 안 좋아하는데 이건 클라스…! 가벼운 마우스는 포인트가 흔들리기 마련인데, 전혀없습니다. 그냥 쓰세여. 갓페이커. 노트북 및 데탑 자주 와따리 갔다리해서 마우스 파우치있는 것도 좋습네다."
106701776,https://prod.danawa.com/info/?pcode=106701776&cate=112787,Pulsar eS FS-1 무선,Pulsar,230000,B_detail_only,56,124,,37,,,32000,750,,8000,광학,무선,1000,USB-C,Y,,Y,양손,,,,,N,,N,TTC,N,"팜그립,클로그립",대칭형,
20769455,https://prod.danawa.com/info/?pcode=20769455&cate=112787,로지텍 MX MASTER 3 light pack (정품),로지텍,240000,D_metadata_only,,125,,51,,다크필드,,,,,기계식,무선,,,Y,,N,오른손잡이용,,,,,N,,N,,N,,,
104988224,https://prod.danawa.com/info/?pcode=104988224&cate=112787,로지텍 PRO X SUPERLIGHT 2c + 호환 충전 독,로지텍,248900,D_metadata_only,88,118.4,,38.6,UPE,MR,,,88,,하이브리드,무선,,,Y,,N,오른손잡이용,,,,,N,,N,LIGHTFORCE,N,,,
70255292,https://prod.danawa.com/info/?pcode=70255292&cate=112787,BenQ ZOWIE FK2-DW 무선,BenQ,249000,A_complete,65,125.1,,36.4,,PAW3950,1600,125,,4000,기계식,유선,1000,USB-C,Y,,Y,양손,5,4,배터리,,N,,N,,Y,,대칭형,[긍정] 잠깐 사용해봣는데 반속이 좋네요 고장안나고 오래썻음 좋겟네요
90115613,https://prod.danawa.com/info/?pcode=90115613&cate=112787,BenQ ZOWIE EC-DW 무선,BenQ,249000,A_complete,79,123,,42.1,,-6,1600,42,,4000,기계식,"유선,2.4GHz무선",1000,USB-C,Y,,Y,오른손잡이용,5,2,,,N,,N,,N,"클로그립,핑거그립","대칭형,에르고",[긍정] 마우스를 뭘 그리 비싸게...하다가 써보니 좋네요. 편해요
68440448,https://prod.danawa.com/info/?pcode=68440448&cate=112787,Razer Basilisk V3 Pro 35K (정품),Razer,249000,D_metadata_only,,130,,42.5,,Qi,,35,70,,기계식,유선,,,Y,,N,오른손잡이용,,19,,,N,,N,Razer,Y,,,
78983114,https://prod.danawa.com/info/?pcode=78983114&cate=112787,BenQ ZOWIE U2-DW 무선,BenQ,249000,B_detail_only,60,123.3,,38.1,,"123.3mm
- DPI",1600,,,4000,기계식,유선,1000,USB-C,Y,,Y,오른손잡이용,,,,,N,,N,,N,"클로그립,핑거그립","대칭형,에르고",
71903774,https://prod.danawa.com/info/?pcode=71903774&cate=112787,BenQ ZOWIE ZA13-DW 유무선,BenQ,249000,B_detail_only,65,121.7,,40.2,,PAW-3950,1600,,,4000,기계식,유선,1000,USB-C,Y,,Y,양손,,,,,N,,N,,N,,대칭형,
71903726,https://prod.danawa.com/info/?pcode=71903726&cate=112787,BenQ ZOWIE S2-DW 유무선,BenQ,249000,B_detail_only,65,120,,38.1,,PAW-3950,1600,38,,4000,기계식,유선,1000,USB-C,Y,,Y,오른손잡이용,,,,,N,,N,,Y,,대칭형,
55465412,https://prod.danawa.com/info/?pcode=55465412&cate=112787,Razer Cobra Pro White 유무선 무선 충전 팩,Razer,249000,B_detail_only,77,119.6,62.5,38.1,PTFE,Focus Pro 30K,,38,70,1000,광학,"유선,블루투스",1000,USB-C,Y,7,Y,오른손잡이용,,,,,Y,화이트,N,Razer광학,N,"팜그립,클로그립,핑거그립",대칭형,
95520071,https://prod.danawa.com/info/?pcode=95520071&cate=112787,Razer Basilisk V3 Pro 35K 팬텀 그린,Razer,249000,C_reviews_only,70,130,,42.5,,Focus Pro 35K,,130,70,,Razer 스위치,유선,,,Y,,N,오른손잡이용,5,1,,,N,그린,N,Razer,N,,,"[긍정] 빠른 배송 너무 감사드립니다.기존에 쓰던 얼티메이트가 고장이 나는 바람에 구매했는데, 너무 마음에 드네요.새롭게 적용된 휠도 너무 마음에 듭니다.만듦새가 로지텍보다 훨씬 좋네요."
108458396,https://prod.danawa.com/info/?pcode=108458396&cate=112787&adinflow=Y,Razer Viper V4 Pro (화이트),Razer,249900,C_reviews_only,,127.1,,39.9,,,,930,,,,유선,,,Y,,Y,오른손잡이용,4.92,72,"클릭감,손목편안함,가성비",,N,화이트,N,Razer,N,,,[긍정] 저는 평균 손크기인데(손목에서 중지 끝까지 18cm) 여러 게이밍 마우스들 중 큰편에 속하는 바브사가 잘 맞을지 크게 느껴질지 걱정이 됐었는데 괜한 걱정이었습니다. 사용해보면 단단하고 코팅도 고급지고 클릭도 가볍고 정말 좋습니다. 굳이 아쉬운 점을 말하자면 클릭음이 꽤 큰 편이고 가격이 꽤 부담된다는거지만 제게는 그 값어치를 하는 물건이라 매우 만족합니다.
108448754,https://prod.danawa.com/info/?pcode=108448754&cate=112787,Razer Viper V4 Pro 해외구매,Razer,250400,D_metadata_only,,127.1,,39.9,,,,39,,,,유선,,,Y,,N,오른손잡이용,,,,,N,,N,Razer,Y,,,
122617679,https://prod.danawa.com/info/?pcode=122617679&cate=112787,WLmouse Huan 유무선 한정판,WLmouse,259000,D_metadata_only,,116,,38,,PAW-3950HS,,,,,기계식,유선,,,Y,,N,오른손잡이용,,,,,N,,N,옴론,Y,,,
18369821,https://prod.danawa.com/info/?pcode=18369821&cate=112787,Razer Naga V2 Pro,Razer,269000,B_detail_only,134,119.5,,43.5,PTFE,Focus Pro 30K,,43,,,광학,"유선,2.4GHz무선,블루투스",300,USB-C,Y,,N,오른손잡이용,,2,,,Y,,N,Razer,N,,대칭형,
107983454,https://prod.danawa.com/info/?pcode=107983454&cate=112787,로지텍 PRO X2 SUPERSTRIKE,로지텍,269630,A_complete,61,125,,40,UPE,HERO 2,44000,888,88,8000,기계식,"2.4GHz무선,블루투스",1000,USB-C,Y,5,Y,,5,3,,,N,,N,,Y,,,[긍정] 배송 받았습니다 감사합니다
103517387,https://prod.danawa.com/info/?pcode=103517387&cate=112787&adinflow=Y,CORSAIR 세이버 v2 PRO CF 무선 게이밍,CORSAIR,274050,B_detail_only,55,122.9,64.1,38.8,UPE,MARKSMAN S,33000,750,50,8000,기계식,"유선,2.4GHz무선,블루투스",170,USB-C,Y,6,Y,오른손잡이용,,36,,,N,,N,,N,,"대칭형,유니바디",
106728761,https://prod.danawa.com/info/?pcode=106728761&cate=112787,Razer Viper V3 Pro EVANGELION Edition,Razer,278000,D_metadata_only,70,127.1,,39.9,,Focus Pro 35K,,,70,,기계식,,,,Y,,N,,,,,,N,,N,Razer,N,,,
17766878,https://prod.danawa.com/info/?pcode=17766878&cate=112787,Razer Basilisk V3 Pro 무선 충전 팩,Razer,289000,A_complete,112,130.4,,42.8,,Focus Pro 30K,,,70,4000,광학,"유선,2.4GHz무선,블루투스",1000,USB-C,Y,,Y,오른손잡이용,5,1,,,Y,,N,Razer광학,Y,,에르고,[긍정] 비싸지만 가볍네요 ㅋㅋㅋㅋ레이져 갬성
106757663,https://prod.danawa.com/info/?pcode=106757663&cate=112787,Razer DeathAdder V4 Pro Niko Edition,Razer,289000,B_detail_only,56,128,,44,PTFE,Focus Pro 45K,45000,900,,8000,광학,유선,500,USB-C,Y,8,Y,오른손잡이용,,,,,N,,N,Razer광학,N,,에르고,
18369824,https://prod.danawa.com/info/?pcode=18369824&cate=112787,Razer Naga V2 Pro 무선 충전 팩,Razer,299000,B_detail_only,134,119.5,,43.5,PTFE,Focus Pro 30K,,,,1000,광학,"유선,2.4GHz무선,블루투스",1000,USB-C,Y,3,Y,오른손잡이용,,2,,,Y,,N,Razer,N,,,
5339683,https://prod.danawa.com/info/?pcode=5339683&cate=112787,로지텍 G900 CHAOS SPECTRUM,로지텍,299000,D_metadata_only,,130,,40,,PMW-3366,,3366,,,기계식,유선,,,Y,,Y,오른손잡이용,,,,,N,,N,,Y,,,
106044509,https://prod.danawa.com/info/?pcode=106044509&cate=112787,ASUS ROG HARPE ACE EXTREME 유무선 대원씨티에스,ASUS,307120,B_detail_only,47,127.5,,39.6,PTFE,"39.6mm
-",42000,750,50,8000,기계식,"유선,2.4GHz무선,블루투스",114,USB-C,Y,,Y,,,,,,Y,,N,TTC,Y,,에르고,
55451597,https://prod.danawa.com/info/?pcode=55451597&cate=112787,ASUS ROG KERIS II ACE,ASUS,307400,B_detail_only,57,121,,42,PTFE,ROG AIMPOINT PRO,42000,750,50,8000,광학,"유선,2.4GHz무선,블루투스",618,,Y,,Y,오른손잡이용,,,,,N,,N,,Y,"팜그립,클로그립,핑거그립",에르고,
108456821,https://prod.danawa.com/info/?pcode=108456821&cate=112787,Razer Viper V3 Pro + Gigantus V2 XXL EVANGELION Edition,Razer,348000,D_metadata_only,,127.1,,39.9,,Focus Pro 35K,,39,70,,,유선,,,Y,,N,오른손잡이용,,,,,N,,N,Razer,N,,,
29861807,https://prod.danawa.com/info/?pcode=29861807&cate=112787,로지텍 G PRO X SUPERLIGHT 2 + POWERPLAY,로지텍,352490,D_metadata_only,,125,,40,UPE,40mm,,,88,,하이브리드,,,,Y,,N,오른손잡이용,,,,,N,,N,LIGHTFORCE,N,,,
90112010,https://prod.danawa.com/info/?pcode=90112010&cate=112787,로지텍 G502 X PLUS + POWERPLAY 2,로지텍,357990,D_metadata_only,40,131.4,,79.2,,"79.2mm
- DPI",,40,40,,하이브리드,유선+무선,,,Y,,N,,,,,,N,,N,LIGHTFORCE,N,,,
8086405,https://prod.danawa.com/info/?pcode=8086405&cate=112787,로지텍 G502 LIGHTSPEED WIRELESS + POWERPLAY (정품),로지텍,358000,C_reviews_only,40,132,,40,,HERO 25K,,,40,,,2.4GHz무선,,,Y,,N,오른손잡이용,3,2,,마우스왼쪽버튼 반응이 없습니다 너무실망합니다반품 복잡하니까 로지텍 대리점가서 바꿨어요차비아깝다ㅠㅠ,N,,N,,N,,,[긍정] 빠른배송 감사합니다^^ [부정] 마우스왼쪽버튼 반응이 없습니다 너무실망합니다반품 복잡하니까 로지텍 대리점가서 바꿨어요차비아깝다ㅠㅠ
90111992,https://prod.danawa.com/info/?pcode=90111992&cate=112787,로지텍 G502 X PLUS + POWERPLAY,로지텍,378000,D_metadata_only,,131.4,,79.2,,MR,,79,40,,하이브리드,유선+무선,,,Y,,N,오른손잡이용,,,,,N,,N,LIGHTFORCE,N,,,
6946822,https://prod.danawa.com/info/?pcode=6946822&cate=112787,로지텍 G PRO HERO,로지텍,418000,A_complete,85,117,,38,UPE,HERO 25,1000,100,,,기계식,"유선,2.4GHz무선,블루투스",,,Y,5,Y,오른손잡이용,5,6,가성비,,Y,,N,,Y,,,[긍정] 믿고 계속 구매하는 제품입니다 평범한 외형이지만 믿음직스럽고 반응이 좋습니다
100452428,https://prod.danawa.com/info/?pcode=100452428&cate=112787,로지텍 PRO X SUPERLIGHT 2c + PRO X 2 무선 마우스 헤드셋 세트,로지텍,495580,D_metadata_only,88,118.4,,38.6,UPE,HERO 2,,,88,,하이브리드,무선,,,Y,,N,오른손잡이용,,,,,N,,N,LIGHTFORCE,N,,,
100452569,https://prod.danawa.com/info/?pcode=100452569&cate=112787,로지텍 G PRO X SUPERLIGHT 2 + PRO X 2 무선 마우스 헤드셋 세트,로지텍,495580,D_metadata_only,,125,,40,UPE,HERO 2,,125,88,,기계식,유선+무선,,,Y,,N,,,,,,N,,N,,N,,,
11934223,https://prod.danawa.com/info/?pcode=11934223&cate=112787,MadCatz R.A.T PRO X3 Supreme,MadCatz,511300,B_detail_only,105,,,,PTFE,PIXART PMW,16000,105,50,1000,기계식,유선,1000,,,,N,오른손잡이용,,1,,,Y,,N,옴론,Y,,에르고,
33992549,https://prod.danawa.com/info/?pcode=33992549&cate=112787,Razer Viper Mini SIGNATURE EDITION,Razer,632000,D_metadata_only,,119,,39,,Focus Pro 30K,,,,8000,기계식,유선,,,Y,,N,오른손잡이용,,,,,N,,N,Razer,N,,,
2695123,https://prod.danawa.com/info/?pcode=2695123&cate=112787,로지텍 B100,로지텍,635390,C_reviews_only,,,,,,,,,,,,유선,,,,,N,,4,1,,,N,,N,,N,,,[긍정] 빠르게 잘 받았습니다.
4998340,https://prod.danawa.com/info/?pcode=4998340&cate=112787,지클릭커 G-Clicker GM-W810 무소음 인체공학 버티컬 무선 마우스,지클릭커,907600,D_metadata_only,,100,,70,,,,70,,,기계식,무선,,,,,N,오른손잡이용,,1,,,N,,Y,,N,,에르고,
